"I:/FINAL/Paradise.uproject" 1
"I:/FINAL/Binaries/Win64/UnrealEditor.modules" 2
"../../../Engine/Plugins/AudioGameplay/AudioGameplay.uplugin" 3
"../../../Engine/Plugins/AudioGameplayVolume/AudioGameplayVolume.uplugin" 4
"../../../Engine/Plugins/AudioInsights/AudioInsights.uplugin" 5
"../../../Engine/Plugins/Bridge/Bridge.uplugin" 6
"../../../Engine/Plugins/BlueprintFileUtils/BlueprintFileUtils.uplugin" 7
"../../../Engine/Plugins/ChaosCloth/ChaosCloth.uplugin" 8
"../../../Engine/Plugins/ChaosClothAsset/ChaosClothAsset.uplugin" 9
"../../../Engine/Plugins/ChaosVD/ChaosVD.uplugin" 10
"../../../Engine/Plugins/ChaosClothAssetEditor/ChaosClothAssetEditor.uplugin" 11
"../../../Engine/Plugins/CmdLinkServer/CmdLinkServer.uplugin" 12
"../../../Engine/Plugins/DiscoveryBeaconReceiver/DiscoveryBeaconReceiver.uplugin" 13
"../../../Engine/Plugins/Chooser/Chooser.uplugin" 14
"../../../Engine/Plugins/EnhancedInput/EnhancedInput.uplugin" 15
"../../../Engine/Plugins/MemoryUsageQueries/MemoryUsageQueries.uplugin" 16
"../../../Engine/Plugins/Fab/Fab.uplugin" 17
"../../../Engine/Plugins/MeshPainting/MeshPainting.uplugin" 18
"../../../Engine/Plugins/Mutable/Mutable.uplugin" 19
"../../../Engine/Plugins/JsonBlueprintUtilities/JsonBlueprintUtilities.uplugin" 20
"../../../Engine/Plugins/LightWeightInstancesEditor/LightWeightInstancesEditor.uplugin" 21
"../../../Engine/Plugins/PCG/PCG.uplugin" 22
"../../../Engine/Plugins/RenderGraphInsights/RenderGraphInsights.uplugin" 23
"../../../Engine/Plugins/ScriptPlugin/ScriptPlugin.uplugin" 24
"../../../Engine/Plugins/TraceUtilities/TraceUtilities.uplugin" 25
"../../../Engine/Plugins/UbaController/UbaController.uplugin" 26
"../../../Engine/Plugins/WorldMetrics/WorldMetrics.uplugin" 27
"../../../Engine/Plugins/Animation/AnimationData/AnimationData.uplugin" 28
"../../../Engine/Plugins/Animation/ACLPlugin/ACLPlugin.uplugin" 29
"../../../Engine/Plugins/XGEController/XGEController.uplugin" 30
"../../../Engine/Plugins/Animation/AnimationLocomotionLibrary/AnimationLocomotionLibrary.uplugin" 31
"../../../Engine/Plugins/Animation/AnimationModifierLibrary/AnimationModifierLibrary.uplugin" 32
"../../../Engine/Plugins/Animation/AnimationWarping/AnimationWarping.uplugin" 33
"../../../Engine/Plugins/Animation/AnimatorKit/AnimatorKit.uplugin" 34
"../../../Engine/Plugins/Animation/BlendSpaceMotionAnalysis/BlendSpaceMotionAnalysis.uplugin" 35
"../../../Engine/Plugins/Animation/BlendStack/BlendStack.uplugin" 36
"../../../Engine/Plugins/Animation/ControlRig/ControlRig.uplugin" 37
"../../../Engine/Plugins/Animation/DeformerGraph/DeformerGraph.uplugin" 38
"../../../Engine/Plugins/Animation/ControlRigModules/ControlRigModules.uplugin" 39
"../../../Engine/Plugins/Animation/ControlRigSpline/ControlRigSpline.uplugin" 40
"../../../Engine/Plugins/Animation/IKRig/IKRig.uplugin" 41
"../../../Engine/Plugins/FastBuildController/FastBuildController.uplugin" 42
"../../../Engine/Plugins/Animation/LiveLinkCurveDebugUI/LiveLinkCurveDebugUI.uplugin" 43
"../../../Engine/Plugins/Animation/GameplayInsights/GameplayInsights.uplugin" 44
"../../../Engine/Plugins/Animation/LiveLinkHub/LiveLinkHub.uplugin" 45
"../../../Engine/Plugins/Animation/LiveLink/LiveLink.uplugin" 46
"../../../Engine/Plugins/Animation/MotionWarping/MotionWarping.uplugin" 47
"../../../Engine/Plugins/Animation/PerformanceCaptureCore/PerformanceCaptureCore.uplugin" 48
"../../../Engine/Plugins/Animation/PoseSearch/PoseSearch.uplugin" 49
"../../../Engine/Plugins/Compositing/Composure/Composure.uplugin" 50
"../../../Engine/Plugins/Animation/RigLogic/RigLogic.uplugin" 51
"../../../Engine/Plugins/Compositing/LensDistortion/LensDistortion.uplugin" 52
"../../../Engine/Plugins/Developer/AnimationSharing/AnimationSharing.uplugin" 53
"../../../Engine/Plugins/Compositing/OpenColorIO/OpenColorIO.uplugin" 54
"../../../Engine/Plugins/Developer/BlankPlugin/BlankPlugin.uplugin" 55
"../../../Engine/Plugins/Compositing/OpenCVLensDistortion/OpenCVLensDistortion.uplugin" 56
"../../../Engine/Plugins/Developer/CLionSourceCodeAccess/CLionSourceCodeAccess.uplugin" 57
"../../../Engine/Plugins/Developer/CodeLiteSourceCodeAccess/CodeLiteSourceCodeAccess.uplugin" 58
"../../../Engine/Plugins/Developer/N10XSourceCodeAccess/N10XSourceCodeAccess.uplugin" 59
"../../../Engine/Plugins/Developer/OneSkyLocalizationService/OneSkyLocalizationService.uplugin" 60
"../../../Engine/Plugins/Developer/NullSourceCodeAccess/NullSourceCodeAccess.uplugin" 61
"../../../Engine/Plugins/Developer/PlasticSourceControl/PlasticSourceControl.uplugin" 62
"../../../Engine/Plugins/Developer/PixWinPlugin/PixWinPlugin.uplugin" 63
"../../../Engine/Plugins/Developer/FieldNotificationTrace/FieldNotificationTrace.uplugin" 64
"../../../Engine/Plugins/Developer/GitSourceControl/GitSourceControl.uplugin" 65
"../../../Engine/Plugins/Developer/KDevelopSourceCodeAccess/KDevelopSourceCodeAccess.uplugin" 66
"../../../Engine/Plugins/Developer/PerforceSourceControl/PerforceSourceControl.uplugin" 67
"../../../Engine/Plugins/Developer/PluginUtils/PluginUtils.uplugin" 68
"../../../Engine/Plugins/Developer/DumpGPUServices/DumpGPUServices.uplugin" 69
"../../../Engine/Plugins/Developer/PropertyAccessNode/PropertyAccessNode.uplugin" 70
"../../../Engine/Plugins/Developer/RenderDocPlugin/RenderDocPlugin.uplugin" 71
"../../../Engine/Plugins/Developer/RiderSourceCodeAccess/RiderSourceCodeAccess.uplugin" 72
"../../../Engine/Plugins/Developer/SubversionSourceControl/SubversionSourceControl.uplugin" 73
"../../../Engine/Plugins/Developer/TextureFormatOodle/TextureFormatOodle.uplugin" 74
"../../../Engine/Plugins/Developer/UObjectPlugin/UObjectPlugin.uplugin" 75
"../../../Engine/Plugins/Developer/TraceSourceFiltering/TraceSourceFilters.uplugin" 76
"../../../Engine/Plugins/Developer/TraceDataFiltering/TraceDataFilters.uplugin" 77
"../../../Engine/Plugins/Developer/XcodeGPUDebuggerPlugin/XcodeGPUDebuggerPlugin.uplugin" 78
"../../../Engine/Plugins/Developer/VisualStudioCodeSourceCodeAccess/VisualStudioCodeSourceCodeAccess.uplugin" 79
"../../../Engine/Plugins/Developer/XCodeSourceCodeAccess/XCodeSourceCodeAccess.uplugin" 80
"../../../Engine/Plugins/Developer/VisualStudioSourceCodeAccess/VisualStudioSourceCodeAccess.uplugin" 81
"../../../Engine/Plugins/Experimental/ActorModifierCore/ActorModifierCore.uplugin" 82
"../../../Engine/Plugins/Experimental/AbilitySystemGameFeatureActions/AbilitySystemGameFeatureActions.uplugin" 83
"../../../Engine/Plugins/Experimental/AdvancedRenamer/AdvancedRenamer.uplugin" 84
"../../../Engine/Plugins/Experimental/ActorPalette/ActorPalette.uplugin" 85
"../../../Engine/Plugins/Experimental/AnimNext/AnimNext.uplugin" 86
"../../../Engine/Plugins/Experimental/AnimNextAnimGraph/AnimNextAnimGraph.uplugin" 87
"../../../Engine/Plugins/Experimental/AnimNextChooser/AnimNextChooser.uplugin" 88
"../../../Engine/Plugins/Experimental/AnimNextStateTree/AnimNextStateTree.uplugin" 89
"../../../Engine/Plugins/Experimental/AnimToTexture/AnimToTexture.uplugin" 90
"../../../Engine/Plugins/Experimental/AppleVision/AppleVision.uplugin" 91
"../../../Engine/Plugins/Experimental/Avalanche/Avalanche.uplugin" 92
"../../../Engine/Plugins/Experimental/AutomationUtils/AutomationUtils.uplugin" 93
"../../../Engine/Plugins/Experimental/AvalancheDisplayCluster/AvalancheDisplayCluster.uplugin" 94
"../../../Engine/Plugins/Experimental/BackChannel/BackChannel.uplugin" 95
"../../../Engine/Plugins/Experimental/BlueprintSnapNodes/BlueprintSnapNodes.uplugin" 96
"../../../Engine/Plugins/Experimental/BlueprintStats/BlueprintStats.uplugin" 97
"../../../Engine/Plugins/Experimental/Buoyancy/Buoyancy.uplugin" 98
"../../../Engine/Plugins/Experimental/ChaosCaching/ChaosCaching.uplugin" 99
"../../../Engine/Plugins/Experimental/ChaosCachingUSD/ChaosCachingUSD.uplugin" 100
"../../../Engine/Plugins/Experimental/ChaosEditor/ChaosEditor.uplugin" 101
"../../../Engine/Plugins/Experimental/ChaosModularVehicle/ChaosModularVehicle.uplugin" 102
"../../../Engine/Plugins/Experimental/ChaosFlesh/ChaosFlesh.uplugin" 103
"../../../Engine/Plugins/Experimental/ChaosModularVehicleExamples/ChaosModularVehicleExamples.uplugin" 104
"../../../Engine/Plugins/Experimental/ChaosNiagara/ChaosNiagara.uplugin" 105
"../../../Engine/Plugins/Experimental/ChaosClothEditor/ChaosClothEditor.uplugin" 106
"../../../Engine/Plugins/Experimental/ChaosSolverPlugin/ChaosSolverPlugin.uplugin" 107
"../../../Engine/Plugins/Experimental/ChaosUserDataPT/ChaosUserDataPT.uplugin" 108
"../../../Engine/Plugins/Experimental/ChaosVehiclesPlugin/ChaosVehiclesPlugin.uplugin" 109
"../../../Engine/Plugins/Experimental/CharacterAI/CharacterAI.uplugin" 110
"../../../Engine/Plugins/Experimental/CineCameraSceneCapture/CineCameraSceneCapture.uplugin" 111
"../../../Engine/Plugins/Experimental/CinematicPrestreaming/CinematicPrestreaming.uplugin" 112
"../../../Engine/Plugins/Experimental/CineCameraRigs/CineCameraRigs.uplugin" 113
"../../../Engine/Plugins/Experimental/ClonerEffector/ClonerEffector.uplugin" 114
"../../../Engine/Plugins/Experimental/ControlFlows/ControlFlows.uplugin" 115
"../../../Engine/Plugins/Experimental/ColorCorrectRegions/ColorCorrectRegions.uplugin" 116
"../../../Engine/Plugins/Experimental/CustomDetailsView/CustomDetailsView.uplugin" 117
"../../../Engine/Plugins/Experimental/Dataflow/Dataflow.uplugin" 118
"../../../Engine/Plugins/Experimental/DaySequence/DaySequence.uplugin" 119
"../../../Engine/Plugins/Experimental/CodeEditor/CodeEditor.uplugin" 120
"../../../Engine/Plugins/Experimental/DynamicMaterial/DynamicMaterial.uplugin" 121
"../../../Engine/Plugins/Experimental/CodeView/CodeView.uplugin" 122
"../../../Engine/Plugins/Experimental/DefaultInstallBundleManager/DefaultInstallBundleManager.uplugin" 123
"../../../Engine/Plugins/Experimental/CommonConversation/CommonConversation.uplugin" 124
"../../../Engine/Plugins/Experimental/EditorDataStorage/EditorDataStorage.uplugin" 125
"../../../Engine/Plugins/Experimental/EditorDataStorageFeatures/EditorDataStorageFeatures.uplugin" 126
"../../../Engine/Plugins/Experimental/EditorPerformance/EditorPerformance.uplugin" 127
"../../../Engine/Plugins/Experimental/FloatingProperties/FloatingProperties.uplugin" 128
"../../../Engine/Plugins/Experimental/EditorTelemetry/EditorTelemetry.uplugin" 129
"../../../Engine/Plugins/Experimental/Fracture/Fracture.uplugin" 130
"../../../Engine/Plugins/Experimental/FieldSystemPlugin/FieldSystemPlugin.uplugin" 131
"../../../Engine/Plugins/Experimental/FullBodyIK/FullBodyIK.uplugin" 132
"../../../Engine/Plugins/Experimental/GameInputWindows/GameInputWindows.uplugin" 133
"../../../Engine/Plugins/Experimental/GameplayBehaviors/GameplayBehaviors.uplugin" 134
"../../../Engine/Plugins/Experimental/GameplayGraph/GameplayGraph.uplugin" 135
"../../../Engine/Plugins/Experimental/GameplayTargetingSystem/TargetingSystem.uplugin" 136
"../../../Engine/Plugins/Experimental/Gauntlet/Gauntlet.uplugin" 137
"../../../Engine/Plugins/Experimental/GeometryCacheAbcFile/GeometryCacheAbcFile.uplugin" 138
"../../../Engine/Plugins/Experimental/GeometryFlow/GeometryFlow.uplugin" 139
"../../../Engine/Plugins/Experimental/GeometryCollectionPlugin/GeometryCollectionPlugin.uplugin" 140
"../../../Engine/Plugins/Experimental/GeometryMask/GeometryMask.uplugin" 141
"../../../Engine/Plugins/Experimental/GizmoEdMode/GizmoEdMode.uplugin" 142
"../../../Engine/Plugins/Experimental/GizmoFramework/GizmoFramework.uplugin" 143
"../../../Engine/Plugins/Experimental/GPULightmass/GPULightmass.uplugin" 144
"../../../Engine/Plugins/Experimental/HairCardGenerator/HairCardGenerator.uplugin" 145
"../../../Engine/Plugins/Experimental/HairModelingToolset/HairModelingToolset.uplugin" 146
"../../../Engine/Plugins/Experimental/HairStrandsMutable/HairStrandsMutable.uplugin" 147
"../../../Engine/Plugins/Experimental/ImagePlate/ImagePlate.uplugin" 148
"../../../Engine/Plugins/Experimental/ImageWidgets/ImageWidgets.uplugin" 149
"../../../Engine/Plugins/Experimental/InlineMaterialInstance/InlineMaterialInstance.uplugin" 150
"../../../Engine/Plugins/Experimental/ImpostorBaker/ImpostorBaker.uplugin" 151
"../../../Engine/Plugins/Experimental/InstanceDataObjectFixupTool/InstanceDataObjectFixupTool.uplugin" 152
"../../../Engine/Plugins/Experimental/Iris/Iris.uplugin" 153
"../../../Engine/Plugins/Experimental/JWT/JWT.uplugin" 154
"../../../Engine/Plugins/Experimental/Landmass/Landmass.uplugin" 155
"../../../Engine/Plugins/Experimental/LearningAgents/LearningAgents.uplugin" 156
"../../../Engine/Plugins/Experimental/LiveLinkFaceImporter/LiveLinkFaceImporter.uplugin" 157
"../../../Engine/Plugins/Experimental/LiveLinkOpenVR/LiveLinkOpenVR.uplugin" 158
"../../../Engine/Plugins/Experimental/LocalizableMessage/LocalizableMessage.uplugin" 159
"../../../Engine/Plugins/Experimental/LiveLinkControlRig/LiveLinkControlRig.uplugin" 160
"../../../Engine/Plugins/Experimental/LandscapePatch/LandscapePatch.uplugin" 161
"../../../Engine/Plugins/Experimental/LowLevelNetTrace/LowLevelNetTrace.uplugin" 162
"../../../Engine/Plugins/Experimental/MeshModelingToolsetExp/MeshModelingToolsetExp.uplugin" 163
"../../../Engine/Plugins/Experimental/MotorSimOutputMotoSynth/MotorSimOutputMotoSynth.uplugin" 164
"../../../Engine/Plugins/Experimental/MotoSynth/MotoSynth.uplugin" 165
"../../../Engine/Plugins/Experimental/Mover/Mover.uplugin" 166
"../../../Engine/Plugins/Experimental/MoverExamples/MoverExamples.uplugin" 167
"../../../Engine/Plugins/Experimental/MutablePopulation/MutablePopulation.uplugin" 168
"../../../Engine/Plugins/Experimental/MoverTests/MoverTests.uplugin" 169
"../../../Engine/Plugins/Experimental/NaniteDisplacedMesh/NaniteDisplacedMesh.uplugin" 170
"../../../Engine/Plugins/Experimental/NeuralRendering/NeuralRendering.uplugin" 171
"../../../Engine/Plugins/Experimental/NFORDenoise/NFORDenoise.uplugin" 172
"../../../Engine/Plugins/Experimental/NNERuntimeIREE/NNERuntimeIREE.uplugin" 173
"../../../Engine/Plugins/Experimental/NNERuntimeRDG/NNERuntimeRDG.uplugin" 174
"../../../Engine/Plugins/Experimental/OpenImageDenoise/OpenImageDenoise.uplugin" 175
"../../../Engine/Plugins/Experimental/NNERuntimeBasicCpu/NNERuntimeBasicCpu.uplugin" 176
"../../../Engine/Plugins/Experimental/OperatorStack/OperatorStack.uplugin" 177
"../../../Engine/Plugins/Experimental/OptiXDenoise/OptiXDenoise.uplugin" 178
"../../../Engine/Plugins/Experimental/PanoramicCapture/PanoramicCapture.uplugin" 179
"../../../Engine/Plugins/Experimental/PCGBiomeCore/PCGBiomeCore.uplugin" 180
"../../../Engine/Plugins/Experimental/PCGBiomeSample/PCGBiomeSample.uplugin" 181
"../../../Engine/Plugins/Experimental/PixelStreamingPlayer/PixelStreamingPlayer.uplugin" 182
"../../../Engine/Plugins/Experimental/PlainProps/PlainProps.uplugin" 183
"../../../Engine/Plugins/Experimental/PhysicsControl/PhysicsControl.uplugin" 184
"../../../Engine/Plugins/Experimental/PlanarCutPlugin/PlanarCut.uplugin" 185
"../../../Engine/Plugins/Experimental/PlatformCrypto/PlatformCrypto.uplugin" 186
"../../../Engine/Plugins/Experimental/PluginAudit/PluginAudit.uplugin" 187
"../../../Engine/Plugins/Experimental/PluginReferenceViewer/PluginReferenceViewer.uplugin" 188
"../../../Engine/Plugins/Experimental/PluginTemplateTool/PluginTemplateTool.uplugin" 189
"../../../Engine/Plugins/Experimental/PostProcessMaterialChainGraph/PostProcessMaterialChainGraph.uplugin" 190
"../../../Engine/Plugins/Experimental/PropertyAnimatorCore/PropertyAnimatorCore.uplugin" 191
"../../../Engine/Plugins/Experimental/PropertyAnimator/PropertyAnimator.uplugin" 192
"../../../Engine/Plugins/Experimental/PythonFoundationPackages/PythonFoundationPackages.uplugin" 193
"../../../Engine/Plugins/Experimental/QuicMessaging/QuicMessaging.uplugin" 194
"../../../Engine/Plugins/Experimental/RawInput/RawInput.uplugin" 195
"../../../Engine/Plugins/Experimental/PythonScriptPlugin/PythonScriptPlugin.uplugin" 196
"../../../Engine/Plugins/Experimental/RazerChromaDevices/RazerChromaDevices.uplugin" 197
"../../../Engine/Plugins/Experimental/RemoteControlComponents/RemoteControlComponents.uplugin" 198
"../../../Engine/Plugins/Experimental/RigLogicAnimNext/RigLogicAnimNext.uplugin" 199
"../../../Engine/Plugins/Experimental/RenderGrid/RenderGrid.uplugin" 200
"../../../Engine/Plugins/Experimental/RemoteSession/RemoteSession.uplugin" 201
"../../../Engine/Plugins/Experimental/RigLogicMutable/RigLogicMutable.uplugin" 202
"../../../Engine/Plugins/Experimental/ScreenReader/ScreenReader.uplugin" 203
"../../../Engine/Plugins/Experimental/SerializationUtils/SerializationUtils.uplugin" 204
"../../../Engine/Plugins/Experimental/SlateModelViewViewModel/SlateModelViewViewModel.uplugin" 205
"../../../Engine/Plugins/Experimental/SecuritySandbox/SecuritySandbox.uplugin" 206
"../../../Engine/Plugins/Experimental/SlateScreenReader/SlateScreenReader.uplugin" 207
"../../../Engine/Plugins/Experimental/Shotgrid/Shotgrid.uplugin" 208
"../../../Engine/Plugins/Experimental/StateGraph/StateGraph.uplugin" 209
"../../../Engine/Plugins/Experimental/SimpleHMD/SimpleHMD.uplugin" 210
"../../../Engine/Plugins/Experimental/StormSyncAvalancheBridge/StormSyncAvalancheBridge.uplugin" 211
"../../../Engine/Plugins/Experimental/SkeletalReduction/SkeletalReduction.uplugin" 212
"../../../Engine/Plugins/Experimental/StormSync/StormSync.uplugin" 213
"../../../Engine/Plugins/Experimental/StructUtils/StructUtils.uplugin" 214
"../../../Engine/Plugins/Experimental/StudioTelemetry/StudioTelemetry.uplugin" 215
"../../../Engine/Plugins/Experimental/SurfaceEffects/SurfaceEffects.uplugin" 216
"../../../Engine/Plugins/Experimental/SVGImporter/SVGImporter.uplugin" 217
"../../../Engine/Plugins/Experimental/TargetDeviceServicesScripting/TargetDeviceServicesScripting.uplugin" 218
"../../../Engine/Plugins/Experimental/TetMeshing/TetMeshing.uplugin" 219
"../../../Engine/Plugins/Experimental/TextToSpeech/TextToSpeech.uplugin" 220
"../../../Engine/Plugins/Experimental/TextureMediaPlayer/TextureMediaPlayer.uplugin" 221
"../../../Engine/Plugins/Experimental/Text3D/Text3D.uplugin" 222
"../../../Engine/Plugins/Experimental/TextureGraph/TextureGraph.uplugin" 223
"../../../Engine/Plugins/Experimental/ToolPresets/ToolPresets.uplugin" 224
"../../../Engine/Plugins/Experimental/UIFramework/UIFramework.uplugin" 225
"../../../Engine/Plugins/Experimental/UserToolBoxBasicCommand/UserToolBoxBasicCommand.uplugin" 226
"../../../Engine/Plugins/Experimental/UserToolBoxCore/UserToolBoxCore.uplugin" 227
"../../../Engine/Plugins/Experimental/VirtualHeightfieldMesh/VirtualHeightfieldMesh.uplugin" 228
"../../../Engine/Plugins/Experimental/VirtualProductionUtilities/VirtualProductionUtilities.uplugin" 229
"../../../Engine/Plugins/Experimental/Water/Water.uplugin" 230
"../../../Engine/Plugins/Experimental/Volumetrics/Volumetrics.uplugin" 231
"../../../Engine/Plugins/Experimental/WaterAdvanced/WaterAdvanced.uplugin" 232
"../../../Engine/Plugins/Experimental/WaterExtras/WaterExtras.uplugin" 233
"../../../Engine/Plugins/Experimental/WaveFunctionCollapse/WaveFunctionCollapse.uplugin" 234
"../../../Engine/Plugins/Experimental/WebSocketNetworking/WebSocketNetworking.uplugin" 235
"../../../Engine/Plugins/Experimental/WebSocketMessaging/WebSocketMessaging.uplugin" 236
"../../../Engine/Plugins/Experimental/WidgetEditorToolPalette/WidgetEditorToolPalette.uplugin" 237
"../../../Engine/Plugins/Experimental/Workspace/Workspace.uplugin" 238
"../../../Engine/Plugins/Interchange/Assets/InterchangeAssets.uplugin" 239
"../../../Engine/Plugins/Interchange/Runtime/Interchange.uplugin" 240
"../../../Engine/Plugins/Interchange/Editor/InterchangeEditor.uplugin" 241
"../../../Engine/Plugins/MovieScene/CustomizableSequencerTracks/CustomizableSequencerTracks.uplugin" 242
"../../../Engine/Plugins/NetcodeUnitTest/NUTUnrealEngine/NUTUnrealEngine.uplugin" 243
"../../../Engine/Plugins/Experimental/XRCreativeFramework/XRCreativeFramework.uplugin" 244
"../../../Engine/Plugins/MovieScene/TemplateSequence/TemplateSequence.uplugin" 245
"../../../Engine/Plugins/MovieScene/ActorSequence/ActorSequence.uplugin" 246
"../../../Engine/Plugins/MovieScene/MovieSceneTextTrack/MovieSceneTextTrack.uplugin" 247
"../../../Engine/Plugins/NetcodeUnitTest/NetcodeUnitTest/NetcodeUnitTest.uplugin" 248
"../../../Engine/Plugins/Online/EOSShared/EOSShared.uplugin" 249
"../../../Engine/Plugins/MovieScene/MoviePipelineMaskRenderPass/MoviePipelineMaskRenderPass.uplugin" 250
"../../../Engine/Plugins/MovieScene/LevelSequenceEditor/LevelSequenceEditor.uplugin" 251
"../../../Engine/Plugins/MovieScene/MovieRenderPipeline/MovieRenderPipeline.uplugin" 252
"../../../Engine/Plugins/Online/EOSOverlayInputProvider/EOSOverlayInputProvider.uplugin" 253
"../../../Engine/Plugins/MovieScene/ReplayTracks/ReplayTracks.uplugin" 254
"../../../Engine/Plugins/MovieScene/SequencerScripting/SequencerScripting.uplugin" 255
"../../../Engine/Plugins/Online/OnlineBase/OnlineBase.uplugin" 256
"../../../Engine/Plugins/Online/OnlineFramework/OnlineFramework.uplugin" 257
"../../../Engine/Plugins/Online/OnlineServicesEOS/OnlineServicesEOS.uplugin" 258
"../../../Engine/Plugins/Online/OnlineServices/OnlineServices.uplugin" 259
"../../../Engine/Plugins/Online/OnlineServicesEOSGS/OnlineServicesEOSGS.uplugin" 260
"../../../Engine/Plugins/Online/OnlineSubsystem/OnlineSubsystem.uplugin" 261
"../../../Engine/Plugins/Online/OnlineServicesNull/OnlineServicesNull.uplugin" 262
"../../../Engine/Plugins/Online/OnlineSubsystemAmazon/OnlineSubsystemAmazon.uplugin" 263
"../../../Engine/Plugins/Online/OnlineSubsystemEOS/OnlineSubsystemEOS.uplugin" 264
"../../../Engine/Plugins/Online/OnlineServicesOSSAdapter/OnlineServicesOSSAdapter.uplugin" 265
"../../../Engine/Plugins/Online/OnlineSubsystemApple/OnlineSubsystemApple.uplugin" 266
"../../../Engine/Plugins/Online/OnlineSubsystemFacebook/OnlineSubsystemFacebook.uplugin" 267
"../../../Engine/Plugins/Online/OnlineSubsystemNull/OnlineSubsystemNull.uplugin" 268
"../../../Engine/Plugins/Online/OnlineSubsystemGoogle/OnlineSubsystemGoogle.uplugin" 269
"../../../Engine/Plugins/Online/OnlineSubsystemUtils/OnlineSubsystemUtils.uplugin" 270
"../../../Engine/Plugins/Online/OnlineSubsystemTencent/OnlineSubsystemTencent.uplugin" 271
"../../../Engine/Plugins/Online/OnlineSubsystemSteam/OnlineSubsystemSteam.uplugin" 272
"../../../Engine/Plugins/Online/SocketSubsystemEOS/SocketSubsystemEOS.uplugin" 273
"../../../Engine/Plugins/PCGInterops/PCGExternalDataInterop/PCGExternalDataInterop.uplugin" 274
"../../../Engine/Plugins/Online/WebAuth/WebAuth.uplugin" 275
"../../../Engine/Plugins/PCGInterops/PCGGeometryScriptInterop/PCGGeometryScriptInterop.uplugin" 276
"../../../Engine/Plugins/Portal/LauncherChunkInstaller/LauncherChunkInstaller.uplugin" 277
"../../../Engine/Plugins/Tests/AutomationDriverTests/AutomationDriverTests.uplugin" 278
"../../../Engine/Plugins/Tests/CQTest/CQTest.uplugin" 279
"../../../Engine/Plugins/Tests/CQTestEnhancedInput/CQTestEnhancedInput.uplugin" 280
"../../../Engine/Plugins/Tests/EditorTests/EditorTests.uplugin" 281
"../../../Engine/Plugins/Tests/FbxAutomationTestBuilder/FbxAutomationTestBuilder.uplugin" 282
"../../../Engine/Plugins/Tests/FunctionalTestingEditor/FunctionalTestingEditor.uplugin" 283
"../../../Engine/Plugins/Tests/InterchangeTests/InterchangeTests.uplugin" 284
"../../../Engine/Plugins/Tests/RHITests/RHITests.uplugin" 285
"../../../Engine/Plugins/Tests/PythonAutomationTest/PythonAutomationTest.uplugin" 286
"../../../Engine/Plugins/Tests/TestFramework/TestFramework.uplugin" 287
"../../../Engine/Plugins/Tests/WidgetAutomationTests/WidgetAutomationTests.uplugin" 288
"../../../Engine/Plugins/Tests/RuntimeTests/RuntimeTests.uplugin" 289
"../../../Engine/Plugins/Tests/TestSamples/TestSamples.uplugin" 290
"../../../Engine/Plugins/Slate/SlateScripting/SlateScripting.uplugin" 291
"../../../Engine/Plugins/2D/Paper2D/Paper2D.uplugin" 292
"../../../Engine/Plugins/AI/AISupport/AISupport.uplugin" 293
"../../../Engine/Plugins/Slate/SlateInsights/SlateInsights.uplugin" 294
"../../../Engine/Plugins/AI/EnvironmentQueryEditor/EnvironmentQueryEditor.uplugin" 295
"../../../Engine/Plugins/Web/HttpBlueprint/HttpBlueprint.uplugin" 296
"../../../Engine/Plugins/AI/MLAdapter/MLAdapter.uplugin" 297
"../../../Engine/Plugins/AI/MassAI/MassAI.uplugin" 298
"../../../Engine/Plugins/Cameras/EngineCameras/EngineCameras.uplugin" 299
"../../../Engine/Plugins/AI/HTNPlanner/HTNPlanner.uplugin" 300
"../../../Engine/Plugins/Cameras/GameplayCameras/GameplayCameras.uplugin" 301
"../../../Engine/Plugins/AI/MassCrowd/MassCrowd.uplugin" 302
"../../../Engine/Plugins/Cameras/CameraShakePreviewer/CameraShakePreviewer.uplugin" 303
"../../../Engine/Plugins/Compression/OodleNetwork/OodleNetwork.uplugin" 304
"../../../Engine/Plugins/Editor/AssetReferenceRestrictions/AssetReferenceRestrictions.uplugin" 305
"../../../Engine/Plugins/Editor/AssetRegistryExport/AssetRegistryExport.uplugin" 306
"../../../Engine/Plugins/Editor/AssetManagerEditor/AssetManagerEditor.uplugin" 307
"../../../Engine/Plugins/Editor/AssetSearch/AssetSearch.uplugin" 308
"../../../Engine/Plugins/Editor/ChangelistReview/ChangelistReview.uplugin" 309
"../../../Engine/Plugins/Editor/ColorGrading/ColorGrading.uplugin" 310
"../../../Engine/Plugins/Editor/ConsoleVariablesEditor/ConsoleVariables.uplugin" 311
"../../../Engine/Plugins/Editor/BlueprintHeaderView/BlueprintHeaderView.uplugin" 312
"../../../Engine/Plugins/Editor/BlueprintMaterialTextureNodes/BlueprintMaterialTextureNodes.uplugin" 313
"../../../Engine/Plugins/Editor/CryptoKeys/CryptoKeys.uplugin" 314
"../../../Engine/Plugins/Editor/DisplayClusterLaunch/DisplayClusterLaunch.uplugin" 315
"../../../Engine/Plugins/Editor/DataValidation/DataValidation.uplugin" 316
"../../../Engine/Plugins/Editor/CurveEditorTools/CurveEditorTools.uplugin" 317
"../../../Engine/Plugins/Editor/EditorScriptingUtilities/EditorScriptingUtilities.uplugin" 318
"../../../Engine/Plugins/Editor/EditorDebugTools/EditorDebugTools.uplugin" 319
"../../../Engine/Plugins/Editor/EditorSysConfigAssistant/EditorSysConfigAssistant.uplugin" 320
"../../../Engine/Plugins/Editor/FacialAnimation/FacialAnimation.uplugin" 321
"../../../Engine/Plugins/Editor/GameplayTagsEditor/GameplayTagsEditor.uplugin" 322
"../../../Engine/Plugins/Editor/EngineAssetDefinitions/EngineAssetDefinitions.uplugin" 323
"../../../Engine/Plugins/Editor/LiveUpdateForSlate/LiveUpdateForSlate.uplugin" 324
"../../../Engine/Plugins/Editor/GuidedTutorials/GuidedTutorials.uplugin" 325
"../../../Engine/Plugins/Editor/MakeCookedEditorAsDLC/MakeCookedEditorAsDLC.uplugin" 326
"../../../Engine/Plugins/Editor/MeshLODToolset/MeshLODToolset.uplugin" 327
"../../../Engine/Plugins/Editor/GeometryMode/GeometryMode.uplugin" 328
"../../../Engine/Plugins/Editor/MaterialAnalyzer/MaterialAnalyzer.uplugin" 329
"../../../Engine/Plugins/Editor/ModelingToolsEditorMode/ModelingToolsEditorMode.uplugin" 330
"../../../Engine/Plugins/Editor/MobileLauncherProfileWizard/MobileLauncherProfileWizard.uplugin" 331
"../../../Engine/Plugins/Editor/ModelViewViewModelPreview/ModelViewViewModelPreview.uplugin" 332
"../../../Engine/Plugins/Editor/MacGraphicsSwitching/MacGraphicsSwitching.uplugin" 333
"../../../Engine/Plugins/Editor/PluginBrowser/PluginBrowser.uplugin" 334
"../../../Engine/Plugins/Editor/ProxyLODPlugin/ProxyLODPlugin.uplugin" 335
"../../../Engine/Plugins/Editor/SampleToolsEditorMode/SampleToolsEditorMode.uplugin" 336
"../../../Engine/Plugins/Editor/SequencerAnimTools/SequencerAnimTools.uplugin" 337
"../../../Engine/Plugins/Editor/ScriptableToolsEditorMode/ScriptableToolsEditorMode.uplugin" 338
"../../../Engine/Plugins/Editor/SpeedTreeImporter/SpeedTreeImporter.uplugin" 339
"../../../Engine/Plugins/Editor/StaticMeshEditorModeling/StaticMeshEditorModeling.uplugin" 340
"../../../Engine/Plugins/Editor/StylusInput/StylusInput.uplugin" 341
"../../../Engine/Plugins/Editor/UVEditor/UVEditor.uplugin" 342
"../../../Engine/Plugins/Editor/WorldPartitionHLODUtilities/WorldPartitionHLODUtilities.uplugin" 343
"../../../Engine/Plugins/Enterprise/AxFImporter/AxFImporter.uplugin" 344
"../../../Engine/Plugins/Editor/WaveformEditor/WaveformEditor.uplugin" 345
"../../../Engine/Plugins/Editor/UMGWidgetPreview/UMGWidgetPreview.uplugin" 346
"../../../Engine/Plugins/Enterprise/DataprepEditor/DataprepEditor.uplugin" 347
"../../../Engine/Plugins/Enterprise/DatasmithCADImporter/DatasmithCADImporter.uplugin" 348
"../../../Engine/Plugins/Enterprise/DatasmithContent/DatasmithContent.uplugin" 349
"../../../Engine/Plugins/Enterprise/DatasmithFBXImporter/DatasmithFBXImporter.uplugin" 350
"../../../Engine/Plugins/Enterprise/GLTFExporter/GLTFExporter.uplugin" 351
"../../../Engine/Plugins/Enterprise/LidarPointCloud/LidarPointCloud.uplugin" 352
"../../../Engine/Plugins/Enterprise/DatasmithC4DImporter/DatasmithC4DImporter.uplugin" 353
"../../../Engine/Plugins/Enterprise/DatasmithImporter/DatasmithImporter.uplugin" 354
"../../../Engine/Plugins/Enterprise/MDLImporter/MDLImporter.uplugin" 355
"../../../Engine/Plugins/Enterprise/VariantManager/VariantManager.uplugin" 356
"../../../Engine/Plugins/Enterprise/VariantManagerContent/VariantManagerContent.uplugin" 357
"../../../Engine/Plugins/FX/CascadeToNiagaraConverter/CascadeToNiagaraConverter.uplugin" 358
"../../../Engine/Plugins/FX/Niagara/Niagara.uplugin" 359
"../../../Engine/Plugins/FX/NiagaraFluids/NiagaraFluids.uplugin" 360
"../../../Engine/Plugins/FX/ExampleCustomDataInterface/ExampleCustomDataInterface.uplugin" 361
"../../../Engine/Plugins/FX/NiagaraSimCaching/NiagaraSimCaching.uplugin" 362
"../../../Engine/Plugins/FX/NiagaraMRQ/NiagaraMRQ.uplugin" 363
"../../../Engine/Plugins/Importers/AlembicHairImporter/AlembicHairImporter.uplugin" 364
"../../../Engine/Plugins/Importers/USDImporter/USDImporter.uplugin" 365
"../../../Engine/Plugins/Importers/AlembicImporter/AlembicImporter.uplugin" 366
"../../../Engine/Plugins/Importers/USDMultiUser/USDMultiUser.uplugin" 367
"../../../Engine/Plugins/Media/AndroidMedia/AndroidMedia.uplugin" 368
"../../../Engine/Plugins/Media/AndroidCamera/AndroidCamera.uplugin" 369
"../../../Engine/Plugins/Media/AjaMedia/AjaMedia.uplugin" 370
"../../../Engine/Plugins/Media/AppleProResDecoderElectra/AppleProResDecoderElectra.uplugin" 371
"../../../Engine/Plugins/Media/AvidDNxHDDecoderElectra/AvidDNxHDDecoderElectra.uplugin" 372
"../../../Engine/Plugins/Media/AudioCaptureTimecodeProvider/AudioCaptureTimecodeProvider.uplugin" 373
"../../../Engine/Plugins/Media/AvfMedia/AvfMedia.uplugin" 374
"../../../Engine/Plugins/Media/AvidDNxMedia/AvidDNxMedia.uplugin" 375
"../../../Engine/Plugins/Media/BinkMedia/BinkMedia.uplugin" 376
"../../../Engine/Plugins/Media/ElectraCDM/ElectraCDM.uplugin" 377
"../../../Engine/Plugins/Media/D3D12VideoDecodersElectra/D3D12VideoDecodersElectra.uplugin" 378
"../../../Engine/Plugins/Media/AppleProResMedia/AppleProResMedia.uplugin" 379
"../../../Engine/Plugins/Media/ElectraSubtitles/ElectraSubtitles.uplugin" 380
"../../../Engine/Plugins/Media/ElectraCodecs/ElectraCodecs.uplugin" 381
"../../../Engine/Plugins/Media/ElectraUtil/ElectraUtil.uplugin" 382
"../../../Engine/Plugins/Media/FlacDecoderElectra/FlacDecoderElectra.uplugin" 383
"../../../Engine/Plugins/Media/ElectraPlayer/ElectraPlayer.uplugin" 384
"../../../Engine/Plugins/Media/HAPMedia/HAPMedia.uplugin" 385
"../../../Engine/Plugins/Media/HAPDecoderElectra/HAPDecoderElectra.uplugin" 386
"../../../Engine/Plugins/Media/BlackmagicMedia/BlackmagicMedia.uplugin" 387
"../../../Engine/Plugins/Media/ImgMedia/ImgMedia.uplugin" 388
"../../../Engine/Plugins/Media/LinearTimecode/LinearTimecode.uplugin" 389
"../../../Engine/Plugins/Media/HardwareEncoders/HardwareEncoders.uplugin" 390
"../../../Engine/Plugins/Media/MediaFrameworkUtilities/MediaFrameworkUtilities.uplugin" 391
"../../../Engine/Plugins/Media/MediaIOFramework/MediaIOFramework.uplugin" 392
"../../../Engine/Plugins/Media/MediaMovieStreamer/MediaMovieStreamer.uplugin" 393
"../../../Engine/Plugins/Media/NDIMedia/NDIMedia.uplugin" 394
"../../../Engine/Plugins/Media/MediaCompositing/MediaCompositing.uplugin" 395
"../../../Engine/Plugins/Media/MediaPlate/MediaPlate.uplugin" 396
"../../../Engine/Plugins/Media/MfMedia/MfMedia.uplugin" 397
"../../../Engine/Plugins/Media/OpusDecoderElectra/OpusDecoderElectra.uplugin" 398
"../../../Engine/Plugins/Media/MediaPlayerEditor/MediaPlayerEditor.uplugin" 399
"../../../Engine/Plugins/Media/PixelCapture/PixelCapture.uplugin" 400
"../../../Engine/Plugins/Media/PixelStreaming/PixelStreaming.uplugin" 401
"../../../Engine/Plugins/Media/PixelStreaming2/PixelStreaming2.uplugin" 402
"../../../Engine/Plugins/Media/TimecodeSynchronizer/TimecodeSynchronizer.uplugin" 403
"../../../Engine/Plugins/Media/VPxDecoderElectra/VPxDecoderElectra.uplugin" 404
"../../../Engine/Plugins/Messaging/TcpMessaging/TcpMessaging.uplugin" 405
"../../../Engine/Plugins/Media/WebMMedia/WebMMedia.uplugin" 406
"../../../Engine/Plugins/Media/WmfMedia/WmfMedia.uplugin" 407
"../../../Engine/Plugins/Messaging/UdpMessaging/UdpMessaging.uplugin" 408
"../../../Engine/Plugins/Performance/AutomatedPerfTesting/AutomatedPerfTesting.uplugin" 409
"../../../Engine/Plugins/Performance/PerformanceMonitor/PerformanceMonitor.uplugin" 410
"../../../Engine/Plugins/Runtime/AndroidBackgroundService/AndroidBackgroundService.uplugin" 411
"../../../Engine/Plugins/Runtime/ActorLayerUtilities/ActorLayerUtilities.uplugin" 412
"../../../Engine/Plugins/NNE/NNEDenoiser/NNEDenoiser.uplugin" 413
"../../../Engine/Plugins/Protocols/MQTT/MQTT.uplugin" 414
"../../../Engine/Plugins/Messaging/MessagingDebugger/MessagingDebugger.uplugin" 415
"../../../Engine/Plugins/Runtime/AndroidDeviceProfileSelector/AndroidDeviceProfileSelector.uplugin" 416
"../../../Engine/Plugins/NNE/NNERuntimeORT/NNERuntimeORT.uplugin" 417
"../../../Engine/Plugins/Runtime/AndroidFileServer/AndroidFileServer.uplugin" 418
"../../../Engine/Plugins/Runtime/AndroidMoviePlayer/AndroidMoviePlayer.uplugin" 419
"../../../Engine/Plugins/Runtime/AnimationBudgetAllocator/AnimationBudgetAllocator.uplugin" 420
"../../../Engine/Plugins/Runtime/AndroidPermission/AndroidPermission.uplugin" 421
"../../../Engine/Plugins/Runtime/ApexDestruction/ApexDestruction.uplugin" 422
"../../../Engine/Plugins/Runtime/ArchVisCharacter/ArchVisCharacter.uplugin" 423
"../../../Engine/Plugins/Runtime/AppleMoviePlayer/AppleMoviePlayer.uplugin" 424
"../../../Engine/Plugins/Runtime/AppleImageUtils/AppleImageUtils.uplugin" 425
"../../../Engine/Plugins/Runtime/AssetTags/AssetTags.uplugin" 426
"../../../Engine/Plugins/Runtime/AudioModulation/AudioModulation.uplugin" 427
"../../../Engine/Plugins/Runtime/AudioSynesthesia/AudioSynesthesia.uplugin" 428
"../../../Engine/Plugins/Runtime/CableComponent/CableComponent.uplugin" 429
"../../../Engine/Plugins/Runtime/AudioCapture/AudioCapture.uplugin" 430
"../../../Engine/Plugins/Runtime/AudioWidgets/AudioWidgets.uplugin" 431
"../../../Engine/Plugins/Runtime/AudioMotorSim/AudioMotorSim.uplugin" 432
"../../../Engine/Plugins/Runtime/CommonUI/CommonUI.uplugin" 433
"../../../Engine/Plugins/Runtime/ChunkDownloader/ChunkDownloader.uplugin" 434
"../../../Engine/Plugins/Runtime/ComputeFramework/ComputeFramework.uplugin" 435
"../../../Engine/Plugins/Runtime/CustomMeshComponent/CustomMeshComponent.uplugin" 436
"../../../Engine/Plugins/Runtime/DataRegistry/DataRegistry.uplugin" 437
"../../../Engine/Plugins/Runtime/ExampleDeviceProfileSelector/ExampleDeviceProfileSelector.uplugin" 438
"../../../Engine/Plugins/Runtime/GameFeatures/GameFeatures.uplugin" 439
"../../../Engine/Plugins/Runtime/GameInput/GameInput.uplugin" 440
"../../../Engine/Plugins/Runtime/Firebase/Firebase.uplugin" 441
"../../../Engine/Plugins/Runtime/GameplayAbilities/GameplayAbilities.uplugin" 442
"../../../Engine/Plugins/Runtime/GameplayStateTree/GameplayStateTree.uplugin" 443
"../../../Engine/Plugins/Runtime/GameplayBehaviorSmartObjects/GameplayBehaviorSmartObjects.uplugin" 444
"../../../Engine/Plugins/Runtime/GeometryCache/GeometryCache.uplugin" 445
"../../../Engine/Plugins/Runtime/GameplayInteractions/GameplayInteractions.uplugin" 446
"../../../Engine/Plugins/Runtime/GeometryScripting/GeometryScripting.uplugin" 447
"../../../Engine/Plugins/Runtime/GeoReferencing/GeoReferencing.uplugin" 448
"../../../Engine/Plugins/Runtime/GoogleCloudMessaging/GoogleCloudMessaging.uplugin" 449
"../../../Engine/Plugins/Runtime/HairStrands/HairStrands.uplugin" 450
"../../../Engine/Plugins/Runtime/HPMotionController/HPMotionController.uplugin" 451
"../../../Engine/Plugins/Runtime/HDRIBackdrop/HDRIBackdrop.uplugin" 452
"../../../Engine/Plugins/Runtime/GooglePAD/GooglePAD.uplugin" 453
"../../../Engine/Plugins/Runtime/Harmonix/Harmonix.uplugin" 454
"../../../Engine/Plugins/Runtime/GeometryProcessing/GeometryProcessing.uplugin" 455
"../../../Engine/Plugins/Runtime/IOSReplayKit/IOSReplayKit.uplugin" 456
"../../../Engine/Plugins/Runtime/HTTPChunkInstaller/HTTPChunkInstaller.uplugin" 457
"../../../Engine/Plugins/Runtime/InputDebugging/InputDebugging.uplugin" 458
"../../../Engine/Plugins/Runtime/InstancedActors/InstancedActors.uplugin" 459
"../../../Engine/Plugins/Runtime/IOSDeviceProfileSelector/IOSDeviceProfileSelector.uplugin" 460
"../../../Engine/Plugins/Runtime/LevelStreamingPersistence/LevelStreamingPersistence.uplugin" 461
"../../../Engine/Plugins/Runtime/LiveLinkOvernDisplay/LiveLinkOverNDisplay.uplugin" 462
"../../../Engine/Plugins/Runtime/LinuxDeviceProfileSelector/LinuxDeviceProfileSelector.uplugin" 463
"../../../Engine/Plugins/Runtime/LocationServicesBPLibrary/LocationServicesBPLibrary.uplugin" 464
"../../../Engine/Plugins/Runtime/LocationServicesAndroidImpl/LocationServicesAndroidImpl.uplugin" 465
"../../../Engine/Plugins/Runtime/MassEntity/MassEntity.uplugin" 466
"../../../Engine/Plugins/Runtime/LocationServicesIOSImpl/LocationServicesIOSImpl.uplugin" 467
"../../../Engine/Plugins/Runtime/MassGameplay/MassGameplay.uplugin" 468
"../../../Engine/Plugins/Runtime/MIDIDevice/MIDIDevice.uplugin" 469
"../../../Engine/Plugins/Runtime/MeshModelingToolset/MeshModelingToolset.uplugin" 470
"../../../Engine/Plugins/Runtime/Metasound/Metasound.uplugin" 471
"../../../Engine/Plugins/Runtime/MicrosoftSpatialAudio/MicroSoftSpatialSound.uplugin" 472
"../../../Engine/Plugins/Runtime/MobilePatchingUtils/MobilePatchingUtils.uplugin" 473
"../../../Engine/Plugins/Runtime/MobileFSR/MobileFSR.uplugin" 474
"../../../Engine/Plugins/Runtime/ModelViewViewModel/ModelViewViewModel.uplugin" 475
"../../../Engine/Plugins/Runtime/MixedRealityCaptureFramework/MixedRealityCaptureFramework.uplugin" 476
"../../../Engine/Plugins/Runtime/ModularGameplay/ModularGameplay.uplugin" 477
"../../../Engine/Plugins/Runtime/MsQuic/MsQuic.uplugin" 478
"../../../Engine/Plugins/Runtime/MultiServerReplication/MultiServerReplication.uplugin" 479
"../../../Engine/Plugins/Runtime/NavCorridor/NavCorridor.uplugin" 480
"../../../Engine/Plugins/Runtime/nDisplay/nDisplay.uplugin" 481
"../../../Engine/Plugins/Runtime/NetworkPrediction/NetworkPrediction.uplugin" 482
"../../../Engine/Plugins/Runtime/nDisplayModularFeatures/nDisplayModularFeatures.uplugin" 483
"../../../Engine/Plugins/Runtime/NetworkPredictionInsights/NetworkPredictionInsights.uplugin" 484
"../../../Engine/Plugins/Runtime/OpenCV/OpenCV.uplugin" 485
"../../../Engine/Plugins/Runtime/OpenXR/OpenXR.uplugin" 486
"../../../Engine/Plugins/Runtime/NetworkPredictionExtras/NetworkPredictionExtras.uplugin" 487
"../../../Engine/Plugins/Runtime/OpenXRHandTracking/OpenXRHandTracking.uplugin" 488
"../../../Engine/Plugins/Runtime/OpenXRViveTracker/OpenXRViveTracker.uplugin" 489
"../../../Engine/Plugins/Runtime/OSC/OSC.uplugin" 490
"../../../Engine/Plugins/Runtime/OpenXRMsftHandInteraction/OpenXRMsftHandInteraction.uplugin" 491
"../../../Engine/Plugins/Runtime/PreLoadScreenMoviePlayer/PreLoadScreenMoviePlayer.uplugin" 492
"../../../Engine/Plugins/Runtime/PropertyAccess/PropertyAccessEditor.uplugin" 493
"../../../Engine/Plugins/Runtime/PropertyBindingUtils/PropertyBindingUtils.uplugin" 494
"../../../Engine/Plugins/Runtime/ProceduralMeshComponent/ProceduralMeshComponent.uplugin" 495
"../../../Engine/Plugins/Runtime/ReplicationGraph/ReplicationGraph.uplugin" 496
"../../../Engine/Plugins/Runtime/ReplicationSystemTestPlugin/ReplicationSystemTestPlugin.uplugin" 497
"../../../Engine/Plugins/Runtime/OpenXREyeTracker/OpenXREyeTracker.uplugin" 498
"../../../Engine/Plugins/Runtime/SignificanceManager/SignificanceManager.uplugin" 499
"../../../Engine/Plugins/Runtime/OptionalMobileFeaturesBPLibrary/OptionalMobileFeaturesBPLibrary.uplugin" 500
"../../../Engine/Plugins/Runtime/RigVM/RigVM.uplugin" 501
"../../../Engine/Plugins/Runtime/ResonanceAudio/ResonanceAudio.uplugin" 502
"../../../Engine/Plugins/Runtime/RenderTrace/RenderTrace.uplugin" 503
"../../../Engine/Plugins/Runtime/ScriptableToolsFramework/ScriptableToolsFramework.uplugin" 504
"../../../Engine/Plugins/Runtime/SoundMod/SoundMod.uplugin" 505
"../../../Engine/Plugins/Runtime/SoundFields/SoundFields.uplugin" 506
"../../../Engine/Plugins/Runtime/SkeletalMerging/SkeletalMerging.uplugin" 507
"../../../Engine/Plugins/Runtime/Spatialization/Spatialization.uplugin" 508
"../../../Engine/Plugins/Runtime/SoundCueTemplates/SoundCueTemplates.uplugin" 509
"../../../Engine/Plugins/Runtime/SoundUtilities/SoundUtilities.uplugin" 510
"../../../Engine/Plugins/Runtime/SunPosition/SunPosition.uplugin" 511
"../../../Engine/Plugins/Runtime/Synthesis/Synthesis.uplugin" 512
"../../../Engine/Plugins/Runtime/StateTree/StateTree.uplugin" 513
"../../../Engine/Plugins/Runtime/USDCore/USDCore.uplugin" 514
"../../../Engine/Plugins/Runtime/WaveTable/WaveTable.uplugin" 515
"../../../Engine/Plugins/Runtime/WarpUtils/WarpUtils.uplugin" 516
"../../../Engine/Plugins/Runtime/Soundscape/Soundscape.uplugin" 517
"../../../Engine/Plugins/Runtime/WebBrowserNativeProxy/WebBrowserNativeProxy.uplugin" 518
"../../../Engine/Plugins/Runtime/WebBrowserWidget/WebBrowserWidget.uplugin" 519
"../../../Engine/Plugins/Runtime/WebMMoviePlayer/WebMMoviePlayer.uplugin" 520
"../../../Engine/Plugins/Runtime/WorldConditions/WorldConditions.uplugin" 521
"../../../Engine/Plugins/Runtime/WindowsDeviceProfileSelector/WindowsDeviceProfileSelector.uplugin" 522
"../../../Engine/Plugins/Runtime/XRBase/XRBase.uplugin" 523
"../../../Engine/Plugins/Runtime/WindowsMoviePlayer/WindowsMoviePlayer.uplugin" 524
"../../../Engine/Plugins/Runtime/ZoneGraphAnnotations/ZoneGraphAnnotations.uplugin" 525
"../../../Engine/Plugins/Runtime/ZoneGraph/ZoneGraph.uplugin" 526
"../../../Engine/Plugins/VirtualProduction/CameraCalibration/CameraCalibration.uplugin" 527
"../../../Engine/Plugins/VirtualProduction/CameraCalibrationML/CameraCalibrationML.uplugin" 528
"../../../Engine/Plugins/VirtualProduction/CameraCalibrationCore/CameraCalibrationCore.uplugin" 529
"../../../Engine/Plugins/VirtualProduction/CaptureData/CaptureData.uplugin" 530
"../../../Engine/Plugins/VirtualProduction/CompositePlane/CompositePlane.uplugin" 531
"../../../Engine/Plugins/VirtualProduction/ICVFX/ICVFX.uplugin" 532
"../../../Engine/Plugins/VirtualProduction/DataCharts/DataCharts.uplugin" 533
"../../../Engine/Plugins/VirtualProduction/EpicStageApp/EpicStageApp.uplugin" 534
"../../../Engine/Plugins/VirtualProduction/ICVFXTesting/ICVFXTesting.uplugin" 535
"../../../Engine/Plugins/VirtualProduction/LevelSnapshots/LevelSnapshots.uplugin" 536
"../../../Engine/Plugins/VirtualProduction/LensComponent/LensComponent.uplugin" 537
"../../../Engine/Plugins/VirtualProduction/LiveLinkCamera/LiveLinkCamera.uplugin" 538
"../../../Engine/Plugins/VirtualProduction/LiveLinkInputDevice/LiveLinkInputDevice.uplugin" 539
"../../../Engine/Plugins/VirtualProduction/LiveLinkMasterLockit/LiveLinkMasterLockit.uplugin" 540
"../../../Engine/Plugins/VirtualProduction/LiveLinkFreeD/LiveLinkFreeD.uplugin" 541
"../../../Engine/Plugins/VirtualProduction/LiveLinkLens/LiveLinkLens.uplugin" 542
"../../../Engine/Plugins/VirtualProduction/LiveLinkPrestonMDR/LiveLinkPrestonMDR.uplugin" 543
"../../../Engine/Plugins/VirtualProduction/LiveLinkXR/LiveLinkXR.uplugin" 544
"../../../Engine/Plugins/VirtualProduction/MultiUserTakes/MultiUserTakes.uplugin" 545
"../../../Engine/Plugins/VirtualProduction/LiveLinkVRPN/LiveLinkVRPN.uplugin" 546
"../../../Engine/Plugins/VirtualProduction/RemoteControlProtocolDMX/RemoteControlProtocolDMX.uplugin" 547
"../../../Engine/Plugins/VirtualProduction/RemoteControlProtocolMIDI/RemoteControlProtocolMIDI.uplugin" 548
"../../../Engine/Plugins/VirtualProduction/RemoteControlInterception/RemoteControlInterception.uplugin" 549
"../../../Engine/Plugins/VirtualProduction/RemoteControlProtocolOSC/RemoteControlProtocolOSC.uplugin" 550
"../../../Engine/Plugins/Runtime/SmartObjects/SmartObjects.uplugin" 551
"../../../Engine/Plugins/VirtualProduction/StageMonitoring/StageMonitoring.uplugin" 552
"../../../Engine/Plugins/VirtualProduction/RemoteControl/RemoteControl.uplugin" 553
"../../../Engine/Plugins/VirtualProduction/SequencerPlaylists/SequencerPlaylists.uplugin" 554
"../../../Engine/Plugins/VirtualProduction/Switchboard/Switchboard.uplugin" 555
"../../../Engine/Plugins/VirtualProduction/Takes/Takes.uplugin" 556
"../../../Engine/Plugins/VirtualProduction/TimedDataMonitor/TimedDataMonitor.uplugin" 557
"../../../Engine/Plugins/VirtualProduction/TextureShare/TextureShare.uplugin" 558
"../../../Engine/Plugins/VirtualProduction/VirtualCameraCore/VirtualCameraCore.uplugin" 559
"../../../Engine/Plugins/VirtualProduction/VirtualScouting/VirtualScouting.uplugin" 560
"../../../Engine/Plugins/VirtualProduction/VirtualCamera/VirtualCamera.uplugin" 561
"../../../Engine/Plugins/Animation/MLDeformer/ChaosClothGenerator/ChaosClothGenerator.uplugin" 562
"../../../Engine/Plugins/Animation/MLDeformer/MLDeformerFramework/MLDeformerFramework.uplugin" 563
"../../../Engine/Plugins/Animation/MLDeformer/ChaosFleshGenerator/ChaosFleshGenerator.uplugin" 564
"../../../Engine/Plugins/Animation/MLDeformer/NearestNeighborModel/NearestNeighborModel.uplugin" 565
"../../../Engine/Plugins/VirtualProduction/RemoteControlWebInterface/RemoteControlWebInterface.uplugin" 566
"../../../Engine/Plugins/Animation/MLDeformer/NeuralMorphModel/NeuralMorphModel.uplugin" 567
"../../../Engine/Plugins/Animation/MLDeformer/VertexDeltaModel/VertexDeltaModel.uplugin" 568
"../../../Engine/Plugins/Developer/Concert/ConcertMain/ConcertMain.uplugin" 569
"../../../Engine/Plugins/Experimental/CharacterFXEditor/BaseCharacterFXEditor/BaseCharacterFXEditor.uplugin" 570
"../../../Engine/Plugins/Experimental/CharacterFXEditor/ExampleCharacterFXEditor/ExampleCharacterFXEditor.uplugin" 571
"../../../Engine/Plugins/Experimental/PCGInterops/PCGNiagaraInterop/PCGNiagaraInterop.uplugin" 572
"../../../Engine/Plugins/Experimental/PCGInterops/PCGWaterInterop/PCGWaterInterop.uplugin" 573
"../../../Engine/Plugins/Editor/ContentBrowser/ContentBrowserAssetDataSource/ContentBrowserAssetDataSource.uplugin" 574
"../../../Engine/Plugins/Online/IOS/OnlineSubsystemIOS/OnlineSubsystemIOS.uplugin" 575
"../../../Engine/Plugins/Editor/ContentBrowser/ContentBrowserAliasDataSource/ContentBrowserAliasDataSource.uplugin" 576
"../../../Engine/Plugins/Online/VoiceChat/EOSVoiceChat/EOSVoiceChat.uplugin" 577
"../../../Engine/Plugins/Editor/ContentBrowser/ContentBrowserFileDataSource/ContentBrowserFileDataSource.uplugin" 578
"../../../Engine/Plugins/Editor/ObjectMixer/LightMixer/LightMixer.uplugin" 579
"../../../Engine/Plugins/Editor/ContentBrowser/ContentBrowserClassDataSource/ContentBrowserClassDataSource.uplugin" 580
"../../../Engine/Plugins/Editor/ObjectMixer/ObjectMixer/ObjectMixer.uplugin" 581
"../../../Engine/Plugins/Runtime/AR/ARUtilities/ARUtilities.uplugin" 582
"../../../Engine/Plugins/Online/VoiceChat/VoiceChat/VoiceChat.uplugin" 583
"../../../Engine/Plugins/Runtime/MeshReconstruction/DummyMeshReconstructor/DummyMeshReconstructor.uplugin" 584
"../../../Engine/Plugins/Runtime/Advertising/IOSTapJoy/IOSTapJoy.uplugin" 585
"../../../Engine/Plugins/VirtualProduction/Rivermax/RivermaxSync/RivermaxSync.uplugin" 586
"../../../Engine/Plugins/VirtualProduction/Rivermax/RivermaxMedia/RivermaxMedia.uplugin" 587
"../../../Engine/Plugins/Experimental/Web/WebAPI/WebAPI.uplugin" 588
"../../../Engine/Plugins/VirtualProduction/Rivermax/RivermaxCore/RivermaxCore.uplugin" 589
"../../../Engine/Plugins/Experimental/VirtualProduction/VPRoles/VPRoles.uplugin" 590
"../../../Engine/Plugins/Experimental/VirtualProduction/VPSettings/VPSettings.uplugin" 591
"../../../Engine/Plugins/Experimental/VirtualProduction/LedWallCalibration/LedWallCalibration.uplugin" 592
"../../../Engine/Plugins/Online/Android/AndroidFetchBackgroundDownload/AndroidFetchBackgroundDownload.uplugin" 593
"../../../Engine/Plugins/Online/Android/OnlineSubsystemGooglePlay/OnlineSubsystemGooglePlay.uplugin" 594
"../../../Engine/Plugins/VirtualProduction/DMX/DMXDisplayCluster/DMXDisplayCluster.uplugin" 595
"../../../Engine/Plugins/VirtualProduction/DMX/DMXControlConsole/DMXControlConsole.uplugin" 596
"../../../Engine/Plugins/VirtualProduction/DMX/DatasmithMVR/DatasmithMVR.uplugin" 597
"../../../Engine/Plugins/VirtualProduction/DMX/DMXGDTF/DMXGDTF.uplugin" 598
"../../../Engine/Plugins/VirtualProduction/DMX/DMXEngine/DMXEngine.uplugin" 599
"../../../Engine/Plugins/VirtualProduction/DMX/DMXModularFeatures/DMXModularFeatures.uplugin" 600
"../../../Engine/Plugins/VirtualProduction/DMX/DMXProtocol/DMXProtocol.uplugin" 601
"../../../Engine/Plugins/VirtualProduction/DMX/DMXFixtures/DMXFixtures.uplugin" 602
"../../../Engine/Plugins/VirtualProduction/DMX/DMXPixelMapping/DMXPixelMapping.uplugin" 603
"../../../Engine/Plugins/Runtime/Nvidia/GeForceNOWWrapper/GeForceNOWWrapper.uplugin" 604
"../../../Engine/Plugins/Runtime/Nvidia/Reflex/Reflex.uplugin" 605
"../../../Engine/Plugins/Runtime/Steam/SteamAudio/SteamAudio.uplugin" 606
"../../../Engine/Plugins/Runtime/Steam/SteamShared/SteamShared.uplugin" 607
"../../../Engine/Plugins/Runtime/Steam/SteamController/SteamController.uplugin" 608
"../../../Engine/Plugins/Runtime/Analytics/Adjust/Adjust.uplugin" 609
"../../../Engine/Plugins/Runtime/Steam/SteamSockets/SteamSockets.uplugin" 610
"../../../Engine/Plugins/Runtime/Analytics/AnalyticsBlueprintLibrary/AnalyticsBlueprintLibrary.uplugin" 611
"../../../Engine/Plugins/Runtime/Analytics/FileLogging/FileLogging.uplugin" 612
"../../../Engine/Plugins/Runtime/XR/XRVisualization/XRVisualization.uplugin" 613
"../../../Engine/Plugins/Runtime/Analytics/Flurry/Flurry.uplugin" 614
"../../../Engine/Plugins/Runtime/XR/XRScribe/XRScribe.uplugin" 615
"../../../Engine/Plugins/Runtime/Database/DatabaseSupport/DatabaseSupport.uplugin" 616
"../../../Engine/Plugins/Runtime/Database/SQLiteCore/SQLiteCore.uplugin" 617
"../../../Engine/Plugins/Runtime/Database/SQLiteSupport/SQLiteSupport.uplugin" 618
"../../../Engine/Plugins/Runtime/Database/RemoteDatabaseSupport/RemoteDatabaseSupport.uplugin" 619
"../../../Engine/Plugins/Runtime/PacketHandlers/AESHandlerComponent/AESHandlerComponent.uplugin" 620
"../../../Engine/Plugins/Runtime/Windows/XInputDevice/XInputDevice.uplugin" 621
"../../../Engine/Plugins/Runtime/Windows/WinDualShock/WinDualShock.uplugin" 622
"../../../Engine/Plugins/Experimental/Animation/HierarchyTable/HierarchyTable.uplugin" 623
"../../../Engine/Plugins/Experimental/Animation/ContextualAnimation/ContextualAnimation.uplugin" 624
"../../../Engine/Plugins/Runtime/PacketHandlers/AESGCMHandlerComponent/AESGCMHandlerComponent.uplugin" 625
"../../../Engine/Plugins/Runtime/PacketHandlers/DTLSHandlerComponent/DTLSHandlerComponent.uplugin" 626
"../../../Engine/Plugins/Experimental/Animation/CurveExpression/CurveExpression.uplugin" 627
"../../../Engine/Plugins/Experimental/Animation/Optimus/Optimus.uplugin" 628
"../../../Engine/Plugins/Experimental/Animation/SkeletalMeshModelingTools/SkeletalMeshModelingTools.uplugin" 629
"../../../Engine/Plugins/Experimental/Animation/HierarchyTableBuiltin/HierarchyTableBuiltin.uplugin" 630
"../../../Engine/Plugins/Experimental/AVCodecs/AVCodecsCore/AVCodecsCore.uplugin" 631
"../../../Engine/Plugins/Experimental/AVCodecs/AMFCodecs/AMFCodecs.uplugin" 632
"../../../Engine/Plugins/Runtime/Database/ADOSupport/ADOSupport.uplugin" 633
"../../../Engine/Plugins/Experimental/Animation/MotionTrajectory/MotionTrajectory.uplugin" 634
"../../../Engine/Plugins/Experimental/AVCodecs/LibVpxCodecs/LibVpxCodecs.uplugin" 635
"../../../Engine/Plugins/Experimental/AVCodecs/NVCodecs/NVCodecs.uplugin" 636
"../../../Engine/Plugins/Experimental/AVCodecs/WMFCodecs/WMFCodecs.uplugin" 637
"../../../Engine/Plugins/Experimental/AVCodecs/VTCodecs/VTCodecs.uplugin" 638
"../../../Engine/Plugins/Experimental/Compositing/HoldoutComposite/HoldoutComposite.uplugin" 639
"../../../Engine/Plugins/Runtime/Analytics/AnalyticsMulticast/AnalyticsMulticast.uplugin" 640
"../../../Engine/Plugins/Experimental/Enterprise/DatasmithRuntime/DatasmithRuntime.uplugin" 641
"../../../Engine/Plugins/Experimental/Enterprise/DatasmithInterchange/DatasmithInterchange.uplugin" 642
"../../../Engine/Plugins/Experimental/Enterprise/DataprepGeometryOperations/DataprepGeometryOperations.uplugin" 643
"../../../Engine/Plugins/Experimental/MetaHuman/MetaHumanSDK/MetaHumanSDK.uplugin" 644
"../../../Engine/Plugins/Editor/Localization/PortableObjectFileDataSource/PortableObjectFileDataSource.uplugin" 645
"../../../Engine/Plugins/Experimental/MetaHuman/MetaHumanRuntime/MetaHumanRuntime.uplugin" 646
"../../../Engine/Plugins/Developer/Concert/ConcertInsights/ConcertInsightsClient/ConcertInsightsClient.uplugin" 647
"../../../Engine/Plugins/Developer/Concert/ConcertInsights/ConcertInsightsCore/ConcertInsightsCore.uplugin" 648
"../../../Engine/Plugins/Developer/Concert/ConcertInsights/ConcertInsightsServer/ConcertInsightsServer.uplugin" 649
"../../../Engine/Plugins/Developer/Concert/ConcertInsights/ConcertInsightsVisualizer/ConcertInsightsVisualizer.uplugin" 650
"../../../Engine/Plugins/Developer/Concert/ConcertScripting/ConcertReplicationScripting/ConcertReplicationScripting.uplugin" 651
"../../../Engine/Plugins/Developer/Concert/ConcertApp/MultiUserClient/MultiUserClient.uplugin" 652
"../../../Engine/Plugins/Runtime/AR/AppleAR/AppleARKitFaceSupport/AppleARKitFaceSupport.uplugin" 653
"../../../Engine/Plugins/Developer/Concert/ConcertApp/MultiUserServer/MultiUserServer.uplugin" 654
"../../../Engine/Plugins/Runtime/AR/AppleAR/AppleARKit/AppleARKit.uplugin" 655
"../../../Engine/Plugins/Developer/Concert/ConcertApp/DisasterRecoveryClient/DisasterRecoveryClient.uplugin" 656
"../../../Engine/Plugins/Developer/Concert/ConcertUI/ConcertSharedSlate/ConcertSharedSlate.uplugin" 657
"../../../Engine/Plugins/Developer/Concert/ConcertUI/ConcertClientSharedSlate/ConcertClientSharedSlate.uplugin" 658
"../../../Engine/Plugins/Developer/Concert/ConcertSync/ConcertSyncServer/ConcertSyncServer.uplugin" 659
"../../../Engine/Plugins/Developer/Concert/ConcertSync/ConcertSyncCore/ConcertSyncCore.uplugin" 660
"../../../Engine/Plugins/Runtime/AR/Google/GoogleARCoreServices/GoogleARCoreServices.uplugin" 661
"../../../Engine/Plugins/Runtime/AR/Google/GoogleARCore/GoogleARCore.uplugin" 662
"../../../Engine/Plugins/Developer/Concert/ConcertSync/ConcertSyncTest/ConcertSyncTest.uplugin" 663
"../../../Engine/Plugins/Developer/Concert/ConcertSync/ConcertSyncClient/ConcertSyncClient.uplugin" 664
"I:/FINAL/Plugins/AIforNPC1a382f55e9e1V6/ConvAI.uplugin" 665
"I:/FINAL/Plugins/AsyncLoadingScreen/AsyncLoadingScreen.uplugin" 666
"I:/FINAL/Plugins/DLSSMoviePipelineSupport/DLSSMoviePipelineSupport.uplugin" 667
"I:/FINAL/Plugins/DLSS/DLSS.uplugin" 668
"I:/FINAL/Plugins/FSR3/FSR3.uplugin" 669
"I:/FINAL/Plugins/FSR3MovieRenderPipeline/FSR3MovieRenderPipeline.uplugin" 670
"I:/FINAL/Plugins/StreamlineCore/StreamlineCore.uplugin" 671
"I:/FINAL/Plugins/StreamlineDeepDVC/StreamlineDeepDVC.uplugin" 672
"I:/FINAL/Plugins/StreamlineDLSSG/StreamlineDLSSG.uplugin" 673
"I:/FINAL/Plugins/Streamline/Streamline.uplugin" 674
"I:/FINAL/Plugins/RLPlugin/RLPlugin.uplugin" 675
"I:/FINAL/Plugins/StreamlineReflex/StreamlineReflex.uplugin" 676
"../../../Engine/Content/Internationalization/icudt64l/cnvalias.icu" 677
"../../../Engine/Content/Internationalization/icudt64l/res_index.res" 678
"../../../Engine/Content/Internationalization/icudt64l/plurals.res" 679
"../../../Engine/Content/Internationalization/icudt64l/lang/ru.res" 680
"../../../Engine/Content/Internationalization/icudt64l/lang/pool.res" 681
"../../../Engine/Content/Internationalization/icudt64l/lang/root.res" 682
"../../../Engine/Content/Internationalization/icudt64l/region/ru.res" 683
"../../../Engine/Content/Internationalization/icudt64l/region/pool.res" 684
"../../../Engine/Content/Internationalization/icudt64l/region/root.res" 685
"../../../Engine/Content/Internationalization/icudt64l/lang/en.res" 686
"../../../Engine/Content/Internationalization/icudt64l/region/en.res" 687
"../../../Engine/Content/Internationalization/icudt64l/windowsZones.res" 688
"../../../Engine/Content/Internationalization/icudt64l/zoneinfo64.res" 689
"../../../Engine/Content/Internationalization/icudt64l/keyTypeData.res" 690
"../../../Engine/Content/Internationalization/icudt64l/timezoneTypes.res" 691
"../../../Engine/Content/Internationalization/icudt64l/likelySubtags.res" 692
"../../../Engine/Content/Internationalization/icudt64l/ru_RU.res" 693
"../../../Engine/Content/Internationalization/icudt64l/pool.res" 694
"../../../Engine/Content/Internationalization/icudt64l/ru.res" 695
"../../../Engine/Content/Internationalization/icudt64l/root.res" 696
"../../../Engine/Content/Internationalization/icudt64l/supplementalData.res" 697
"../../../Engine/Config/ConfigRedirects.ini" 698
"C:/Users/Reilly/AppData/Local/UnrealEngine/5.5/Saved/Config/WindowsEditor/Manifest.ini" 699
"../../../Engine/Config/BaseEngine.ini" 700
"../../../Engine/Config/Windows/BaseWindowsEngine.ini" 701
"I:/FINAL/Config/DefaultEngine.ini" 702
"../../../Engine/Config/Windows/WindowsEngine.ini" 703
"C:/Users/Reilly/AppData/Local/Unreal Engine/Engine/Config/UserEngine.ini" 704
"../../../Engine/Config/BaseGame.ini" 705
"I:/FINAL/Config/DefaultGame.ini" 706
"../../../Engine/Config/Windows/WindowsGame.ini" 707
"I:/FINAL/Saved/Config/WindowsEditor/Game.ini" 708
"../../../Engine/Config/BaseInput.ini" 709
"../../../Engine/Config/Windows/BaseWindowsInput.ini" 710
"I:/FINAL/Config/DefaultInput.ini" 711
"../../../Engine/Config/Windows/WindowsInput.ini" 712
"../../../Engine/Config/BaseDeviceProfiles.ini" 713
"I:/FINAL/Config/DefaultDeviceProfiles.ini" 714
"../../../Engine/Config/BaseGameUserSettings.ini" 715
"I:/FINAL/Saved/Config/WindowsEditor/GameUserSettings.ini" 716
"../../../Engine/Config/BaseScalability.ini" 717
"../../../Engine/Config/BaseRuntimeOptions.ini" 718
"../../../Engine/Config/BaseInstallBundle.ini" 719
"../../../Engine/Config/BaseHardware.ini" 720
"I:/FINAL/Config/DefaultGameplayTags.ini" 721
"../../../Engine/Config/BaseCompat.ini" 722
"../../../Engine/Config/BaseLightmass.ini" 723
"../../../Engine/Config/BaseEditor.ini" 724
"I:/FINAL/Config/DefaultEditor.ini" 725
"I:/FINAL/Saved/Config/WindowsEditor/Editor.ini" 726
"../../../Engine/Config/BaseEditorPerProjectUserSettings.ini" 727
"I:/FINAL/Config/DefaultEditorPerProjectUserSettings.ini" 728
"../../../Engine/Config/Windows/WindowsEditorPerProjectUserSettings.ini" 729
"I:/FINAL/Saved/Config/WindowsEditor/EditorPerProjectUserSettings.ini" 730
"../../../Engine/Config/BaseEditorSettings.ini" 731
"C:/Users/Reilly/AppData/Local/UnrealEngine/5.5/Saved/Config/WindowsEditor/EditorSettings.ini" 732
"../../../Engine/Config/BaseEditorKeyBindings.ini" 733
"../../../Engine/Config/Mac/BaseMacEngine.ini" 734
"../../../Engine/Config/IOS/BaseIOSEngine.ini" 735
"../../../Engine/Config/Unix/UnixEngine.ini" 736
"I:/FINAL/Binaries/Win64/GameAnimationSample.target" 737
"../../../Engine/Config/Android/BaseAndroidEngine.ini" 738
"../../../Engine/Config/LinuxArm64/BaseLinuxArm64Engine.ini" 739
"../../../Engine/Config/Linux/BaseLinuxEngine.ini" 740
"I:/FINAL/Binaries/Win64/GameAnimationSampleEditor.target" 741
"../../../Engine/Config/Mac/MacGame.ini" 742
"../../../Engine/Config/IOS/BaseIOSGame.ini" 743
"../../../Engine/Config/LinuxArm64/LinuxArm64Engine.ini" 744
"../../../Engine/Config/Android/AndroidEngine.ini" 745
"../../../Engine/Config/TVOS/TVOSEngine.ini" 746
"../../../Engine/Config/Linux/LinuxEngine.ini" 747
"../../../Engine/Config/IOS/IOSGame.ini" 748
"../../../Engine/Config/Mac/BaseMacInput.ini" 749
"../../../Engine/Config/Android/BaseAndroidGame.ini" 750
"../../../Engine/Config/Linux/LinuxGame.ini" 751
"../../../Engine/Config/IOS/IOSScalability.ini" 752
"../../../Engine/Config/IOS/BaseIOSInstallBundle.ini" 753
"../../../Engine/Config/Android/AndroidScalability.ini" 754
"../../../Engine/Config/Android/BaseAndroidInstallBundle.ini" 755
"../../../Engine/Platforms/VisionOS/Config/BaseVisionOSEngine.ini" 756
"../../../Engine/Platforms/VisionOS/Config/VisionOSEngine.ini" 757
"../../../Engine/Config/PluginBase.ini" 758
"../../../Engine/Plugins/ChaosVD/Config/DefaultChaosVD.ini" 759
"../../../Engine/Plugins/EnhancedInput/Config/BaseEnhancedInput.ini" 760
"../../../Engine/Plugins/Fab/Config/BaseFab.ini" 761
"../../../Engine/Plugins/TraceUtilities/Config/BaseTraceUtilities.ini" 762
"../../../Engine/Plugins/Animation/BlendStack/Config/BaseBlendStack.ini" 763
"../../../Engine/Plugins/Animation/ControlRig/Config/BaseControlRig.ini" 764
"../../../Engine/Plugins/Animation/DeformerGraph/Config/BaseDeformerGraph.ini" 765
"../../../Engine/Plugins/Animation/IKRig/Config/BaseIKRig.ini" 766
"../../../Engine/Plugins/Animation/LiveLink/Config/BaseLiveLink.ini" 767
"../../../Engine/Plugins/Compositing/OpenColorIO/Config/BaseOpenColorIO.ini" 768
"I:/FINAL/Saved/Config/WindowsEditor/OpenColorIO.ini" 769
"../../../Engine/Plugins/Experimental/FullBodyIK/Config/BaseFullBodyIK.ini" 770
"../../../Engine/Plugins/Experimental/Mover/Config/BaseMover.ini" 771
"../../../Engine/Plugins/Experimental/ToolPresets/Config/BaseToolPresets.ini" 772
"../../../Engine/Plugins/Interchange/Assets/Config/BaseInterchangeAssets.ini" 773
"../../../Engine/Plugins/Interchange/Runtime/Config/BaseInterchange.ini" 774
"../../../Engine/Plugins/MovieScene/MovieRenderPipeline/Config/BaseMovieRenderPipeline.ini" 775
"../../../Engine/Plugins/2D/Paper2D/Config/BasePaper2D.ini" 776
"../../../Engine/Plugins/Cameras/GameplayCameras/Config/BaseGameplayCameras.ini" 777
"../../../Engine/Plugins/Editor/ConsoleVariablesEditor/Config/BaseConsoleVariables.ini" 778
"../../../Engine/Plugins/Editor/EditorScriptingUtilities/Config/BaseEditorScriptingUtilities.ini" 779
"../../../Engine/Plugins/Enterprise/DatasmithContent/Config/BaseDatasmithContent.ini" 780
"../../../Engine/Plugins/Enterprise/GLTFExporter/Config/BaseGLTFExporter.ini" 781
"../../../Engine/Plugins/Enterprise/GLTFExporter/Config/DefaultGLTFExporter.ini" 782
"../../../Engine/Plugins/Enterprise/VariantManagerContent/Config/BaseVariantManagerContent.ini" 783
"../../../Engine/Plugins/FX/Niagara/Config/BaseNiagara.ini" 784
"../../../Engine/Plugins/Runtime/HairStrands/Config/BaseHairStrands.ini" 785
"../../../Engine/Plugins/Runtime/Metasound/Config/BaseMetasound.ini" 786
"../../../Engine/Plugins/Runtime/Metasound/Config/DefaultMetasound.ini" 787
"../../../Engine/Plugins/Runtime/NetworkPrediction/Config/BaseNetworkPrediction.ini" 788
"../../../Engine/Plugins/Runtime/RigVM/Config/BaseRigVM.ini" 789
"../../../Engine/Plugins/Runtime/Synthesis/Config/BaseSynthesis.ini" 790
"../../../Engine/Plugins/Runtime/StateTree/Config/BaseStateTree.ini" 791
"../../../Engine/Plugins/Runtime/USDCore/Config/BaseUSDCore.ini" 792
"../../../Engine/Plugins/VirtualProduction/CameraCalibrationCore/Config/BaseCameraCalibrationCore.ini" 793
"../../../Engine/Plugins/VirtualProduction/LensComponent/Config/BaseLensComponent.ini" 794
"../../../Engine/Plugins/VirtualProduction/LiveLinkCamera/Config/BaseLiveLinkCamera.ini" 795
"../../../Engine/Plugins/VirtualProduction/Takes/Config/BaseTakes.ini" 796
"../../../Engine/Plugins/Experimental/Compositing/HoldoutComposite/Config/BaseHoldoutComposite.ini" 797
"../../../Engine/Plugins/Experimental/MetaHuman/MetaHumanSDK/Config/BaseMetaHumanSDK.ini" 798
"../../../Engine/Plugins/Developer/Concert/ConcertSync/ConcertSyncCore/Config/BaseConcertSyncCore.ini" 799
"I:/FINAL/Plugins/StreamlineCore/Config/BaseStreamlineCore.ini" 800
"I:/FINAL/Plugins/StreamlineDeepDVC/Config/BaseStreamlineDeepDVC.ini" 801
"I:/FINAL/Plugins/StreamlineDLSSG/Config/BaseStreamlineDLSSG.ini" 802
"I:/FINAL/Plugins/StreamlineReflex/Config/BaseStreamlineReflex.ini" 803
"../../../Engine/Plugins/ChaosVD/Config/Engine.ini" 804
"../../../Engine/Plugins/EnhancedInput/Config/Input.ini" 805
"../../../Engine/Plugins/NNE/NNEDenoiser/Config/Game.ini" 806
"../../../Engine/Plugins/Runtime/InputDebugging/Config/Input.ini" 807
"../../../Engine/Plugins/Runtime/RigVM/Config/Editor.ini" 808
"../../../Engine/Plugins/Runtime/Windows/XInputDevice/Config/Input.ini" 809
"../../../Engine/Plugins/Editor/ModelingToolsEditorMode/Binaries/Win64/UnrealEditor.modules" 810
"../../../Engine/Plugins/Runtime/MeshModelingToolset/Binaries/Win64/UnrealEditor.modules" 811
"../../../Engine/Plugins/Experimental/MeshModelingToolsetExp/Binaries/Win64/UnrealEditor.modules" 812
"../../../Engine/Plugins/Editor/MeshLODToolset/Binaries/Win64/UnrealEditor.modules" 813
"../../../Engine/Plugins/Experimental/ToolPresets/Binaries/Win64/UnrealEditor.modules" 814
"../../../Engine/Plugins/Editor/StylusInput/Binaries/Win64/UnrealEditor.modules" 815
"../../../Engine/Plugins/Runtime/GeometryProcessing/Binaries/Win64/UnrealEditor.modules" 816
"../../../Engine/Plugins/Editor/ProxyLODPlugin/Binaries/Win64/UnrealEditor.modules" 817
"../../../Engine/Plugins/Experimental/PlanarCutPlugin/Binaries/Win64/UnrealEditor.modules" 818
"../../../Engine/Plugins/Experimental/GeometryFlow/Binaries/Win64/UnrealEditor.modules" 819
"../../../Engine/Plugins/Editor/EditorScriptingUtilities/Binaries/Win64/UnrealEditor.modules" 820
"../../../Engine/Plugins/Animation/AnimationWarping/Binaries/Win64/UnrealEditor.modules" 821
"../../../Engine/Plugins/Animation/AnimationModifierLibrary/Binaries/Win64/UnrealEditor.modules" 822
"../../../Engine/Plugins/Animation/RigLogic/Binaries/Win64/UnrealEditor.modules" 823
"../../../Engine/Plugins/Animation/ControlRig/Binaries/Win64/UnrealEditor.modules" 824
"../../../Engine/Plugins/Runtime/RigVM/Binaries/Win64/UnrealEditor.modules" 825
"../../../Engine/Plugins/Experimental/PythonScriptPlugin/Binaries/Win64/UnrealEditor.modules" 826
"../../../Engine/Plugins/MovieScene/LevelSequenceEditor/Binaries/Win64/UnrealEditor.modules" 827
"../../../Engine/Plugins/Runtime/PropertyAccess/Binaries/Win64/UnrealEditor.modules" 828
"../../../Engine/Plugins/MovieScene/SequencerScripting/Binaries/Win64/UnrealEditor.modules" 829
"../../../Engine/Plugins/Editor/ContentBrowser/ContentBrowserFileDataSource/Binaries/Win64/UnrealEditor.modules" 830
"../../../Engine/Plugins/Animation/LiveLink/Binaries/Win64/UnrealEditor.modules" 831
"../../../Engine/Plugins/VirtualProduction/Takes/Binaries/Win64/UnrealEditor.modules" 832
"../../../Engine/Plugins/Developer/Concert/ConcertSync/ConcertSyncClient/Binaries/Win64/UnrealEditor.modules" 833
"../../../Engine/Plugins/Editor/ContentBrowser/ContentBrowserAssetDataSource/Binaries/Win64/UnrealEditor.modules" 834
"../../../Engine/Plugins/Runtime/AudioCapture/Binaries/Win64/UnrealEditor.modules" 835
"../../../Engine/Plugins/Developer/Concert/ConcertSync/ConcertSyncCore/Binaries/Win64/UnrealEditor.modules" 836
"../../../Engine/Plugins/Developer/Concert/ConcertMain/Binaries/Win64/UnrealEditor.modules" 837
"../../../Engine/Plugins/Runtime/Database/SQLiteCore/Binaries/Win64/UnrealEditor.modules" 838
"../../../Engine/Plugins/Experimental/LiveLinkControlRig/Binaries/Win64/UnrealEditor.modules" 839
"../../../Engine/Plugins/Animation/LiveLinkCurveDebugUI/Binaries/Win64/UnrealEditor.modules" 840
"../../../Engine/Plugins/VirtualProduction/LiveLinkCamera/Binaries/Win64/UnrealEditor.modules" 841
"../../../Engine/Plugins/VirtualProduction/CameraCalibrationCore/Binaries/Win64/UnrealEditor.modules" 842
"../../../Engine/Plugins/VirtualProduction/LensComponent/Binaries/Win64/UnrealEditor.modules" 843
"../../../Engine/Plugins/Runtime/ProceduralMeshComponent/Binaries/Win64/UnrealEditor.modules" 844
"../../../Engine/Plugins/Animation/PoseSearch/Binaries/Win64/UnrealEditor.modules" 845
"../../../Engine/Plugins/Animation/GameplayInsights/Binaries/Win64/UnrealEditor.modules" 846
"../../../Engine/Plugins/Animation/BlendStack/Binaries/Win64/UnrealEditor.modules" 847
"../../../Engine/Plugins/Animation/AnimationLocomotionLibrary/Binaries/Win64/UnrealEditor.modules" 848
"../../../Engine/Plugins/Animation/MotionWarping/Binaries/Win64/UnrealEditor.modules" 849
"../../../Engine/Plugins/Runtime/HairStrands/Binaries/Win64/UnrealEditor.modules" 850
"../../../Engine/Plugins/FX/Niagara/Binaries/Win64/UnrealEditor.modules" 851
"../../../Engine/Plugins/Runtime/GeometryCache/Binaries/Win64/UnrealEditor.modules" 852
"../../../Engine/Plugins/Animation/DeformerGraph/Binaries/Win64/UnrealEditor.modules" 853
"../../../Engine/Plugins/Runtime/ComputeFramework/Binaries/Win64/UnrealEditor.modules" 854
"../../../Engine/Plugins/Chooser/Binaries/Win64/UnrealEditor.modules" 855
"../../../Engine/Plugins/Editor/GameplayTagsEditor/Binaries/Win64/UnrealEditor.modules" 856
"../../../Engine/Plugins/Experimental/Mover/Binaries/Win64/UnrealEditor.modules" 857
"../../../Engine/Plugins/Runtime/NetworkPrediction/Binaries/Win64/UnrealEditor.modules" 858
"../../../Engine/Plugins/Experimental/Water/Binaries/Win64/UnrealEditor.modules" 859
"../../../Engine/Plugins/Experimental/Landmass/Binaries/Win64/UnrealEditor.modules" 860
"../../../Engine/Plugins/Editor/BlueprintMaterialTextureNodes/Binaries/Win64/UnrealEditor.modules" 861
"../../../Engine/Plugins/Experimental/ChaosVehiclesPlugin/Binaries/Win64/UnrealEditor.modules" 862
"../../../Engine/Plugins/Runtime/AR/AppleAR/AppleARKit/Binaries/Win64/UnrealEditor.modules" 863
"../../../Engine/Plugins/Runtime/XRBase/Binaries/Win64/UnrealEditor.modules" 864
"../../../Engine/Plugins/Runtime/AppleImageUtils/Binaries/Win64/UnrealEditor.modules" 865
"../../../Engine/Plugins/Runtime/AR/ARUtilities/Binaries/Win64/UnrealEditor.modules" 866
"../../../Engine/Plugins/Runtime/AR/AppleAR/AppleARKitFaceSupport/Binaries/Win64/UnrealEditor.modules" 867
"../../../Engine/Plugins/Bridge/Binaries/Win64/UnrealEditor.modules" 868
"../../../Engine/Plugins/Experimental/MetaHuman/MetaHumanSDK/Binaries/Win64/UnrealEditor.modules" 869
"../../../Engine/Plugins/ChaosCloth/Binaries/Win64/UnrealEditor.modules" 870
"../../../Engine/Plugins/Experimental/ChaosCaching/Binaries/Win64/UnrealEditor.modules" 871
"../../../Engine/Plugins/ChaosVD/Binaries/Win64/UnrealEditor.modules" 872
"../../../Engine/Plugins/CmdLinkServer/Binaries/Win64/UnrealEditor.modules" 873
"../../../Engine/Plugins/EnhancedInput/Binaries/Win64/UnrealEditor.modules" 874
"../../../Engine/Plugins/Editor/DataValidation/Binaries/Win64/UnrealEditor.modules" 875
"../../../Engine/Plugins/Fab/Binaries/Win64/UnrealEditor.modules" 876
"../../../Engine/Plugins/Interchange/Runtime/Binaries/Win64/UnrealEditor.modules" 877
"../../../Engine/Plugins/Online/EOSShared/Binaries/Win64/UnrealEditor.modules" 878
"../../../Engine/Plugins/Runtime/USDCore/Binaries/Win64/UnrealEditor.modules" 879
"../../../Engine/Plugins/Enterprise/VariantManagerContent/Binaries/Win64/UnrealEditor.modules" 880
"../../../Engine/Plugins/Enterprise/VariantManager/Binaries/Win64/UnrealEditor.modules" 881
"../../../Engine/Plugins/FastBuildController/Binaries/Win64/UnrealEditor.modules" 882
"../../../Engine/Plugins/MeshPainting/Binaries/Win64/UnrealEditor.modules" 883
"../../../Engine/Plugins/Interchange/Editor/Binaries/Win64/UnrealEditor.modules" 884
"../../../Engine/Plugins/RenderGraphInsights/Binaries/Win64/UnrealEditor.modules" 885
"../../../Engine/Plugins/TraceUtilities/Binaries/Win64/UnrealEditor.modules" 886
"../../../Engine/Plugins/UbaController/Binaries/Win64/UnrealEditor.modules" 887
"../../../Engine/Plugins/WorldMetrics/Binaries/Win64/UnrealEditor.modules" 888
"../../../Engine/Plugins/XGEController/Binaries/Win64/UnrealEditor.modules" 889
"../../../Engine/Plugins/Animation/AnimationData/Binaries/Win64/UnrealEditor.modules" 890
"../../../Engine/Plugins/Animation/ACLPlugin/Binaries/Win64/UnrealEditor.modules" 891
"../../../Engine/Plugins/Animation/BlendSpaceMotionAnalysis/Binaries/Win64/UnrealEditor.modules" 892
"../../../Engine/Plugins/Animation/ControlRigSpline/Binaries/Win64/UnrealEditor.modules" 893
"../../../Engine/Plugins/Animation/IKRig/Binaries/Win64/UnrealEditor.modules" 894
"../../../Engine/Plugins/Experimental/FullBodyIK/Binaries/Win64/UnrealEditor.modules" 895
"../../../Engine/Plugins/Developer/AnimationSharing/Binaries/Win64/UnrealEditor.modules" 896
"../../../Engine/Plugins/Runtime/SignificanceManager/Binaries/Win64/UnrealEditor.modules" 897
"../../../Engine/Plugins/Developer/CLionSourceCodeAccess/Binaries/Win64/UnrealEditor.modules" 898
"../../../Engine/Plugins/Developer/DumpGPUServices/Binaries/Win64/UnrealEditor.modules" 899
"../../../Engine/Plugins/Developer/GitSourceControl/Binaries/Win64/UnrealEditor.modules" 900
"../../../Engine/Plugins/Developer/N10XSourceCodeAccess/Binaries/Win64/UnrealEditor.modules" 901
"../../../Engine/Plugins/Developer/PerforceSourceControl/Binaries/Win64/UnrealEditor.modules" 902
"../../../Engine/Plugins/Developer/PixWinPlugin/Binaries/Win64/UnrealEditor.modules" 903
"../../../Engine/Plugins/Developer/PlasticSourceControl/Binaries/Win64/UnrealEditor.modules" 904
"../../../Engine/Plugins/Developer/PluginUtils/Binaries/Win64/UnrealEditor.modules" 905
"../../../Engine/Plugins/Developer/PropertyAccessNode/Binaries/Win64/UnrealEditor.modules" 906
"../../../Engine/Plugins/Developer/RenderDocPlugin/Binaries/Win64/UnrealEditor.modules" 907
"../../../Engine/Plugins/Developer/RiderSourceCodeAccess/Binaries/Win64/UnrealEditor.modules" 908
"../../../Engine/Plugins/Developer/SubversionSourceControl/Binaries/Win64/UnrealEditor.modules" 909
"../../../Engine/Plugins/Developer/TextureFormatOodle/Binaries/Win64/UnrealEditor.modules" 910
"../../../Engine/Plugins/Developer/UObjectPlugin/Binaries/Win64/UnrealEditor.modules" 911
"../../../Engine/Plugins/Developer/VisualStudioCodeSourceCodeAccess/Binaries/Win64/UnrealEditor.modules" 912
"../../../Engine/Plugins/Developer/VisualStudioSourceCodeAccess/Binaries/Win64/UnrealEditor.modules" 913
"../../../Engine/Plugins/Experimental/AdvancedRenamer/Binaries/Win64/UnrealEditor.modules" 914
"../../../Engine/Plugins/Experimental/AutomationUtils/Binaries/Win64/UnrealEditor.modules" 915
"../../../Engine/Plugins/Experimental/BackChannel/Binaries/Win64/UnrealEditor.modules" 916
"../../../Engine/Plugins/Experimental/ChaosEditor/Binaries/Win64/UnrealEditor.modules" 917
"../../../Engine/Plugins/Experimental/GeometryCollectionPlugin/Binaries/Win64/UnrealEditor.modules" 918
"../../../Engine/Plugins/Experimental/Fracture/Binaries/Win64/UnrealEditor.modules" 919
"../../../Engine/Plugins/Experimental/ChaosSolverPlugin/Binaries/Win64/UnrealEditor.modules" 920
"../../../Engine/Plugins/Experimental/Dataflow/Binaries/Win64/UnrealEditor.modules" 921
"../../../Engine/Plugins/Experimental/CharacterFXEditor/BaseCharacterFXEditor/Binaries/Win64/UnrealEditor.modules" 922
"../../../Engine/Plugins/Experimental/ChaosNiagara/Binaries/Win64/UnrealEditor.modules" 923
"../../../Engine/Plugins/Experimental/ChaosUserDataPT/Binaries/Win64/UnrealEditor.modules" 924
"../../../Engine/Plugins/Experimental/CharacterAI/Binaries/Win64/UnrealEditor.modules" 925
"../../../Engine/Plugins/Experimental/EditorDataStorage/Binaries/Win64/UnrealEditor.modules" 926
"../../../Engine/Plugins/Experimental/EditorPerformance/Binaries/Win64/UnrealEditor.modules" 927
"../../../Engine/Plugins/Experimental/StudioTelemetry/Binaries/Win64/UnrealEditor.modules" 928
"../../../Engine/Plugins/Experimental/EditorTelemetry/Binaries/Win64/UnrealEditor.modules" 929
"../../../Engine/Plugins/Experimental/LocalizableMessage/Binaries/Win64/UnrealEditor.modules" 930
"../../../Engine/Plugins/Experimental/NFORDenoise/Binaries/Win64/UnrealEditor.modules" 931
"../../../Engine/Plugins/Experimental/PlatformCrypto/Binaries/Win64/UnrealEditor.modules" 932
"../../../Engine/Plugins/Experimental/SkeletalReduction/Binaries/Win64/UnrealEditor.modules" 933
"../../../Engine/Plugins/MovieScene/ActorSequence/Binaries/Win64/UnrealEditor.modules" 934
"../../../Engine/Plugins/Online/OnlineBase/Binaries/Win64/UnrealEditor.modules" 935
"../../../Engine/Plugins/Online/OnlineSubsystem/Binaries/Win64/UnrealEditor.modules" 936
"../../../Engine/Plugins/Online/OnlineSubsystemNull/Binaries/Win64/UnrealEditor.modules" 937
"../../../Engine/Plugins/Online/OnlineSubsystemUtils/Binaries/Win64/UnrealEditor.modules" 938
"../../../Engine/Plugins/Online/OnlineServices/Binaries/Win64/UnrealEditor.modules" 939
"../../../Engine/Plugins/Portal/LauncherChunkInstaller/Binaries/Win64/UnrealEditor.modules" 940
"../../../Engine/Plugins/Tests/InterchangeTests/Binaries/Win64/UnrealEditor.modules" 941
"../../../Engine/Plugins/2D/Paper2D/Binaries/Win64/UnrealEditor.modules" 942
"../../../Engine/Plugins/AI/AISupport/Binaries/Win64/UnrealEditor.modules" 943
"../../../Engine/Plugins/AI/EnvironmentQueryEditor/Binaries/Win64/UnrealEditor.modules" 944
"../../../Engine/Plugins/Cameras/EngineCameras/Binaries/Win64/UnrealEditor.modules" 945
"../../../Engine/Plugins/MovieScene/TemplateSequence/Binaries/Win64/UnrealEditor.modules" 946
"../../../Engine/Plugins/Cameras/GameplayCameras/Binaries/Win64/UnrealEditor.modules" 947
"../../../Engine/Plugins/Runtime/StateTree/Binaries/Win64/UnrealEditor.modules" 948
"../../../Engine/Plugins/Cameras/CameraShakePreviewer/Binaries/Win64/UnrealEditor.modules" 949
"../../../Engine/Plugins/Compression/OodleNetwork/Binaries/Win64/UnrealEditor.modules" 950
"../../../Engine/Plugins/Editor/AssetManagerEditor/Binaries/Win64/UnrealEditor.modules" 951
"../../../Engine/Plugins/Editor/ChangelistReview/Binaries/Win64/UnrealEditor.modules" 952
"../../../Engine/Plugins/Editor/ColorGrading/Binaries/Win64/UnrealEditor.modules" 953
"../../../Engine/Plugins/Editor/ObjectMixer/ObjectMixer/Binaries/Win64/UnrealEditor.modules" 954
"../../../Engine/Plugins/Editor/BlueprintHeaderView/Binaries/Win64/UnrealEditor.modules" 955
"../../../Engine/Plugins/Editor/CryptoKeys/Binaries/Win64/UnrealEditor.modules" 956
"../../../Engine/Plugins/Editor/CurveEditorTools/Binaries/Win64/UnrealEditor.modules" 957
"../../../Engine/Plugins/Editor/EditorDebugTools/Binaries/Win64/UnrealEditor.modules" 958
"../../../Engine/Plugins/Editor/FacialAnimation/Binaries/Win64/UnrealEditor.modules" 959
"../../../Engine/Plugins/Editor/EngineAssetDefinitions/Binaries/Win64/UnrealEditor.modules" 960
"../../../Engine/Plugins/Editor/GeometryMode/Binaries/Win64/UnrealEditor.modules" 961
"../../../Engine/Plugins/Editor/MaterialAnalyzer/Binaries/Win64/UnrealEditor.modules" 962
"../../../Engine/Plugins/Editor/MobileLauncherProfileWizard/Binaries/Win64/UnrealEditor.modules" 963
"../../../Engine/Plugins/Editor/PluginBrowser/Binaries/Win64/UnrealEditor.modules" 964
"../../../Engine/Plugins/Editor/SequencerAnimTools/Binaries/Win64/UnrealEditor.modules" 965
"../../../Engine/Plugins/Editor/SpeedTreeImporter/Binaries/Win64/UnrealEditor.modules" 966
"../../../Engine/Plugins/Editor/UVEditor/Binaries/Win64/UnrealEditor.modules" 967
"../../../Engine/Plugins/Editor/WorldPartitionHLODUtilities/Binaries/Win64/UnrealEditor.modules" 968
"../../../Engine/Plugins/Editor/UMGWidgetPreview/Binaries/Win64/UnrealEditor.modules" 969
"../../../Engine/Plugins/Enterprise/DatasmithContent/Binaries/Win64/UnrealEditor.modules" 970
"../../../Engine/Plugins/Enterprise/GLTFExporter/Binaries/Win64/UnrealEditor.modules" 971
"../../../Engine/Plugins/FX/NiagaraSimCaching/Binaries/Win64/UnrealEditor.modules" 972
"../../../Engine/Plugins/Importers/AlembicImporter/Binaries/Win64/UnrealEditor.modules" 973
"../../../Engine/Plugins/Media/AndroidMedia/Binaries/Win64/UnrealEditor.modules" 974
"../../../Engine/Plugins/Media/AvfMedia/Binaries/Win64/UnrealEditor.modules" 975
"../../../Engine/Plugins/Media/ImgMedia/Binaries/Win64/UnrealEditor.modules" 976
"../../../Engine/Plugins/Media/MediaPlayerEditor/Binaries/Win64/UnrealEditor.modules" 977
"../../../Engine/Plugins/Media/MediaCompositing/Binaries/Win64/UnrealEditor.modules" 978
"../../../Engine/Plugins/Media/MediaPlate/Binaries/Win64/UnrealEditor.modules" 979
"../../../Engine/Plugins/Experimental/Compositing/HoldoutComposite/Binaries/Win64/UnrealEditor.modules" 980
"../../../Engine/Plugins/Messaging/TcpMessaging/Binaries/Win64/UnrealEditor.modules" 981
"../../../Engine/Plugins/Media/WmfMedia/Binaries/Win64/UnrealEditor.modules" 982
"../../../Engine/Plugins/Messaging/UdpMessaging/Binaries/Win64/UnrealEditor.modules" 983
"../../../Engine/Plugins/NNE/NNEDenoiser/Binaries/Win64/UnrealEditor.modules" 984
"../../../Engine/Plugins/NNE/NNERuntimeORT/Binaries/Win64/UnrealEditor.modules" 985
"../../../Engine/Plugins/Runtime/ActorLayerUtilities/Binaries/Win64/UnrealEditor.modules" 986
"../../../Engine/Plugins/Runtime/AndroidDeviceProfileSelector/Binaries/Win64/UnrealEditor.modules" 987
"../../../Engine/Plugins/Runtime/AndroidFileServer/Binaries/Win64/UnrealEditor.modules" 988
"../../../Engine/Plugins/Runtime/AndroidPermission/Binaries/Win64/UnrealEditor.modules" 989
"../../../Engine/Plugins/Runtime/ArchVisCharacter/Binaries/Win64/UnrealEditor.modules" 990
"../../../Engine/Plugins/Runtime/AssetTags/Binaries/Win64/UnrealEditor.modules" 991
"../../../Engine/Plugins/Runtime/CableComponent/Binaries/Win64/UnrealEditor.modules" 992
"../../../Engine/Plugins/Runtime/ChunkDownloader/Binaries/Win64/UnrealEditor.modules" 993
"../../../Engine/Plugins/Runtime/CustomMeshComponent/Binaries/Win64/UnrealEditor.modules" 994
"../../../Engine/Plugins/Runtime/ExampleDeviceProfileSelector/Binaries/Win64/UnrealEditor.modules" 995
"../../../Engine/Plugins/Runtime/GooglePAD/Binaries/Win64/UnrealEditor.modules" 996
"../../../Engine/Plugins/Runtime/InputDebugging/Binaries/Win64/UnrealEditor.modules" 997
"../../../Engine/Plugins/Runtime/LocationServicesBPLibrary/Binaries/Win64/UnrealEditor.modules" 998
"../../../Engine/Plugins/Runtime/Metasound/Binaries/Win64/UnrealEditor.modules" 999
"../../../Engine/Plugins/Runtime/AudioWidgets/Binaries/Win64/UnrealEditor.modules" 1000
"../../../Engine/Plugins/Runtime/AudioSynesthesia/Binaries/Win64/UnrealEditor.modules" 1001
"../../../Engine/Plugins/Runtime/WaveTable/Binaries/Win64/UnrealEditor.modules" 1002
"../../../Engine/Plugins/Runtime/MobilePatchingUtils/Binaries/Win64/UnrealEditor.modules" 1003
"../../../Engine/Plugins/Runtime/MsQuic/Binaries/Win64/UnrealEditor.modules" 1004
"../../../Engine/Plugins/Runtime/ResonanceAudio/Binaries/Win64/UnrealEditor.modules" 1005
"../../../Engine/Plugins/Runtime/SoundFields/Binaries/Win64/UnrealEditor.modules" 1006
"../../../Engine/Plugins/Runtime/Synthesis/Binaries/Win64/UnrealEditor.modules" 1007
"../../../Engine/Plugins/Runtime/WebMMoviePlayer/Binaries/Win64/UnrealEditor.modules" 1008
"../../../Engine/Plugins/Media/WebMMedia/Binaries/Win64/UnrealEditor.modules" 1009
"../../../Engine/Plugins/Runtime/WindowsDeviceProfileSelector/Binaries/Win64/UnrealEditor.modules" 1010
"../../../Engine/Plugins/Runtime/WindowsMoviePlayer/Binaries/Win64/UnrealEditor.modules" 1011
"../../../Engine/Plugins/Editor/ObjectMixer/LightMixer/Binaries/Win64/UnrealEditor.modules" 1012
"../../../Engine/Plugins/Editor/ContentBrowser/ContentBrowserClassDataSource/Binaries/Win64/UnrealEditor.modules" 1013
"../../../Engine/Plugins/Runtime/Windows/XInputDevice/Binaries/Win64/UnrealEditor.modules" 1014
"../../../Engine/Plugins/Experimental/Animation/SkeletalMeshModelingTools/Binaries/Win64/UnrealEditor.modules" 1015
"../../../Engine/Plugins/Editor/Localization/PortableObjectFileDataSource/Binaries/Win64/UnrealEditor.modules" 1016
"../../../Engine/Plugins/MovieScene/MovieRenderPipeline/Binaries/Win64/UnrealEditor.modules" 1017
"../../../Engine/Plugins/Editor/ConsoleVariablesEditor/Binaries/Win64/UnrealEditor.modules" 1018
"../../../Engine/Plugins/Compositing/OpenColorIO/Binaries/Win64/UnrealEditor.modules" 1019
"../../../Engine/Plugins/ChaosClothAsset/Binaries/Win64/UnrealEditor.modules" 1020
"../../../Engine/Plugins/Developer/Concert/ConcertUI/ConcertSharedSlate/Binaries/Win64/UnrealEditor.modules" 1021
"I:/FINAL/Plugins/AsyncLoadingScreen/Binaries/Win64/UnrealEditor.modules" 1022
"I:/FINAL/Plugins/AIforNPC1a382f55e9e1V6/Binaries/Win64/UnrealEditor.modules" 1023
"I:/FINAL/Plugins/DLSSMoviePipelineSupport/Binaries/Win64/UnrealEditor.modules" 1024
"I:/FINAL/Plugins/DLSS/Binaries/Win64/UnrealEditor.modules" 1025
"I:/FINAL/Plugins/FSR3/Binaries/Win64/UnrealEditor.modules" 1026
"I:/FINAL/Plugins/FSR3MovieRenderPipeline/Binaries/Win64/UnrealEditor.modules" 1027
"I:/FINAL/Plugins/RLPlugin/Binaries/Win64/UnrealEditor.modules" 1028
"I:/FINAL/Plugins/StreamlineCore/Binaries/Win64/UnrealEditor.modules" 1029
"I:/FINAL/Plugins/StreamlineDeepDVC/Binaries/Win64/UnrealEditor.modules" 1030
"I:/FINAL/Plugins/StreamlineDLSSG/Binaries/Win64/UnrealEditor.modules" 1031
"I:/FINAL/Plugins/StreamlineReflex/Binaries/Win64/UnrealEditor.modules" 1032
"../../../Engine/Config/BaseSourceControlSettings.ini" 1033
"../../../Engine/Content/Internationalization/icudt64l/coll/ucadata.icu" 1034
"../../../Engine/Content/Internationalization/icudt64l/coll/ru.res" 1035
"../../../Engine/Content/Internationalization/icudt64l/coll/root.res" 1036
"../../../Engine/Content/Certificates/ThirdParty/cacert.pem" 1037
"../../../Engine/Config/ConsoleVariables.ini" 1038
"../../../Engine/Binaries/Win64/Android/UnrealEditor.modules" 1039
"../../../Engine/Binaries/Win64/IOS/UnrealEditor.modules" 1040
"../../../Engine/Binaries/Win64/Linux/UnrealEditor.modules" 1041
"../../../Engine/Binaries/Win64/LinuxArm64/UnrealEditor.modules" 1042
"../../../Engine/Content/Localization/Editor/en/Editor.locres" 1043
"../../../Engine/Content/Localization/EditorTutorials/en/EditorTutorials.locres" 1044
"../../../Engine/Content/Localization/Keywords/en/Keywords.locres" 1045
"../../../Engine/Content/Localization/Category/en/Category.locres" 1046
"../../../Engine/Content/Localization/ToolTips/en/ToolTips.locres" 1047
"../../../Engine/Content/Localization/PropertyNames/en/PropertyNames.locres" 1048
"../../../Engine/Content/Localization/Engine/en/Engine.locres" 1049
"../../../Engine/Plugins/Online/OnlineSubsystem/Content/Localization/OnlineSubsystem/en/OnlineSubsystem.locres" 1050
"../../../Engine/Plugins/Online/OnlineSubsystemUtils/Content/Localization/OnlineSubsystemUtils/en/OnlineSubsystemUtils.locres" 1051
"../../../Engine/Plugins/Online/IOS/OnlineSubsystemIOS/Content/Localization/OnlineSubsystemIOS/en/OnlineSubsystemIOS.locres" 1052
"../../../Engine/Plugins/Online/Android/OnlineSubsystemGooglePlay/Content/Localization/OnlineSubsystemGooglePlay/en/OnlineSubsystemGooglePlay.locres" 1053
"../../../Engine/Content/Internationalization/icudt64l/en.res" 1054
"../../../Engine/Content/Internationalization/icudt64l/numberingSystems.res" 1055
"../../../Engine/Content/Internationalization/icudt64l/curr/en.res" 1056
"../../../Engine/Content/Internationalization/icudt64l/curr/pool.res" 1057
"../../../Engine/Content/Internationalization/icudt64l/curr/root.res" 1058
"../../../Engine/Content/Internationalization/icudt64l/lang/af.res" 1059
"../../../Engine/Content/Internationalization/icudt64l/region/af.res" 1060
"../../../Engine/Content/Internationalization/icudt64l/lang/agq.res" 1061
"../../../Engine/Content/Internationalization/icudt64l/region/agq.res" 1062
"../../../Engine/Content/Internationalization/icudt64l/lang/ak.res" 1063
"../../../Engine/Content/Internationalization/icudt64l/region/ak.res" 1064
"../../../Engine/Content/Internationalization/icudt64l/lang/am.res" 1065
"../../../Engine/Content/Internationalization/icudt64l/region/am.res" 1066
"../../../Engine/Content/Internationalization/icudt64l/lang/ar.res" 1067
"../../../Engine/Content/Internationalization/icudt64l/region/ar.res" 1068
"../../../Engine/Content/Internationalization/icudt64l/region/ar_AE.res" 1069
"../../../Engine/Content/Internationalization/icudt64l/lang/ar_EG.res" 1070
"../../../Engine/Content/Internationalization/icudt64l/lang/ar_LY.res" 1071
"../../../Engine/Content/Internationalization/icudt64l/region/ar_LY.res" 1072
"../../../Engine/Content/Internationalization/icudt64l/lang/ar_SA.res" 1073
"../../../Engine/Content/Internationalization/icudt64l/region/ar_SA.res" 1074
"../../../Engine/Content/Internationalization/icudt64l/lang/as.res" 1075
"../../../Engine/Content/Internationalization/icudt64l/region/as.res" 1076
"../../../Engine/Content/Internationalization/icudt64l/lang/asa.res" 1077
"../../../Engine/Content/Internationalization/icudt64l/region/asa.res" 1078
"../../../Engine/Content/Internationalization/icudt64l/lang/ast.res" 1079
"../../../Engine/Content/Internationalization/icudt64l/region/ast.res" 1080
"../../../Engine/Content/Internationalization/icudt64l/lang/az.res" 1081
"../../../Engine/Content/Internationalization/icudt64l/lang/az_Cyrl.res" 1082
"../../../Engine/Content/Internationalization/icudt64l/lang/az_AZ.res" 1083
"../../../Engine/Content/Internationalization/icudt64l/lang/az_Latn_AZ.res" 1084
"../../../Engine/Content/Internationalization/icudt64l/lang/az_Latn.res" 1085
"../../../Engine/Content/Internationalization/icudt64l/region/az_AZ.res" 1086
"../../../Engine/Content/Internationalization/icudt64l/region/az_Latn_AZ.res" 1087
"../../../Engine/Content/Internationalization/icudt64l/region/az_Latn.res" 1088
"../../../Engine/Content/Internationalization/icudt64l/region/az.res" 1089
"../../../Engine/Content/Internationalization/icudt64l/region/az_Cyrl.res" 1090
"../../../Engine/Content/Internationalization/icudt64l/lang/bas.res" 1091
"../../../Engine/Content/Internationalization/icudt64l/region/bas.res" 1092
"../../../Engine/Content/Internationalization/icudt64l/lang/be.res" 1093
"../../../Engine/Content/Internationalization/icudt64l/region/be.res" 1094
"../../../Engine/Content/Internationalization/icudt64l/lang/bem.res" 1095
"../../../Engine/Content/Internationalization/icudt64l/region/bem.res" 1096
"../../../Engine/Content/Internationalization/icudt64l/lang/bez.res" 1097
"../../../Engine/Content/Internationalization/icudt64l/region/bez.res" 1098
"../../../Engine/Content/Internationalization/icudt64l/lang/bg.res" 1099
"../../../Engine/Content/Internationalization/icudt64l/region/bg.res" 1100
"../../../Engine/Content/Internationalization/icudt64l/lang/bm.res" 1101
"../../../Engine/Content/Internationalization/icudt64l/region/bm.res" 1102
"../../../Engine/Content/Internationalization/icudt64l/lang/bn.res" 1103
"../../../Engine/Content/Internationalization/icudt64l/region/bn.res" 1104
"../../../Engine/Content/Internationalization/icudt64l/lang/bn_IN.res" 1105
"../../../Engine/Content/Internationalization/icudt64l/region/bn_IN.res" 1106
"../../../Engine/Content/Internationalization/icudt64l/lang/bo.res" 1107
"../../../Engine/Content/Internationalization/icudt64l/region/bo.res" 1108
"../../../Engine/Content/Internationalization/icudt64l/region/bo_IN.res" 1109
"../../../Engine/Content/Internationalization/icudt64l/lang/br.res" 1110
"../../../Engine/Content/Internationalization/icudt64l/region/br.res" 1111
"../../../Engine/Content/Internationalization/icudt64l/lang/brx.res" 1112
"../../../Engine/Content/Internationalization/icudt64l/region/brx.res" 1113
"../../../Engine/Content/Internationalization/icudt64l/lang/bs.res" 1114
"../../../Engine/Content/Internationalization/icudt64l/lang/bs_Cyrl.res" 1115
"../../../Engine/Content/Internationalization/icudt64l/lang/bs_BA.res" 1116
"../../../Engine/Content/Internationalization/icudt64l/lang/bs_Latn_BA.res" 1117
"../../../Engine/Content/Internationalization/icudt64l/lang/bs_Latn.res" 1118
"../../../Engine/Content/Internationalization/icudt64l/region/bs_BA.res" 1119
"../../../Engine/Content/Internationalization/icudt64l/region/bs_Latn_BA.res" 1120
"../../../Engine/Content/Internationalization/icudt64l/region/bs_Latn.res" 1121
"../../../Engine/Content/Internationalization/icudt64l/region/bs.res" 1122
"../../../Engine/Content/Internationalization/icudt64l/region/bs_Cyrl.res" 1123
"../../../Engine/Content/Internationalization/icudt64l/lang/ca.res" 1124
"../../../Engine/Content/Internationalization/icudt64l/region/ca.res" 1125
"../../../Engine/Content/Internationalization/icudt64l/lang/ccp.res" 1126
"../../../Engine/Content/Internationalization/icudt64l/region/ccp.res" 1127
"../../../Engine/Content/Internationalization/icudt64l/lang/ce.res" 1128
"../../../Engine/Content/Internationalization/icudt64l/region/ce.res" 1129
"../../../Engine/Content/Internationalization/icudt64l/lang/ceb.res" 1130
"../../../Engine/Content/Internationalization/icudt64l/region/ceb.res" 1131
"../../../Engine/Content/Internationalization/icudt64l/lang/cgg.res" 1132
"../../../Engine/Content/Internationalization/icudt64l/region/cgg.res" 1133
"../../../Engine/Content/Internationalization/icudt64l/lang/chr.res" 1134
"../../../Engine/Content/Internationalization/icudt64l/region/chr.res" 1135
"../../../Engine/Content/Internationalization/icudt64l/lang/ckb.res" 1136
"../../../Engine/Content/Internationalization/icudt64l/region/ckb.res" 1137
"../../../Engine/Content/Internationalization/icudt64l/lang/cs.res" 1138
"../../../Engine/Content/Internationalization/icudt64l/region/cs.res" 1139
"../../../Engine/Content/Internationalization/icudt64l/lang/cy.res" 1140
"../../../Engine/Content/Internationalization/icudt64l/region/cy.res" 1141
"../../../Engine/Content/Internationalization/icudt64l/lang/da.res" 1142
"../../../Engine/Content/Internationalization/icudt64l/region/da.res" 1143
"../../../Engine/Content/Internationalization/icudt64l/lang/dav.res" 1144
"../../../Engine/Content/Internationalization/icudt64l/region/dav.res" 1145
"../../../Engine/Content/Internationalization/icudt64l/lang/de.res" 1146
"../../../Engine/Content/Internationalization/icudt64l/lang/de_AT.res" 1147
"../../../Engine/Content/Internationalization/icudt64l/region/de_AT.res" 1148
"../../../Engine/Content/Internationalization/icudt64l/region/de.res" 1149
"../../../Engine/Content/Internationalization/icudt64l/lang/de_CH.res" 1150
"../../../Engine/Content/Internationalization/icudt64l/region/de_CH.res" 1151
"../../../Engine/Content/Internationalization/icudt64l/lang/de_LU.res" 1152
"../../../Engine/Content/Internationalization/icudt64l/lang/dje.res" 1153
"../../../Engine/Content/Internationalization/icudt64l/region/dje.res" 1154
"../../../Engine/Content/Internationalization/icudt64l/lang/dsb.res" 1155
"../../../Engine/Content/Internationalization/icudt64l/region/dsb.res" 1156
"../../../Engine/Content/Internationalization/icudt64l/lang/dua.res" 1157
"../../../Engine/Content/Internationalization/icudt64l/region/dua.res" 1158
"../../../Engine/Content/Internationalization/icudt64l/lang/dyo.res" 1159
"../../../Engine/Content/Internationalization/icudt64l/region/dyo.res" 1160
"../../../Engine/Content/Internationalization/icudt64l/lang/dz.res" 1161
"../../../Engine/Content/Internationalization/icudt64l/region/dz.res" 1162
"../../../Engine/Content/Internationalization/icudt64l/lang/ebu.res" 1163
"../../../Engine/Content/Internationalization/icudt64l/region/ebu.res" 1164
"../../../Engine/Content/Internationalization/icudt64l/lang/ee.res" 1165
"../../../Engine/Content/Internationalization/icudt64l/region/ee.res" 1166
"../../../Engine/Content/Internationalization/icudt64l/lang/el.res" 1167
"../../../Engine/Content/Internationalization/icudt64l/region/el.res" 1168
"../../../Engine/Content/Internationalization/icudt64l/lang/en_001.res" 1169
"../../../Engine/Content/Internationalization/icudt64l/lang/en_150.res" 1170
"../../../Engine/Content/Internationalization/icudt64l/region/en_150.res" 1171
"../../../Engine/Content/Internationalization/icudt64l/lang/en_AG.res" 1172
"../../../Engine/Content/Internationalization/icudt64l/region/en_AG.res" 1173
"../../../Engine/Content/Internationalization/icudt64l/lang/en_AI.res" 1174
"../../../Engine/Content/Internationalization/icudt64l/region/en_AI.res" 1175
"../../../Engine/Content/Internationalization/icudt64l/lang/en_AT.res" 1176
"../../../Engine/Content/Internationalization/icudt64l/region/en_AT.res" 1177
"../../../Engine/Content/Internationalization/icudt64l/lang/en_AU.res" 1178
"../../../Engine/Content/Internationalization/icudt64l/region/en_AU.res" 1179
"../../../Engine/Content/Internationalization/icudt64l/lang/en_BB.res" 1180
"../../../Engine/Content/Internationalization/icudt64l/region/en_BB.res" 1181
"../../../Engine/Content/Internationalization/icudt64l/lang/en_BE.res" 1182
"../../../Engine/Content/Internationalization/icudt64l/region/en_BE.res" 1183
"../../../Engine/Content/Internationalization/icudt64l/lang/en_BM.res" 1184
"../../../Engine/Content/Internationalization/icudt64l/region/en_BM.res" 1185
"../../../Engine/Content/Internationalization/icudt64l/lang/en_BS.res" 1186
"../../../Engine/Content/Internationalization/icudt64l/region/en_BS.res" 1187
"../../../Engine/Content/Internationalization/icudt64l/lang/en_BW.res" 1188
"../../../Engine/Content/Internationalization/icudt64l/region/en_BW.res" 1189
"../../../Engine/Content/Internationalization/icudt64l/lang/en_BZ.res" 1190
"../../../Engine/Content/Internationalization/icudt64l/region/en_BZ.res" 1191
"../../../Engine/Content/Internationalization/icudt64l/lang/en_CA.res" 1192
"../../../Engine/Content/Internationalization/icudt64l/region/en_CA.res" 1193
"../../../Engine/Content/Internationalization/icudt64l/lang/en_CC.res" 1194
"../../../Engine/Content/Internationalization/icudt64l/region/en_CC.res" 1195
"../../../Engine/Content/Internationalization/icudt64l/lang/en_CH.res" 1196
"../../../Engine/Content/Internationalization/icudt64l/region/en_CH.res" 1197
"../../../Engine/Content/Internationalization/icudt64l/lang/en_CK.res" 1198
"../../../Engine/Content/Internationalization/icudt64l/region/en_CK.res" 1199
"../../../Engine/Content/Internationalization/icudt64l/lang/en_CM.res" 1200
"../../../Engine/Content/Internationalization/icudt64l/region/en_CM.res" 1201
"../../../Engine/Content/Internationalization/icudt64l/lang/en_CX.res" 1202
"../../../Engine/Content/Internationalization/icudt64l/region/en_CX.res" 1203
"../../../Engine/Content/Internationalization/icudt64l/lang/en_CY.res" 1204
"../../../Engine/Content/Internationalization/icudt64l/region/en_CY.res" 1205
"../../../Engine/Content/Internationalization/icudt64l/lang/en_DE.res" 1206
"../../../Engine/Content/Internationalization/icudt64l/region/en_DE.res" 1207
"../../../Engine/Content/Internationalization/icudt64l/lang/en_DG.res" 1208
"../../../Engine/Content/Internationalization/icudt64l/region/en_DG.res" 1209
"../../../Engine/Content/Internationalization/icudt64l/lang/en_DK.res" 1210
"../../../Engine/Content/Internationalization/icudt64l/region/en_DK.res" 1211
"../../../Engine/Content/Internationalization/icudt64l/lang/en_DM.res" 1212
"../../../Engine/Content/Internationalization/icudt64l/region/en_DM.res" 1213
"../../../Engine/Content/Internationalization/icudt64l/lang/en_ER.res" 1214
"../../../Engine/Content/Internationalization/icudt64l/region/en_ER.res" 1215
"../../../Engine/Content/Internationalization/icudt64l/lang/en_FI.res" 1216
"../../../Engine/Content/Internationalization/icudt64l/region/en_FI.res" 1217
"../../../Engine/Content/Internationalization/icudt64l/lang/en_FJ.res" 1218
"../../../Engine/Content/Internationalization/icudt64l/region/en_FJ.res" 1219
"../../../Engine/Content/Internationalization/icudt64l/lang/en_FK.res" 1220
"../../../Engine/Content/Internationalization/icudt64l/region/en_FK.res" 1221
"../../../Engine/Content/Internationalization/icudt64l/lang/en_FM.res" 1222
"../../../Engine/Content/Internationalization/icudt64l/region/en_FM.res" 1223
"../../../Engine/Content/Internationalization/icudt64l/lang/en_GB.res" 1224
"../../../Engine/Content/Internationalization/icudt64l/region/en_GB.res" 1225
"../../../Engine/Content/Internationalization/icudt64l/lang/en_GD.res" 1226
"../../../Engine/Content/Internationalization/icudt64l/region/en_GD.res" 1227
"../../../Engine/Content/Internationalization/icudt64l/lang/en_GG.res" 1228
"../../../Engine/Content/Internationalization/icudt64l/region/en_GG.res" 1229
"../../../Engine/Content/Internationalization/icudt64l/lang/en_GH.res" 1230
"../../../Engine/Content/Internationalization/icudt64l/region/en_GH.res" 1231
"../../../Engine/Content/Internationalization/icudt64l/lang/en_GI.res" 1232
"../../../Engine/Content/Internationalization/icudt64l/region/en_GI.res" 1233
"../../../Engine/Content/Internationalization/icudt64l/lang/en_GM.res" 1234
"../../../Engine/Content/Internationalization/icudt64l/region/en_GM.res" 1235
"../../../Engine/Content/Internationalization/icudt64l/lang/en_GY.res" 1236
"../../../Engine/Content/Internationalization/icudt64l/region/en_GY.res" 1237
"../../../Engine/Content/Internationalization/icudt64l/lang/en_HK.res" 1238
"../../../Engine/Content/Internationalization/icudt64l/region/en_HK.res" 1239
"../../../Engine/Content/Internationalization/icudt64l/lang/en_IE.res" 1240
"../../../Engine/Content/Internationalization/icudt64l/region/en_IE.res" 1241
"../../../Engine/Content/Internationalization/icudt64l/lang/en_IL.res" 1242
"../../../Engine/Content/Internationalization/icudt64l/region/en_IL.res" 1243
"../../../Engine/Content/Internationalization/icudt64l/lang/en_IM.res" 1244
"../../../Engine/Content/Internationalization/icudt64l/region/en_IM.res" 1245
"../../../Engine/Content/Internationalization/icudt64l/lang/en_IN.res" 1246
"../../../Engine/Content/Internationalization/icudt64l/region/en_IN.res" 1247
"../../../Engine/Content/Internationalization/icudt64l/lang/en_IO.res" 1248
"../../../Engine/Content/Internationalization/icudt64l/region/en_IO.res" 1249
"../../../Engine/Content/Internationalization/icudt64l/lang/en_JE.res" 1250
"../../../Engine/Content/Internationalization/icudt64l/region/en_JE.res" 1251
"../../../Engine/Content/Internationalization/icudt64l/lang/en_JM.res" 1252
"../../../Engine/Content/Internationalization/icudt64l/region/en_JM.res" 1253
"../../../Engine/Content/Internationalization/icudt64l/lang/en_KE.res" 1254
"../../../Engine/Content/Internationalization/icudt64l/region/en_KE.res" 1255
"../../../Engine/Content/Internationalization/icudt64l/lang/en_KI.res" 1256
"../../../Engine/Content/Internationalization/icudt64l/region/en_KI.res" 1257
"../../../Engine/Content/Internationalization/icudt64l/lang/en_KN.res" 1258
"../../../Engine/Content/Internationalization/icudt64l/region/en_KN.res" 1259
"../../../Engine/Content/Internationalization/icudt64l/lang/en_KY.res" 1260
"../../../Engine/Content/Internationalization/icudt64l/region/en_KY.res" 1261
"../../../Engine/Content/Internationalization/icudt64l/lang/en_LC.res" 1262
"../../../Engine/Content/Internationalization/icudt64l/region/en_LC.res" 1263
"../../../Engine/Content/Internationalization/icudt64l/lang/en_LR.res" 1264
"../../../Engine/Content/Internationalization/icudt64l/region/en_LR.res" 1265
"../../../Engine/Content/Internationalization/icudt64l/lang/en_LS.res" 1266
"../../../Engine/Content/Internationalization/icudt64l/region/en_LS.res" 1267
"../../../Engine/Content/Internationalization/icudt64l/lang/en_MG.res" 1268
"../../../Engine/Content/Internationalization/icudt64l/region/en_MG.res" 1269
"../../../Engine/Content/Internationalization/icudt64l/lang/en_MO.res" 1270
"../../../Engine/Content/Internationalization/icudt64l/region/en_MO.res" 1271
"../../../Engine/Content/Internationalization/icudt64l/lang/en_MS.res" 1272
"../../../Engine/Content/Internationalization/icudt64l/region/en_MS.res" 1273
"../../../Engine/Content/Internationalization/icudt64l/lang/en_MT.res" 1274
"../../../Engine/Content/Internationalization/icudt64l/region/en_MT.res" 1275
"../../../Engine/Content/Internationalization/icudt64l/lang/en_MU.res" 1276
"../../../Engine/Content/Internationalization/icudt64l/region/en_MU.res" 1277
"../../../Engine/Content/Internationalization/icudt64l/lang/en_MW.res" 1278
"../../../Engine/Content/Internationalization/icudt64l/region/en_MW.res" 1279
"../../../Engine/Content/Internationalization/icudt64l/lang/en_MY.res" 1280
"../../../Engine/Content/Internationalization/icudt64l/region/en_MY.res" 1281
"../../../Engine/Content/Internationalization/icudt64l/lang/en_NA.res" 1282
"../../../Engine/Content/Internationalization/icudt64l/region/en_NA.res" 1283
"../../../Engine/Content/Internationalization/icudt64l/lang/en_NF.res" 1284
"../../../Engine/Content/Internationalization/icudt64l/region/en_NF.res" 1285
"../../../Engine/Content/Internationalization/icudt64l/lang/en_NG.res" 1286
"../../../Engine/Content/Internationalization/icudt64l/region/en_NG.res" 1287
"../../../Engine/Content/Internationalization/icudt64l/lang/en_NL.res" 1288
"../../../Engine/Content/Internationalization/icudt64l/region/en_NL.res" 1289
"../../../Engine/Content/Internationalization/icudt64l/lang/en_NR.res" 1290
"../../../Engine/Content/Internationalization/icudt64l/region/en_NR.res" 1291
"../../../Engine/Content/Internationalization/icudt64l/lang/en_NU.res" 1292
"../../../Engine/Content/Internationalization/icudt64l/region/en_NU.res" 1293
"../../../Engine/Content/Internationalization/icudt64l/lang/en_NZ.res" 1294
"../../../Engine/Content/Internationalization/icudt64l/region/en_NZ.res" 1295
"../../../Engine/Content/Internationalization/icudt64l/lang/en_PG.res" 1296
"../../../Engine/Content/Internationalization/icudt64l/region/en_PG.res" 1297
"../../../Engine/Content/Internationalization/icudt64l/lang/en_PH.res" 1298
"../../../Engine/Content/Internationalization/icudt64l/region/en_PH.res" 1299
"../../../Engine/Content/Internationalization/icudt64l/lang/en_PK.res" 1300
"../../../Engine/Content/Internationalization/icudt64l/region/en_PK.res" 1301
"../../../Engine/Content/Internationalization/icudt64l/lang/en_PN.res" 1302
"../../../Engine/Content/Internationalization/icudt64l/region/en_PN.res" 1303
"../../../Engine/Content/Internationalization/icudt64l/lang/en_PW.res" 1304
"../../../Engine/Content/Internationalization/icudt64l/region/en_PW.res" 1305
"../../../Engine/Content/Internationalization/icudt64l/lang/en_RW.res" 1306
"../../../Engine/Content/Internationalization/icudt64l/region/en_RW.res" 1307
"../../../Engine/Content/Internationalization/icudt64l/lang/en_SB.res" 1308
"../../../Engine/Content/Internationalization/icudt64l/region/en_SB.res" 1309
"../../../Engine/Content/Internationalization/icudt64l/lang/en_SC.res" 1310
"../../../Engine/Content/Internationalization/icudt64l/region/en_SC.res" 1311
"../../../Engine/Content/Internationalization/icudt64l/lang/en_SD.res" 1312
"../../../Engine/Content/Internationalization/icudt64l/region/en_SD.res" 1313
"../../../Engine/Content/Internationalization/icudt64l/lang/en_SE.res" 1314
"../../../Engine/Content/Internationalization/icudt64l/region/en_SE.res" 1315
"../../../Engine/Content/Internationalization/icudt64l/lang/en_SG.res" 1316
"../../../Engine/Content/Internationalization/icudt64l/region/en_SG.res" 1317
"../../../Engine/Content/Internationalization/icudt64l/lang/en_SH.res" 1318
"../../../Engine/Content/Internationalization/icudt64l/region/en_SH.res" 1319
"../../../Engine/Content/Internationalization/icudt64l/lang/en_SI.res" 1320
"../../../Engine/Content/Internationalization/icudt64l/region/en_SI.res" 1321
"../../../Engine/Content/Internationalization/icudt64l/lang/en_SL.res" 1322
"../../../Engine/Content/Internationalization/icudt64l/region/en_SL.res" 1323
"../../../Engine/Content/Internationalization/icudt64l/lang/en_SS.res" 1324
"../../../Engine/Content/Internationalization/icudt64l/region/en_SS.res" 1325
"../../../Engine/Content/Internationalization/icudt64l/lang/en_SX.res" 1326
"../../../Engine/Content/Internationalization/icudt64l/region/en_SX.res" 1327
"../../../Engine/Content/Internationalization/icudt64l/lang/en_SZ.res" 1328
"../../../Engine/Content/Internationalization/icudt64l/region/en_SZ.res" 1329
"../../../Engine/Content/Internationalization/icudt64l/lang/en_TC.res" 1330
"../../../Engine/Content/Internationalization/icudt64l/region/en_TC.res" 1331
"../../../Engine/Content/Internationalization/icudt64l/lang/en_TK.res" 1332
"../../../Engine/Content/Internationalization/icudt64l/region/en_TK.res" 1333
"../../../Engine/Content/Internationalization/icudt64l/lang/en_TO.res" 1334
"../../../Engine/Content/Internationalization/icudt64l/region/en_TO.res" 1335
"../../../Engine/Content/Internationalization/icudt64l/lang/en_TT.res" 1336
"../../../Engine/Content/Internationalization/icudt64l/region/en_TT.res" 1337
"../../../Engine/Content/Internationalization/icudt64l/lang/en_TV.res" 1338
"../../../Engine/Content/Internationalization/icudt64l/region/en_TV.res" 1339
"../../../Engine/Content/Internationalization/icudt64l/lang/en_TZ.res" 1340
"../../../Engine/Content/Internationalization/icudt64l/region/en_TZ.res" 1341
"../../../Engine/Content/Internationalization/icudt64l/lang/en_UG.res" 1342
"../../../Engine/Content/Internationalization/icudt64l/region/en_UG.res" 1343
"../../../Engine/Content/Internationalization/icudt64l/lang/en_VC.res" 1344
"../../../Engine/Content/Internationalization/icudt64l/region/en_VC.res" 1345
"../../../Engine/Content/Internationalization/icudt64l/lang/en_VG.res" 1346
"../../../Engine/Content/Internationalization/icudt64l/region/en_VG.res" 1347
"../../../Engine/Content/Internationalization/icudt64l/lang/en_VU.res" 1348
"../../../Engine/Content/Internationalization/icudt64l/region/en_VU.res" 1349
"../../../Engine/Content/Internationalization/icudt64l/lang/en_WS.res" 1350
"../../../Engine/Content/Internationalization/icudt64l/region/en_WS.res" 1351
"../../../Engine/Content/Internationalization/icudt64l/lang/en_ZA.res" 1352
"../../../Engine/Content/Internationalization/icudt64l/region/en_ZA.res" 1353
"../../../Engine/Content/Internationalization/icudt64l/lang/en_ZM.res" 1354
"../../../Engine/Content/Internationalization/icudt64l/region/en_ZM.res" 1355
"../../../Engine/Content/Internationalization/icudt64l/lang/en_ZW.res" 1356
"../../../Engine/Content/Internationalization/icudt64l/region/en_ZW.res" 1357
"../../../Engine/Content/Internationalization/icudt64l/lang/eo.res" 1358
"../../../Engine/Content/Internationalization/icudt64l/region/eo.res" 1359
"../../../Engine/Content/Internationalization/icudt64l/lang/es.res" 1360
"../../../Engine/Content/Internationalization/icudt64l/lang/es_419.res" 1361
"../../../Engine/Content/Internationalization/icudt64l/region/es_419.res" 1362
"../../../Engine/Content/Internationalization/icudt64l/region/es.res" 1363
"../../../Engine/Content/Internationalization/icudt64l/lang/es_AR.res" 1364
"../../../Engine/Content/Internationalization/icudt64l/region/es_AR.res" 1365
"../../../Engine/Content/Internationalization/icudt64l/lang/es_BO.res" 1366
"../../../Engine/Content/Internationalization/icudt64l/region/es_BO.res" 1367
"../../../Engine/Content/Internationalization/icudt64l/lang/es_BR.res" 1368
"../../../Engine/Content/Internationalization/icudt64l/region/es_BR.res" 1369
"../../../Engine/Content/Internationalization/icudt64l/lang/es_BZ.res" 1370
"../../../Engine/Content/Internationalization/icudt64l/region/es_BZ.res" 1371
"../../../Engine/Content/Internationalization/icudt64l/lang/es_CL.res" 1372
"../../../Engine/Content/Internationalization/icudt64l/region/es_CL.res" 1373
"../../../Engine/Content/Internationalization/icudt64l/lang/es_CO.res" 1374
"../../../Engine/Content/Internationalization/icudt64l/region/es_CO.res" 1375
"../../../Engine/Content/Internationalization/icudt64l/lang/es_CR.res" 1376
"../../../Engine/Content/Internationalization/icudt64l/region/es_CR.res" 1377
"../../../Engine/Content/Internationalization/icudt64l/lang/es_CU.res" 1378
"../../../Engine/Content/Internationalization/icudt64l/region/es_CU.res" 1379
"../../../Engine/Content/Internationalization/icudt64l/lang/es_DO.res" 1380
"../../../Engine/Content/Internationalization/icudt64l/region/es_DO.res" 1381
"../../../Engine/Content/Internationalization/icudt64l/lang/es_EC.res" 1382
"../../../Engine/Content/Internationalization/icudt64l/region/es_EC.res" 1383
"../../../Engine/Content/Internationalization/icudt64l/lang/es_GT.res" 1384
"../../../Engine/Content/Internationalization/icudt64l/region/es_GT.res" 1385
"../../../Engine/Content/Internationalization/icudt64l/lang/es_HN.res" 1386
"../../../Engine/Content/Internationalization/icudt64l/region/es_HN.res" 1387
"../../../Engine/Content/Internationalization/icudt64l/lang/es_MX.res" 1388
"../../../Engine/Content/Internationalization/icudt64l/region/es_MX.res" 1389
"../../../Engine/Content/Internationalization/icudt64l/lang/es_NI.res" 1390
"../../../Engine/Content/Internationalization/icudt64l/region/es_NI.res" 1391
"../../../Engine/Content/Internationalization/icudt64l/lang/es_PA.res" 1392
"../../../Engine/Content/Internationalization/icudt64l/region/es_PA.res" 1393
"../../../Engine/Content/Internationalization/icudt64l/lang/es_PE.res" 1394
"../../../Engine/Content/Internationalization/icudt64l/region/es_PE.res" 1395
"../../../Engine/Content/Internationalization/icudt64l/lang/es_PR.res" 1396
"../../../Engine/Content/Internationalization/icudt64l/region/es_PR.res" 1397
"../../../Engine/Content/Internationalization/icudt64l/lang/es_PY.res" 1398
"../../../Engine/Content/Internationalization/icudt64l/region/es_PY.res" 1399
"../../../Engine/Content/Internationalization/icudt64l/lang/es_SV.res" 1400
"../../../Engine/Content/Internationalization/icudt64l/region/es_SV.res" 1401
"../../../Engine/Content/Internationalization/icudt64l/lang/es_US.res" 1402
"../../../Engine/Content/Internationalization/icudt64l/region/es_US.res" 1403
"../../../Engine/Content/Internationalization/icudt64l/lang/es_UY.res" 1404
"../../../Engine/Content/Internationalization/icudt64l/region/es_UY.res" 1405
"../../../Engine/Content/Internationalization/icudt64l/lang/es_VE.res" 1406
"../../../Engine/Content/Internationalization/icudt64l/region/es_VE.res" 1407
"../../../Engine/Content/Internationalization/icudt64l/lang/et.res" 1408
"../../../Engine/Content/Internationalization/icudt64l/region/et.res" 1409
"../../../Engine/Content/Internationalization/icudt64l/lang/eu.res" 1410
"../../../Engine/Content/Internationalization/icudt64l/region/eu.res" 1411
"../../../Engine/Content/Internationalization/icudt64l/lang/ewo.res" 1412
"../../../Engine/Content/Internationalization/icudt64l/region/ewo.res" 1413
"../../../Engine/Content/Internationalization/icudt64l/lang/fa.res" 1414
"../../../Engine/Content/Internationalization/icudt64l/lang/fa_AF.res" 1415
"../../../Engine/Content/Internationalization/icudt64l/region/fa_AF.res" 1416
"../../../Engine/Content/Internationalization/icudt64l/region/fa.res" 1417
"../../../Engine/Content/Internationalization/icudt64l/lang/ff.res" 1418
"../../../Engine/Content/Internationalization/icudt64l/lang/ff_Latn.res" 1419
"../../../Engine/Content/Internationalization/icudt64l/region/ff.res" 1420
"../../../Engine/Content/Internationalization/icudt64l/region/ff_Latn.res" 1421
"../../../Engine/Content/Internationalization/icudt64l/lang/ff_CM.res" 1422
"../../../Engine/Content/Internationalization/icudt64l/lang/ff_Latn_CM.res" 1423
"../../../Engine/Content/Internationalization/icudt64l/region/ff_CM.res" 1424
"../../../Engine/Content/Internationalization/icudt64l/region/ff_Latn_CM.res" 1425
"../../../Engine/Content/Internationalization/icudt64l/lang/ff_GN.res" 1426
"../../../Engine/Content/Internationalization/icudt64l/lang/ff_Latn_GN.res" 1427
"../../../Engine/Content/Internationalization/icudt64l/region/ff_GN.res" 1428
"../../../Engine/Content/Internationalization/icudt64l/region/ff_Latn_GN.res" 1429
"../../../Engine/Content/Internationalization/icudt64l/lang/ff_MR.res" 1430
"../../../Engine/Content/Internationalization/icudt64l/lang/ff_Latn_MR.res" 1431
"../../../Engine/Content/Internationalization/icudt64l/region/ff_MR.res" 1432
"../../../Engine/Content/Internationalization/icudt64l/region/ff_Latn_MR.res" 1433
"../../../Engine/Content/Internationalization/icudt64l/lang/ff_SN.res" 1434
"../../../Engine/Content/Internationalization/icudt64l/lang/ff_Latn_SN.res" 1435
"../../../Engine/Content/Internationalization/icudt64l/region/ff_SN.res" 1436
"../../../Engine/Content/Internationalization/icudt64l/region/ff_Latn_SN.res" 1437
"../../../Engine/Content/Internationalization/icudt64l/lang/fi.res" 1438
"../../../Engine/Content/Internationalization/icudt64l/region/fi.res" 1439
"../../../Engine/Content/Internationalization/icudt64l/lang/fil.res" 1440
"../../../Engine/Content/Internationalization/icudt64l/lang/fil_PH.res" 1441
"../../../Engine/Content/Internationalization/icudt64l/region/fil_PH.res" 1442
"../../../Engine/Content/Internationalization/icudt64l/region/fil.res" 1443
"../../../Engine/Content/Internationalization/icudt64l/lang/fo.res" 1444
"../../../Engine/Content/Internationalization/icudt64l/region/fo.res" 1445
"../../../Engine/Content/Internationalization/icudt64l/lang/fr.res" 1446
"../../../Engine/Content/Internationalization/icudt64l/lang/fr_BE.res" 1447
"../../../Engine/Content/Internationalization/icudt64l/region/fr_BE.res" 1448
"../../../Engine/Content/Internationalization/icudt64l/region/fr.res" 1449
"../../../Engine/Content/Internationalization/icudt64l/lang/fr_CA.res" 1450
"../../../Engine/Content/Internationalization/icudt64l/region/fr_CA.res" 1451
"../../../Engine/Content/Internationalization/icudt64l/lang/fr_CH.res" 1452
"../../../Engine/Content/Internationalization/icudt64l/lang/fur.res" 1453
"../../../Engine/Content/Internationalization/icudt64l/region/fur.res" 1454
"../../../Engine/Content/Internationalization/icudt64l/lang/fy.res" 1455
"../../../Engine/Content/Internationalization/icudt64l/region/fy.res" 1456
"../../../Engine/Content/Internationalization/icudt64l/lang/ga.res" 1457
"../../../Engine/Content/Internationalization/icudt64l/region/ga.res" 1458
"../../../Engine/Content/Internationalization/icudt64l/lang/gd.res" 1459
"../../../Engine/Content/Internationalization/icudt64l/region/gd.res" 1460
"../../../Engine/Content/Internationalization/icudt64l/lang/gl.res" 1461
"../../../Engine/Content/Internationalization/icudt64l/region/gl.res" 1462
"../../../Engine/Content/Internationalization/icudt64l/lang/gsw.res" 1463
"../../../Engine/Content/Internationalization/icudt64l/region/gsw.res" 1464
"../../../Engine/Content/Internationalization/icudt64l/lang/gu.res" 1465
"../../../Engine/Content/Internationalization/icudt64l/region/gu.res" 1466
"../../../Engine/Content/Internationalization/icudt64l/lang/guz.res" 1467
"../../../Engine/Content/Internationalization/icudt64l/region/guz.res" 1468
"../../../Engine/Content/Internationalization/icudt64l/lang/gv.res" 1469
"../../../Engine/Content/Internationalization/icudt64l/region/gv.res" 1470
"../../../Engine/Content/Internationalization/icudt64l/lang/ha.res" 1471
"../../../Engine/Content/Internationalization/icudt64l/region/ha.res" 1472
"../../../Engine/Content/Internationalization/icudt64l/lang/ha_NE.res" 1473
"../../../Engine/Content/Internationalization/icudt64l/region/ha_NE.res" 1474
"../../../Engine/Content/Internationalization/icudt64l/lang/haw.res" 1475
"../../../Engine/Content/Internationalization/icudt64l/region/haw.res" 1476
"../../../Engine/Content/Internationalization/icudt64l/lang/he.res" 1477
"../../../Engine/Content/Internationalization/icudt64l/lang/he_IL.res" 1478
"../../../Engine/Content/Internationalization/icudt64l/region/he_IL.res" 1479
"../../../Engine/Content/Internationalization/icudt64l/region/he.res" 1480
"../../../Engine/Content/Internationalization/icudt64l/lang/hi.res" 1481
"../../../Engine/Content/Internationalization/icudt64l/region/hi.res" 1482
"../../../Engine/Content/Internationalization/icudt64l/lang/hr.res" 1483
"../../../Engine/Content/Internationalization/icudt64l/region/hr.res" 1484
"../../../Engine/Content/Internationalization/icudt64l/lang/hsb.res" 1485
"../../../Engine/Content/Internationalization/icudt64l/region/hsb.res" 1486
"../../../Engine/Content/Internationalization/icudt64l/lang/hu.res" 1487
"../../../Engine/Content/Internationalization/icudt64l/region/hu.res" 1488
"../../../Engine/Content/Internationalization/icudt64l/lang/hy.res" 1489
"../../../Engine/Content/Internationalization/icudt64l/region/hy.res" 1490
"../../../Engine/Content/Internationalization/icudt64l/lang/ia.res" 1491
"../../../Engine/Content/Internationalization/icudt64l/region/ia.res" 1492
"../../../Engine/Content/Internationalization/icudt64l/lang/id.res" 1493
"../../../Engine/Content/Internationalization/icudt64l/lang/id_ID.res" 1494
"../../../Engine/Content/Internationalization/icudt64l/region/id_ID.res" 1495
"../../../Engine/Content/Internationalization/icudt64l/region/id.res" 1496
"../../../Engine/Content/Internationalization/icudt64l/lang/ig.res" 1497
"../../../Engine/Content/Internationalization/icudt64l/region/ig.res" 1498
"../../../Engine/Content/Internationalization/icudt64l/lang/ii.res" 1499
"../../../Engine/Content/Internationalization/icudt64l/region/ii.res" 1500
"../../../Engine/Content/Internationalization/icudt64l/lang/is.res" 1501
"../../../Engine/Content/Internationalization/icudt64l/region/is.res" 1502
"../../../Engine/Content/Internationalization/icudt64l/lang/it.res" 1503
"../../../Engine/Content/Internationalization/icudt64l/region/it.res" 1504
"../../../Engine/Content/Internationalization/icudt64l/lang/ja.res" 1505
"../../../Engine/Content/Internationalization/icudt64l/lang/ja_JP.res" 1506
"../../../Engine/Content/Internationalization/icudt64l/region/ja_JP.res" 1507
"../../../Engine/Content/Internationalization/icudt64l/region/ja.res" 1508
"../../../Engine/Content/Internationalization/icudt64l/lang/jgo.res" 1509
"../../../Engine/Content/Internationalization/icudt64l/region/jgo.res" 1510
"../../../Engine/Content/Internationalization/icudt64l/lang/jmc.res" 1511
"../../../Engine/Content/Internationalization/icudt64l/region/jmc.res" 1512
"../../../Engine/Content/Internationalization/icudt64l/lang/jv.res" 1513
"../../../Engine/Content/Internationalization/icudt64l/region/jv.res" 1514
"../../../Engine/Content/Internationalization/icudt64l/lang/ka.res" 1515
"../../../Engine/Content/Internationalization/icudt64l/region/ka.res" 1516
"../../../Engine/Content/Internationalization/icudt64l/lang/kab.res" 1517
"../../../Engine/Content/Internationalization/icudt64l/region/kab.res" 1518
"../../../Engine/Content/Internationalization/icudt64l/lang/kam.res" 1519
"../../../Engine/Content/Internationalization/icudt64l/region/kam.res" 1520
"../../../Engine/Content/Internationalization/icudt64l/lang/kde.res" 1521
"../../../Engine/Content/Internationalization/icudt64l/region/kde.res" 1522
"../../../Engine/Content/Internationalization/icudt64l/lang/kea.res" 1523
"../../../Engine/Content/Internationalization/icudt64l/region/kea.res" 1524
"../../../Engine/Content/Internationalization/icudt64l/lang/khq.res" 1525
"../../../Engine/Content/Internationalization/icudt64l/region/khq.res" 1526
"../../../Engine/Content/Internationalization/icudt64l/lang/ki.res" 1527
"../../../Engine/Content/Internationalization/icudt64l/region/ki.res" 1528
"../../../Engine/Content/Internationalization/icudt64l/lang/kk.res" 1529
"../../../Engine/Content/Internationalization/icudt64l/region/kk.res" 1530
"../../../Engine/Content/Internationalization/icudt64l/lang/kkj.res" 1531
"../../../Engine/Content/Internationalization/icudt64l/region/kkj.res" 1532
"../../../Engine/Content/Internationalization/icudt64l/lang/kl.res" 1533
"../../../Engine/Content/Internationalization/icudt64l/region/kl.res" 1534
"../../../Engine/Content/Internationalization/icudt64l/lang/kln.res" 1535
"../../../Engine/Content/Internationalization/icudt64l/region/kln.res" 1536
"../../../Engine/Content/Internationalization/icudt64l/lang/km.res" 1537
"../../../Engine/Content/Internationalization/icudt64l/region/km.res" 1538
"../../../Engine/Content/Internationalization/icudt64l/lang/kn.res" 1539
"../../../Engine/Content/Internationalization/icudt64l/region/kn.res" 1540
"../../../Engine/Content/Internationalization/icudt64l/lang/ko.res" 1541
"../../../Engine/Content/Internationalization/icudt64l/region/ko_KP.res" 1542
"../../../Engine/Content/Internationalization/icudt64l/region/ko.res" 1543
"../../../Engine/Content/Internationalization/icudt64l/lang/kok.res" 1544
"../../../Engine/Content/Internationalization/icudt64l/region/kok.res" 1545
"../../../Engine/Content/Internationalization/icudt64l/lang/ks.res" 1546
"../../../Engine/Content/Internationalization/icudt64l/region/ks.res" 1547
"../../../Engine/Content/Internationalization/icudt64l/lang/ksb.res" 1548
"../../../Engine/Content/Internationalization/icudt64l/region/ksb.res" 1549
"../../../Engine/Content/Internationalization/icudt64l/lang/ksf.res" 1550
"../../../Engine/Content/Internationalization/icudt64l/region/ksf.res" 1551
"../../../Engine/Content/Internationalization/icudt64l/lang/ksh.res" 1552
"../../../Engine/Content/Internationalization/icudt64l/region/ksh.res" 1553
"../../../Engine/Content/Internationalization/icudt64l/lang/ku.res" 1554
"../../../Engine/Content/Internationalization/icudt64l/region/ku.res" 1555
"../../../Engine/Content/Internationalization/icudt64l/lang/kw.res" 1556
"../../../Engine/Content/Internationalization/icudt64l/region/kw.res" 1557
"../../../Engine/Content/Internationalization/icudt64l/lang/ky.res" 1558
"../../../Engine/Content/Internationalization/icudt64l/region/ky.res" 1559
"../../../Engine/Content/Internationalization/icudt64l/lang/lag.res" 1560
"../../../Engine/Content/Internationalization/icudt64l/region/lag.res" 1561
"../../../Engine/Content/Internationalization/icudt64l/lang/lb.res" 1562
"../../../Engine/Content/Internationalization/icudt64l/region/lb.res" 1563
"../../../Engine/Content/Internationalization/icudt64l/lang/lg.res" 1564
"../../../Engine/Content/Internationalization/icudt64l/region/lg.res" 1565
"../../../Engine/Content/Internationalization/icudt64l/lang/lkt.res" 1566
"../../../Engine/Content/Internationalization/icudt64l/region/lkt.res" 1567
"../../../Engine/Content/Internationalization/icudt64l/lang/ln.res" 1568
"../../../Engine/Content/Internationalization/icudt64l/region/ln.res" 1569
"../../../Engine/Content/Internationalization/icudt64l/lang/lo.res" 1570
"../../../Engine/Content/Internationalization/icudt64l/region/lo.res" 1571
"../../../Engine/Content/Internationalization/icudt64l/lang/lrc.res" 1572
"../../../Engine/Content/Internationalization/icudt64l/region/lrc.res" 1573
"../../../Engine/Content/Internationalization/icudt64l/lang/lt.res" 1574
"../../../Engine/Content/Internationalization/icudt64l/region/lt.res" 1575
"../../../Engine/Content/Internationalization/icudt64l/lang/lu.res" 1576
"../../../Engine/Content/Internationalization/icudt64l/region/lu.res" 1577
"../../../Engine/Content/Internationalization/icudt64l/lang/luo.res" 1578
"../../../Engine/Content/Internationalization/icudt64l/region/luo.res" 1579
"../../../Engine/Content/Internationalization/icudt64l/lang/luy.res" 1580
"../../../Engine/Content/Internationalization/icudt64l/region/luy.res" 1581
"../../../Engine/Content/Internationalization/icudt64l/lang/lv.res" 1582
"../../../Engine/Content/Internationalization/icudt64l/region/lv.res" 1583
"../../../Engine/Content/Internationalization/icudt64l/lang/mas.res" 1584
"../../../Engine/Content/Internationalization/icudt64l/region/mas.res" 1585
"../../../Engine/Content/Internationalization/icudt64l/lang/mer.res" 1586
"../../../Engine/Content/Internationalization/icudt64l/region/mer.res" 1587
"../../../Engine/Content/Internationalization/icudt64l/lang/mfe.res" 1588
"../../../Engine/Content/Internationalization/icudt64l/region/mfe.res" 1589
"../../../Engine/Content/Internationalization/icudt64l/lang/mg.res" 1590
"../../../Engine/Content/Internationalization/icudt64l/region/mg.res" 1591
"../../../Engine/Content/Internationalization/icudt64l/lang/mgh.res" 1592
"../../../Engine/Content/Internationalization/icudt64l/region/mgh.res" 1593
"../../../Engine/Content/Internationalization/icudt64l/lang/mgo.res" 1594
"../../../Engine/Content/Internationalization/icudt64l/region/mgo.res" 1595
"../../../Engine/Content/Internationalization/icudt64l/lang/mi.res" 1596
"../../../Engine/Content/Internationalization/icudt64l/region/mi.res" 1597
"../../../Engine/Content/Internationalization/icudt64l/lang/mk.res" 1598
"../../../Engine/Content/Internationalization/icudt64l/region/mk.res" 1599
"../../../Engine/Content/Internationalization/icudt64l/lang/ml.res" 1600
"../../../Engine/Content/Internationalization/icudt64l/region/ml.res" 1601
"../../../Engine/Content/Internationalization/icudt64l/lang/mn.res" 1602
"../../../Engine/Content/Internationalization/icudt64l/region/mn.res" 1603
"../../../Engine/Content/Internationalization/icudt64l/lang/mr.res" 1604
"../../../Engine/Content/Internationalization/icudt64l/region/mr.res" 1605
"../../../Engine/Content/Internationalization/icudt64l/lang/ms.res" 1606
"../../../Engine/Content/Internationalization/icudt64l/region/ms.res" 1607
"../../../Engine/Content/Internationalization/icudt64l/lang/mt.res" 1608
"../../../Engine/Content/Internationalization/icudt64l/region/mt.res" 1609
"../../../Engine/Content/Internationalization/icudt64l/lang/mua.res" 1610
"../../../Engine/Content/Internationalization/icudt64l/region/mua.res" 1611
"../../../Engine/Content/Internationalization/icudt64l/lang/my.res" 1612
"../../../Engine/Content/Internationalization/icudt64l/region/my.res" 1613
"../../../Engine/Content/Internationalization/icudt64l/lang/mzn.res" 1614
"../../../Engine/Content/Internationalization/icudt64l/region/mzn.res" 1615
"../../../Engine/Content/Internationalization/icudt64l/lang/naq.res" 1616
"../../../Engine/Content/Internationalization/icudt64l/region/naq.res" 1617
"../../../Engine/Content/Internationalization/icudt64l/lang/nb.res" 1618
"../../../Engine/Content/Internationalization/icudt64l/lang/nb_NO.res" 1619
"../../../Engine/Content/Internationalization/icudt64l/region/nb_NO.res" 1620
"../../../Engine/Content/Internationalization/icudt64l/region/nb.res" 1621
"../../../Engine/Content/Internationalization/icudt64l/lang/nd.res" 1622
"../../../Engine/Content/Internationalization/icudt64l/region/nd.res" 1623
"../../../Engine/Content/Internationalization/icudt64l/lang/nds.res" 1624
"../../../Engine/Content/Internationalization/icudt64l/region/nds.res" 1625
"../../../Engine/Content/Internationalization/icudt64l/lang/ne.res" 1626
"../../../Engine/Content/Internationalization/icudt64l/region/ne.res" 1627
"../../../Engine/Content/Internationalization/icudt64l/lang/nl.res" 1628
"../../../Engine/Content/Internationalization/icudt64l/region/nl.res" 1629
"../../../Engine/Content/Internationalization/icudt64l/lang/nmg.res" 1630
"../../../Engine/Content/Internationalization/icudt64l/region/nmg.res" 1631
"../../../Engine/Content/Internationalization/icudt64l/lang/nn.res" 1632
"../../../Engine/Content/Internationalization/icudt64l/lang/nn_NO.res" 1633
"../../../Engine/Content/Internationalization/icudt64l/region/nn_NO.res" 1634
"../../../Engine/Content/Internationalization/icudt64l/region/nn.res" 1635
"../../../Engine/Content/Internationalization/icudt64l/lang/nnh.res" 1636
"../../../Engine/Content/Internationalization/icudt64l/region/nnh.res" 1637
"../../../Engine/Content/Internationalization/icudt64l/lang/nus.res" 1638
"../../../Engine/Content/Internationalization/icudt64l/region/nus.res" 1639
"../../../Engine/Content/Internationalization/icudt64l/lang/nyn.res" 1640
"../../../Engine/Content/Internationalization/icudt64l/region/nyn.res" 1641
"../../../Engine/Content/Internationalization/icudt64l/lang/om.res" 1642
"../../../Engine/Content/Internationalization/icudt64l/region/om.res" 1643
"../../../Engine/Content/Internationalization/icudt64l/lang/or.res" 1644
"../../../Engine/Content/Internationalization/icudt64l/region/or.res" 1645
"../../../Engine/Content/Internationalization/icudt64l/lang/os.res" 1646
"../../../Engine/Content/Internationalization/icudt64l/region/os.res" 1647
"../../../Engine/Content/Internationalization/icudt64l/lang/pa.res" 1648
"../../../Engine/Content/Internationalization/icudt64l/lang/pa_Arab.res" 1649
"../../../Engine/Content/Internationalization/icudt64l/lang/pa_PK.res" 1650
"../../../Engine/Content/Internationalization/icudt64l/lang/pa_Arab_PK.res" 1651
"../../../Engine/Content/Internationalization/icudt64l/region/pa_PK.res" 1652
"../../../Engine/Content/Internationalization/icudt64l/region/pa_Arab_PK.res" 1653
"../../../Engine/Content/Internationalization/icudt64l/region/pa_Arab.res" 1654
"../../../Engine/Content/Internationalization/icudt64l/lang/pa_Guru.res" 1655
"../../../Engine/Content/Internationalization/icudt64l/lang/pa_IN.res" 1656
"../../../Engine/Content/Internationalization/icudt64l/lang/pa_Guru_IN.res" 1657
"../../../Engine/Content/Internationalization/icudt64l/region/pa_IN.res" 1658
"../../../Engine/Content/Internationalization/icudt64l/region/pa_Guru_IN.res" 1659
"../../../Engine/Content/Internationalization/icudt64l/region/pa_Guru.res" 1660
"../../../Engine/Content/Internationalization/icudt64l/region/pa.res" 1661
"../../../Engine/Content/Internationalization/icudt64l/lang/pl.res" 1662
"../../../Engine/Content/Internationalization/icudt64l/region/pl.res" 1663
"../../../Engine/Content/Internationalization/icudt64l/lang/ps.res" 1664
"../../../Engine/Content/Internationalization/icudt64l/region/ps.res" 1665
"../../../Engine/Content/Internationalization/icudt64l/lang/ps_PK.res" 1666
"../../../Engine/Content/Internationalization/icudt64l/region/ps_PK.res" 1667
"../../../Engine/Content/Internationalization/icudt64l/lang/pt.res" 1668
"../../../Engine/Content/Internationalization/icudt64l/lang/pt_AO.res" 1669
"../../../Engine/Content/Internationalization/icudt64l/lang/pt_PT.res" 1670
"../../../Engine/Content/Internationalization/icudt64l/region/pt_AO.res" 1671
"../../../Engine/Content/Internationalization/icudt64l/region/pt_PT.res" 1672
"../../../Engine/Content/Internationalization/icudt64l/region/pt.res" 1673
"../../../Engine/Content/Internationalization/icudt64l/lang/pt_CH.res" 1674
"../../../Engine/Content/Internationalization/icudt64l/region/pt_CH.res" 1675
"../../../Engine/Content/Internationalization/icudt64l/lang/pt_CV.res" 1676
"../../../Engine/Content/Internationalization/icudt64l/region/pt_CV.res" 1677
"../../../Engine/Content/Internationalization/icudt64l/lang/pt_GQ.res" 1678
"../../../Engine/Content/Internationalization/icudt64l/region/pt_GQ.res" 1679
"../../../Engine/Content/Internationalization/icudt64l/lang/pt_GW.res" 1680
"../../../Engine/Content/Internationalization/icudt64l/region/pt_GW.res" 1681
"../../../Engine/Content/Internationalization/icudt64l/lang/pt_LU.res" 1682
"../../../Engine/Content/Internationalization/icudt64l/region/pt_LU.res" 1683
"../../../Engine/Content/Internationalization/icudt64l/lang/pt_MO.res" 1684
"../../../Engine/Content/Internationalization/icudt64l/region/pt_MO.res" 1685
"../../../Engine/Content/Internationalization/icudt64l/lang/pt_MZ.res" 1686
"../../../Engine/Content/Internationalization/icudt64l/region/pt_MZ.res" 1687
"../../../Engine/Content/Internationalization/icudt64l/lang/pt_ST.res" 1688
"../../../Engine/Content/Internationalization/icudt64l/region/pt_ST.res" 1689
"../../../Engine/Content/Internationalization/icudt64l/lang/pt_TL.res" 1690
"../../../Engine/Content/Internationalization/icudt64l/region/pt_TL.res" 1691
"../../../Engine/Content/Internationalization/icudt64l/lang/qu.res" 1692
"../../../Engine/Content/Internationalization/icudt64l/region/qu.res" 1693
"../../../Engine/Content/Internationalization/icudt64l/lang/rm.res" 1694
"../../../Engine/Content/Internationalization/icudt64l/region/rm.res" 1695
"../../../Engine/Content/Internationalization/icudt64l/lang/rn.res" 1696
"../../../Engine/Content/Internationalization/icudt64l/region/rn.res" 1697
"../../../Engine/Content/Internationalization/icudt64l/lang/ro.res" 1698
"../../../Engine/Content/Internationalization/icudt64l/lang/ro_MD.res" 1699
"../../../Engine/Content/Internationalization/icudt64l/region/ro_MD.res" 1700
"../../../Engine/Content/Internationalization/icudt64l/region/ro.res" 1701
"../../../Engine/Content/Internationalization/icudt64l/lang/rof.res" 1702
"../../../Engine/Content/Internationalization/icudt64l/region/rof.res" 1703
"../../../Engine/Content/Internationalization/icudt64l/region/ru_UA.res" 1704
"../../../Engine/Content/Internationalization/icudt64l/lang/rw.res" 1705
"../../../Engine/Content/Internationalization/icudt64l/region/rw.res" 1706
"../../../Engine/Content/Internationalization/icudt64l/lang/rwk.res" 1707
"../../../Engine/Content/Internationalization/icudt64l/region/rwk.res" 1708
"../../../Engine/Content/Internationalization/icudt64l/lang/sah.res" 1709
"../../../Engine/Content/Internationalization/icudt64l/region/sah.res" 1710
"../../../Engine/Content/Internationalization/icudt64l/lang/saq.res" 1711
"../../../Engine/Content/Internationalization/icudt64l/region/saq.res" 1712
"../../../Engine/Content/Internationalization/icudt64l/lang/sbp.res" 1713
"../../../Engine/Content/Internationalization/icudt64l/region/sbp.res" 1714
"../../../Engine/Content/Internationalization/icudt64l/lang/sd.res" 1715
"../../../Engine/Content/Internationalization/icudt64l/region/sd.res" 1716
"../../../Engine/Content/Internationalization/icudt64l/lang/se.res" 1717
"../../../Engine/Content/Internationalization/icudt64l/lang/se_FI.res" 1718
"../../../Engine/Content/Internationalization/icudt64l/region/se_FI.res" 1719
"../../../Engine/Content/Internationalization/icudt64l/region/se.res" 1720
"../../../Engine/Content/Internationalization/icudt64l/lang/seh.res" 1721
"../../../Engine/Content/Internationalization/icudt64l/region/seh.res" 1722
"../../../Engine/Content/Internationalization/icudt64l/lang/ses.res" 1723
"../../../Engine/Content/Internationalization/icudt64l/region/ses.res" 1724
"../../../Engine/Content/Internationalization/icudt64l/lang/sg.res" 1725
"../../../Engine/Content/Internationalization/icudt64l/region/sg.res" 1726
"../../../Engine/Content/Internationalization/icudt64l/lang/shi.res" 1727
"../../../Engine/Content/Internationalization/icudt64l/lang/shi_Latn.res" 1728
"../../../Engine/Content/Internationalization/icudt64l/lang/shi_MA.res" 1729
"../../../Engine/Content/Internationalization/icudt64l/lang/shi_Tfng_MA.res" 1730
"../../../Engine/Content/Internationalization/icudt64l/lang/shi_Tfng.res" 1731
"../../../Engine/Content/Internationalization/icudt64l/region/shi_MA.res" 1732
"../../../Engine/Content/Internationalization/icudt64l/region/shi_Tfng_MA.res" 1733
"../../../Engine/Content/Internationalization/icudt64l/region/shi_Tfng.res" 1734
"../../../Engine/Content/Internationalization/icudt64l/region/shi.res" 1735
"../../../Engine/Content/Internationalization/icudt64l/region/shi_Latn.res" 1736
"../../../Engine/Content/Internationalization/icudt64l/lang/si.res" 1737
"../../../Engine/Content/Internationalization/icudt64l/region/si.res" 1738
"../../../Engine/Content/Internationalization/icudt64l/lang/sk.res" 1739
"../../../Engine/Content/Internationalization/icudt64l/region/sk.res" 1740
"../../../Engine/Content/Internationalization/icudt64l/lang/sl.res" 1741
"../../../Engine/Content/Internationalization/icudt64l/region/sl.res" 1742
"../../../Engine/Content/Internationalization/icudt64l/lang/smn.res" 1743
"../../../Engine/Content/Internationalization/icudt64l/region/smn.res" 1744
"../../../Engine/Content/Internationalization/icudt64l/lang/sn.res" 1745
"../../../Engine/Content/Internationalization/icudt64l/region/sn.res" 1746
"../../../Engine/Content/Internationalization/icudt64l/lang/so.res" 1747
"../../../Engine/Content/Internationalization/icudt64l/region/so.res" 1748
"../../../Engine/Content/Internationalization/icudt64l/lang/sq.res" 1749
"../../../Engine/Content/Internationalization/icudt64l/region/sq.res" 1750
"../../../Engine/Content/Internationalization/icudt64l/lang/sr.res" 1751
"../../../Engine/Content/Internationalization/icudt64l/lang/sr_Cyrl.res" 1752
"../../../Engine/Content/Internationalization/icudt64l/lang/sr_BA.res" 1753
"../../../Engine/Content/Internationalization/icudt64l/lang/sr_Cyrl_BA.res" 1754
"../../../Engine/Content/Internationalization/icudt64l/region/sr_BA.res" 1755
"../../../Engine/Content/Internationalization/icudt64l/region/sr_Cyrl_BA.res" 1756
"../../../Engine/Content/Internationalization/icudt64l/region/sr_Cyrl.res" 1757
"../../../Engine/Content/Internationalization/icudt64l/region/sr.res" 1758
"../../../Engine/Content/Internationalization/icudt64l/lang/sr_ME.res" 1759
"../../../Engine/Content/Internationalization/icudt64l/lang/sr_Latn_ME.res" 1760
"../../../Engine/Content/Internationalization/icudt64l/lang/sr_Latn.res" 1761
"../../../Engine/Content/Internationalization/icudt64l/region/sr_ME.res" 1762
"../../../Engine/Content/Internationalization/icudt64l/region/sr_Latn_ME.res" 1763
"../../../Engine/Content/Internationalization/icudt64l/region/sr_Latn.res" 1764
"../../../Engine/Content/Internationalization/icudt64l/lang/sr_Cyrl_ME.res" 1765
"../../../Engine/Content/Internationalization/icudt64l/region/sr_Cyrl_ME.res" 1766
"../../../Engine/Content/Internationalization/icudt64l/lang/sr_RS.res" 1767
"../../../Engine/Content/Internationalization/icudt64l/lang/sr_Cyrl_RS.res" 1768
"../../../Engine/Content/Internationalization/icudt64l/region/sr_RS.res" 1769
"../../../Engine/Content/Internationalization/icudt64l/region/sr_Cyrl_RS.res" 1770
"../../../Engine/Content/Internationalization/icudt64l/lang/sr_XK.res" 1771
"../../../Engine/Content/Internationalization/icudt64l/lang/sr_Cyrl_XK.res" 1772
"../../../Engine/Content/Internationalization/icudt64l/region/sr_XK.res" 1773
"../../../Engine/Content/Internationalization/icudt64l/region/sr_Cyrl_XK.res" 1774
"../../../Engine/Content/Internationalization/icudt64l/lang/sr_Latn_BA.res" 1775
"../../../Engine/Content/Internationalization/icudt64l/region/sr_Latn_BA.res" 1776
"../../../Engine/Content/Internationalization/icudt64l/lang/sr_Latn_RS.res" 1777
"../../../Engine/Content/Internationalization/icudt64l/region/sr_Latn_RS.res" 1778
"../../../Engine/Content/Internationalization/icudt64l/lang/sr_Latn_XK.res" 1779
"../../../Engine/Content/Internationalization/icudt64l/region/sr_Latn_XK.res" 1780
"../../../Engine/Content/Internationalization/icudt64l/lang/sv.res" 1781
"../../../Engine/Content/Internationalization/icudt64l/region/sv.res" 1782
"../../../Engine/Content/Internationalization/icudt64l/lang/sv_FI.res" 1783
"../../../Engine/Content/Internationalization/icudt64l/lang/sw.res" 1784
"../../../Engine/Content/Internationalization/icudt64l/lang/sw_CD.res" 1785
"../../../Engine/Content/Internationalization/icudt64l/region/sw_CD.res" 1786
"../../../Engine/Content/Internationalization/icudt64l/region/sw.res" 1787
"../../../Engine/Content/Internationalization/icudt64l/lang/sw_KE.res" 1788
"../../../Engine/Content/Internationalization/icudt64l/region/sw_KE.res" 1789
"../../../Engine/Content/Internationalization/icudt64l/lang/ta.res" 1790
"../../../Engine/Content/Internationalization/icudt64l/region/ta.res" 1791
"../../../Engine/Content/Internationalization/icudt64l/lang/te.res" 1792
"../../../Engine/Content/Internationalization/icudt64l/region/te.res" 1793
"../../../Engine/Content/Internationalization/icudt64l/lang/teo.res" 1794
"../../../Engine/Content/Internationalization/icudt64l/region/teo.res" 1795
"../../../Engine/Content/Internationalization/icudt64l/lang/tg.res" 1796
"../../../Engine/Content/Internationalization/icudt64l/region/tg.res" 1797
"../../../Engine/Content/Internationalization/icudt64l/lang/th.res" 1798
"../../../Engine/Content/Internationalization/icudt64l/lang/th_TH.res" 1799
"../../../Engine/Content/Internationalization/icudt64l/region/th_TH.res" 1800
"../../../Engine/Content/Internationalization/icudt64l/region/th.res" 1801
"../../../Engine/Content/Internationalization/icudt64l/lang/ti.res" 1802
"../../../Engine/Content/Internationalization/icudt64l/region/ti.res" 1803
"../../../Engine/Content/Internationalization/icudt64l/lang/tk.res" 1804
"../../../Engine/Content/Internationalization/icudt64l/region/tk.res" 1805
"../../../Engine/Content/Internationalization/icudt64l/lang/to.res" 1806
"../../../Engine/Content/Internationalization/icudt64l/region/to.res" 1807
"../../../Engine/Content/Internationalization/icudt64l/lang/tr.res" 1808
"../../../Engine/Content/Internationalization/icudt64l/region/tr.res" 1809
"../../../Engine/Content/Internationalization/icudt64l/lang/tt.res" 1810
"../../../Engine/Content/Internationalization/icudt64l/region/tt.res" 1811
"../../../Engine/Content/Internationalization/icudt64l/lang/twq.res" 1812
"../../../Engine/Content/Internationalization/icudt64l/region/twq.res" 1813
"../../../Engine/Content/Internationalization/icudt64l/lang/tzm.res" 1814
"../../../Engine/Content/Internationalization/icudt64l/region/tzm.res" 1815
"../../../Engine/Content/Internationalization/icudt64l/lang/ug.res" 1816
"../../../Engine/Content/Internationalization/icudt64l/region/ug.res" 1817
"../../../Engine/Content/Internationalization/icudt64l/lang/uk.res" 1818
"../../../Engine/Content/Internationalization/icudt64l/region/uk.res" 1819
"../../../Engine/Content/Internationalization/icudt64l/lang/ur.res" 1820
"../../../Engine/Content/Internationalization/icudt64l/lang/ur_IN.res" 1821
"../../../Engine/Content/Internationalization/icudt64l/region/ur_IN.res" 1822
"../../../Engine/Content/Internationalization/icudt64l/region/ur.res" 1823
"../../../Engine/Content/Internationalization/icudt64l/lang/uz.res" 1824
"../../../Engine/Content/Internationalization/icudt64l/lang/uz_Arab.res" 1825
"../../../Engine/Content/Internationalization/icudt64l/lang/uz_AF.res" 1826
"../../../Engine/Content/Internationalization/icudt64l/lang/uz_Arab_AF.res" 1827
"../../../Engine/Content/Internationalization/icudt64l/region/uz_AF.res" 1828
"../../../Engine/Content/Internationalization/icudt64l/region/uz_Arab_AF.res" 1829
"../../../Engine/Content/Internationalization/icudt64l/region/uz_Arab.res" 1830
"../../../Engine/Content/Internationalization/icudt64l/lang/uz_Cyrl.res" 1831
"../../../Engine/Content/Internationalization/icudt64l/lang/uz_UZ.res" 1832
"../../../Engine/Content/Internationalization/icudt64l/lang/uz_Latn_UZ.res" 1833
"../../../Engine/Content/Internationalization/icudt64l/lang/uz_Latn.res" 1834
"../../../Engine/Content/Internationalization/icudt64l/region/uz_UZ.res" 1835
"../../../Engine/Content/Internationalization/icudt64l/region/uz_Latn_UZ.res" 1836
"../../../Engine/Content/Internationalization/icudt64l/region/uz_Latn.res" 1837
"../../../Engine/Content/Internationalization/icudt64l/region/uz.res" 1838
"../../../Engine/Content/Internationalization/icudt64l/region/uz_Cyrl.res" 1839
"../../../Engine/Content/Internationalization/icudt64l/lang/vai.res" 1840
"../../../Engine/Content/Internationalization/icudt64l/lang/vai_Latn.res" 1841
"../../../Engine/Content/Internationalization/icudt64l/lang/vai_LR.res" 1842
"../../../Engine/Content/Internationalization/icudt64l/lang/vai_Vaii_LR.res" 1843
"../../../Engine/Content/Internationalization/icudt64l/lang/vai_Vaii.res" 1844
"../../../Engine/Content/Internationalization/icudt64l/region/vai_LR.res" 1845
"../../../Engine/Content/Internationalization/icudt64l/region/vai_Vaii_LR.res" 1846
"../../../Engine/Content/Internationalization/icudt64l/region/vai_Vaii.res" 1847
"../../../Engine/Content/Internationalization/icudt64l/region/vai.res" 1848
"../../../Engine/Content/Internationalization/icudt64l/region/vai_Latn.res" 1849
"../../../Engine/Content/Internationalization/icudt64l/lang/vi.res" 1850
"../../../Engine/Content/Internationalization/icudt64l/region/vi.res" 1851
"../../../Engine/Content/Internationalization/icudt64l/lang/vun.res" 1852
"../../../Engine/Content/Internationalization/icudt64l/region/vun.res" 1853
"../../../Engine/Content/Internationalization/icudt64l/lang/wae.res" 1854
"../../../Engine/Content/Internationalization/icudt64l/region/wae.res" 1855
"../../../Engine/Content/Internationalization/icudt64l/lang/wo.res" 1856
"../../../Engine/Content/Internationalization/icudt64l/region/wo.res" 1857
"../../../Engine/Content/Internationalization/icudt64l/lang/xh.res" 1858
"../../../Engine/Content/Internationalization/icudt64l/region/xh.res" 1859
"../../../Engine/Content/Internationalization/icudt64l/lang/xog.res" 1860
"../../../Engine/Content/Internationalization/icudt64l/region/xog.res" 1861
"../../../Engine/Content/Internationalization/icudt64l/lang/yav.res" 1862
"../../../Engine/Content/Internationalization/icudt64l/region/yav.res" 1863
"../../../Engine/Content/Internationalization/icudt64l/lang/yi.res" 1864
"../../../Engine/Content/Internationalization/icudt64l/region/yi.res" 1865
"../../../Engine/Content/Internationalization/icudt64l/lang/yo.res" 1866
"../../../Engine/Content/Internationalization/icudt64l/lang/yo_BJ.res" 1867
"../../../Engine/Content/Internationalization/icudt64l/region/yo_BJ.res" 1868
"../../../Engine/Content/Internationalization/icudt64l/region/yo.res" 1869
"../../../Engine/Content/Internationalization/icudt64l/lang/yue.res" 1870
"../../../Engine/Content/Internationalization/icudt64l/lang/yue_Hans.res" 1871
"../../../Engine/Content/Internationalization/icudt64l/lang/yue_CN.res" 1872
"../../../Engine/Content/Internationalization/icudt64l/lang/yue_Hans_CN.res" 1873
"../../../Engine/Content/Internationalization/icudt64l/region/yue_CN.res" 1874
"../../../Engine/Content/Internationalization/icudt64l/region/yue_Hans_CN.res" 1875
"../../../Engine/Content/Internationalization/icudt64l/region/yue_Hans.res" 1876
"../../../Engine/Content/Internationalization/icudt64l/lang/yue_Hant.res" 1877
"../../../Engine/Content/Internationalization/icudt64l/lang/yue_HK.res" 1878
"../../../Engine/Content/Internationalization/icudt64l/lang/yue_Hant_HK.res" 1879
"../../../Engine/Content/Internationalization/icudt64l/region/yue_HK.res" 1880
"../../../Engine/Content/Internationalization/icudt64l/region/yue_Hant_HK.res" 1881
"../../../Engine/Content/Internationalization/icudt64l/region/yue_Hant.res" 1882
"../../../Engine/Content/Internationalization/icudt64l/region/yue.res" 1883
"../../../Engine/Content/Internationalization/icudt64l/lang/zgh.res" 1884
"../../../Engine/Content/Internationalization/icudt64l/region/zgh.res" 1885
"../../../Engine/Content/Internationalization/icudt64l/lang/zh.res" 1886
"../../../Engine/Content/Internationalization/icudt64l/lang/zh_Hans.res" 1887
"../../../Engine/Content/Internationalization/icudt64l/lang/zh_CN.res" 1888
"../../../Engine/Content/Internationalization/icudt64l/lang/zh_Hans_CN.res" 1889
"../../../Engine/Content/Internationalization/icudt64l/region/zh_CN.res" 1890
"../../../Engine/Content/Internationalization/icudt64l/region/zh_Hans_CN.res" 1891
"../../../Engine/Content/Internationalization/icudt64l/region/zh_Hans.res" 1892
"../../../Engine/Content/Internationalization/icudt64l/region/zh.res" 1893
"../../../Engine/Content/Internationalization/icudt64l/lang/zh_HK.res" 1894
"../../../Engine/Content/Internationalization/icudt64l/lang/zh_Hant_HK.res" 1895
"../../../Engine/Content/Internationalization/icudt64l/lang/zh_Hant.res" 1896
"../../../Engine/Content/Internationalization/icudt64l/region/zh_HK.res" 1897
"../../../Engine/Content/Internationalization/icudt64l/region/zh_Hant_HK.res" 1898
"../../../Engine/Content/Internationalization/icudt64l/region/zh_Hant.res" 1899
"../../../Engine/Content/Internationalization/icudt64l/lang/zh_MO.res" 1900
"../../../Engine/Content/Internationalization/icudt64l/lang/zh_Hant_MO.res" 1901
"../../../Engine/Content/Internationalization/icudt64l/region/zh_MO.res" 1902
"../../../Engine/Content/Internationalization/icudt64l/region/zh_Hant_MO.res" 1903
"../../../Engine/Content/Internationalization/icudt64l/lang/zh_SG.res" 1904
"../../../Engine/Content/Internationalization/icudt64l/lang/zh_Hans_SG.res" 1905
"../../../Engine/Content/Internationalization/icudt64l/region/zh_SG.res" 1906
"../../../Engine/Content/Internationalization/icudt64l/region/zh_Hans_SG.res" 1907
"../../../Engine/Content/Internationalization/icudt64l/lang/zh_TW.res" 1908
"../../../Engine/Content/Internationalization/icudt64l/lang/zh_Hant_TW.res" 1909
"../../../Engine/Content/Internationalization/icudt64l/region/zh_TW.res" 1910
"../../../Engine/Content/Internationalization/icudt64l/region/zh_Hant_TW.res" 1911
"../../../Engine/Content/Internationalization/icudt64l/lang/zu.res" 1912
"../../../Engine/Content/Internationalization/icudt64l/region/zu.res" 1913
"../../../Engine/Content/Internationalization/icudt64l/lang/no.res" 1914
"../../../Engine/Content/Internationalization/icudt64l/lang/tl.res" 1915
"../../../Engine/Config/Android/DataDrivenPlatformInfo.ini" 1916
"../../../Engine/Config/IOS/DataDrivenPlatformInfo.ini" 1917
"../../../Engine/Config/Linux/DataDrivenPlatformInfo.ini" 1918
"../../../Engine/Config/LinuxArm64/DataDrivenPlatformInfo.ini" 1919
"../../../Engine/Config/Mac/DataDrivenPlatformInfo.ini" 1920
"../../../Engine/Config/TVOS/DataDrivenPlatformInfo.ini" 1921
"../../../Engine/Config/Unix/DataDrivenPlatformInfo.ini" 1922
"../../../Engine/Config/VulkanPC/DataDrivenPlatformInfo.ini" 1923
"../../../Engine/Config/Windows/DataDrivenPlatformInfo.ini" 1924
"../../../Engine/Platforms/VisionOS/Config/DataDrivenPlatformInfo.ini" 1925
"../../../Engine/Content/Renderer/TessellationTable.bin" 1926
"../../../Engine/DerivedDataCache/Compressed.ddp" 1927
"C:/Users/Reilly/AppData/Local/UnrealEngine/5.5/Saved/Zen/zen.version" 1928
"C:/Users/Reilly/AppData/Local/UnrealEngine/Common/Zen/Install/zen.version" 1929
"C:/Users/Reilly/AppData/Local/UnrealEngine/Common/Zen/Install/zenserver.runcontext" 1930
"C:/Users/Reilly/AppData/Local/UnrealEngine/Common/DerivedDataCache/TestData/0/TestData_4kb.dat" 1931
"C:/Users/Reilly/AppData/Local/UnrealEngine/Common/DerivedDataCache/TestData/1/TestData_4kb.dat" 1932
"C:/Users/Reilly/AppData/Local/UnrealEngine/Common/DerivedDataCache/TestData/0/TestData_8kb.dat" 1933
"C:/Users/Reilly/AppData/Local/UnrealEngine/Common/DerivedDataCache/TestData/1/TestData_8kb.dat" 1934
"C:/Users/Reilly/AppData/Local/UnrealEngine/Common/DerivedDataCache/TestData/0/TestData_16kb.dat" 1935
"C:/Users/Reilly/AppData/Local/UnrealEngine/Common/DerivedDataCache/TestData/1/TestData_16kb.dat" 1936
"C:/Users/Reilly/AppData/Local/UnrealEngine/Common/DerivedDataCache/TestData/0/TestData_64kb.dat" 1937
"C:/Users/Reilly/AppData/Local/UnrealEngine/Common/DerivedDataCache/TestData/1/TestData_64kb.dat" 1938
"C:/Users/Reilly/AppData/Local/UnrealEngine/Common/DerivedDataCache/TestData/0/TestData_128kb.dat" 1939
"C:/Users/Reilly/AppData/Local/UnrealEngine/Common/DerivedDataCache/TestData/1/TestData_128kb.dat" 1940
"C:/Users/Reilly/AppData/Local/UnrealEngine/Common/DerivedDataCache/TestData/0/TestData_256kb.dat" 1941
"C:/Users/Reilly/AppData/Local/UnrealEngine/Common/DerivedDataCache/TestData/1/TestData_256kb.dat" 1942
"I:/FINAL/Intermediate/ShaderAutogen/PCD3D_SM6/AutogenShaderHeaders.ush" 1943
"../../../Engine/Shaders/Private/HairStrands/HairStrandsVertexFactory.ush" 1944
"../../../Engine/Shaders/Private/VertexFactoryCommon.ush" 1945
"../../../Engine/Shaders/Private/Common.ush" 1946
"../../../Engine/Shaders/Public/Platform.ush" 1947
"../../../Engine/Shaders/Public/FP16Math.ush" 1948
"../../../Engine/Shaders/Public/Platform/D3D/D3DCommon.ush" 1949
"../../../Engine/Shaders/Shared/HLSLReservedSpaces.h" 1950
"../../../Engine/Shaders/Shared/RayTracingBuiltInResources.h" 1951
"../../../Engine/Shaders/Shared/RayTracingDefinitions.h" 1952
"../../../Engine/Shaders/Public/BindlessResources.ush" 1953
"../../../Engine/Shaders/Public/OverloadMacros.ush" 1954
"../../../Engine/Shaders/Public/ShaderVersion.ush" 1955
"../../../Engine/Shaders/Private/PackUnpack.ush" 1956
"../../../Engine/Shaders/Private/GeneratedUniformBufferTypes.ush" 1957
"../../../Engine/Shaders/Private/Nanite/NanitePackedNaniteView.ush" 1958
"../../../Engine/Shaders/Private/HairStrands/HairStrandsVisibilityCommonStruct.ush" 1959
"../../../Engine/Shaders/Private/HairStrands/HairStrandsVoxelPageCommonStruct.ush" 1960
"../../../Engine/Shaders/Private/HairStrands/HairStrandsDeepShadowCommonStruct.ush" 1961
"../../../Engine/Shaders/Shared/LightSceneData.h" 1962
"../../../Engine/Shaders/Shared/HLSLTypeAliases.h" 1963
"../../../Engine/Shaders/Private/LargeWorldCoordinates.ush" 1964
"../../../Engine/Shaders/Private/DoubleFloat.ush" 1965
"../../../Engine/Shaders/Private/RandomPCG.ush" 1966
"../../../Engine/Shaders/Private/DoubleFloatOperations.ush" 1967
"../../../Engine/Shaders/Private/DoubleFloatVectorDefinition.ush" 1968
"../../../Engine/Shaders/Private/LWCOperations.ush" 1969
"../../../Engine/Shaders/Shared/RayTracingTypes.h" 1970
"../../../Engine/Shaders/Shared/HLSLStaticAssert.h" 1971
"../../../Engine/Shaders/Private/CommonViewUniformBuffer.ush" 1972
"../../../Engine/Shaders/Private/InstancedStereo.ush" 1973
"../../../Engine/Shaders/Private/Definitions.usf" 1974
"../../../Engine/Shaders/Private/AssertionMacros.ush" 1975
"../../../Engine/Shaders/Private/FastMath.ush" 1976
"../../../Engine/Shaders/Private/FastMathThirdParty.ush" 1977
"../../../Engine/Shaders/Private/Random.ush" 1978
"../../../Engine/Shaders/Private/RandomInterleavedGradientNoise.ush" 1979
"../../../Engine/Shaders/Private/SceneData.ush" 1980
"../../../Engine/Shaders/Private/OctahedralCommon.ush" 1981
"../../../Engine/Shaders/Private/WaveOpUtil.ush" 1982
"../../../Engine/Shaders/Shared/SceneDefinitions.h" 1983
"../../../Engine/Shaders/Private/SceneDataMobileLoader.ush" 1984
"../../../Engine/Shaders/Private/LocalVertexFactoryCommon.ush" 1985
"../../../Engine/Shaders/Private/HairStrands/HairStrandsVisibilityCommon.ush" 1986
"../../../Engine/Shaders/Shared/HairStrandsDefinitions.h" 1987
"../../../Engine/Shaders/Private/HairStrands/HairStrandsVertexFactoryCommon.ush" 1988
"../../../Engine/Shaders/Private/HairStrands/HairStrandsPack.ush" 1989
"../../../Engine/Shaders/Private/HairStrands/HairStrandsAttributeCommon.ush" 1990
"../../../Engine/Shaders/Private/HairStrands/HairStrandsAttributeTemplate.ush" 1991
"../../../Engine/Shaders/Private/VertexFactoryDefaultInterface.ush" 1992
"../../../Engine/Shaders/Private/HairStrands/HairCardsVertexFactory.ush" 1993
"../../../Engine/Shaders/Private/HairStrands/HairCardsAttributeCommon.ush" 1994
"../../../Engine/Shaders/Private/RayTracing/RayTracingCommon.ush" 1995
"../../../Engine/Shaders/Private/ShadingCommon.ush" 1996
"../../../Engine/Shaders/Shared/RayTracingPayloadType.h" 1997
"../../../Engine/Shaders/Private/RayTracing/RayTracingRayCone.ush" 1998
"../../../Engine/Shaders/Private/Substrate/Substrate.ush" 1999
"../../../Engine/Shaders/Private/ShadingEnergyConservation.ush" 2000
"../../../Engine/Shaders/Private/ShadingEnergyConservationTemplate.ush" 2001
"../../../Engine/Shaders/Private/BRDF.ush" 2002
"../../../Engine/Shaders/Private/ColorSpace.ush" 2003
"../../../Engine/Shaders/Private/DeferredShadingCommon.ush" 2004
"../../../Engine/Shaders/Private/LightAccumulator.ush" 2005
"../../../Engine/Shaders/Private/SceneTexturesCommon.ush" 2006
"../../../Engine/Shaders/Private/MonteCarlo.ush" 2007
"../../../Engine/Shaders/Private/GBufferHelpers.ush" 2008
"../../../Engine/Shaders/Private/SceneTextureParameters.ush" 2009
"../../../Engine/Shaders/Private/ParticipatingMediaCommon.ush" 2010
"../../../Engine/Shaders/Private/ThinFilmBSDF.ush" 2011
"../../../Engine/Shaders/Private/MortonCode.ush" 2012
"../../../Engine/Shaders/Private/SubsurfaceProfileCommon.ush" 2013
"../../../Engine/Shaders/Private/BurleyNormalizedSSSCommon.ush" 2014
"../../../Engine/Shaders/Private/GammaCorrectionCommon.ush" 2015
"../../../Engine/Shaders/Shared/SubstrateDefinitions.h" 2016
"../../../Engine/Shaders/Private/Substrate/SubstrateStatisticalOperators.ush" 2017
"../../../Engine/Shaders/Private/Substrate/SubstrateSubsurface.ush" 2018
"../../../Engine/Shaders/Private/TransmissionCommon.ush" 2019
"../../../Engine/Shaders/Private/SpecularProfileCommon.ush" 2020
"../../../Engine/Shaders/Private/RayTracing/RayTracingCommonMetal.ush" 2021
"../../../Engine/Shaders/Private/PositionReconstructionCommon.ush" 2022
"../../../Engine/Shaders/Private/RayTracing/TraceRayInline.ush" 2023
"../../../Engine/Shaders/Private/RayTracing/TraceRayInlineCommon.ush" 2024
"../../../Engine/Shaders/Private/RayTracing/TraceRayInlineVulkan.ush" 2025
"../../../Engine/Shaders/Private/RayTracing/TraceRayInlineMetal.ush" 2026
"../../../Engine/Shaders/Private/RayTracing/RayTracingHitGroupCommon.ush" 2027
"../../../Engine/Shaders/Private/Nanite/NaniteDataDecode.ush" 2028
"../../../Engine/Shaders/Private/BitPacking.ush" 2029
"../../../Engine/Shaders/Private/BitStreamReaderImplementation.ush" 2030
"../../../Engine/Shaders/Private/BoneTransform.ush" 2031
"../../../Engine/Shaders/Private/Quaternion.ush" 2032
"../../../Engine/Shaders/Shared/NaniteDefinitions.h" 2033
"../../../Engine/Shaders/Private/Nanite/NaniteAttributeDecode.ush" 2034
"../../../Engine/Shaders/Private/Barycentrics.ush" 2035
"../../../Engine/Shaders/Private/DualNumber.ush" 2036
"../../../Engine/Plugins/Experimental/Water/Shaders/Private/WaterMeshVertexFactory.ush" 2037
"../../../Engine/Plugins/FX/Niagara/Shaders/Private/NiagaraSpriteVertexFactory.ush" 2038
"../../../Engine/Shaders/Private/ParticleVertexFactoryCommon.ush" 2039
"../../../Engine/Plugins/FX/Niagara/Shaders/Private/NiagaraVFCommon.usf" 2040
"../../../Engine/Plugins/FX/Niagara/Shaders/Private/NiagaraVFParticleAccess.usf" 2041
"../../../Engine/Plugins/FX/Niagara/Shaders/Private/NiagaraParticleAccess.ush" 2042
"../../../Engine/Plugins/FX/Niagara/Shaders/Private/NiagaraRibbonVertexFactory.ush" 2043
"../../../Engine/Plugins/FX/Niagara/Shaders/Private/NiagaraMeshVertexFactory.ush" 2044
"../../../Engine/Plugins/FX/Niagara/Shaders/Private/NiagaraCommon.ush" 2045
"../../../Engine/Plugins/FX/Niagara/Shaders/Private/NiagaraMeshParticleUtils.ush" 2046
"../../../Engine/Shaders/Private/VectorFieldVisualizationVertexFactory.ush" 2047
"../../../Engine/Shaders/Private/Nanite/NaniteVertexFactory.ush" 2048
"../../../Engine/Shaders/Private/LightmapData.ush" 2049
"../../../Engine/Shaders/Private/SplineMeshCommon.ush" 2050
"../../../Engine/Shaders/Shared/SplineMeshShaderParams.h" 2051
"../../../Engine/Shaders/Private/ShaderPrint.ush" 2052
"../../../Engine/Shaders/Private/ShaderPrintCommon.ush" 2053
"../../../Engine/Shaders/Private/MiniFontCommon.ush" 2054
"../../../Engine/Shaders/Private/Nanite/NaniteSceneCommon.ush" 2055
"../../../Engine/Shaders/Private/Nanite/NaniteVertexDeformation.ush" 2056
"../../../Engine/Shaders/Private/ParticleSpriteVertexFactory.ush" 2057
"../../../Engine/Shaders/Private/ParticleGPUSpriteVertexFactory.ush" 2058
"../../../Engine/Shaders/Private/ParticleSimulationCommon.ush" 2059
"../../../Engine/Shaders/Private/ParticleBeamTrailVertexFactory.ush" 2060
"../../../Engine/Shaders/Private/MeshParticleVertexFactory.ush" 2061
"../../../Engine/Shaders/Private/LocalVertexFactory.ush" 2062
"../../../Engine/Shaders/Private/GpuSkinCommon.ush" 2063
"../../../Engine/Shaders/Private/GpuSkinVertexFactory.ush" 2064
"../../../Engine/Shaders/Private/GeometryCollectionVertexFactory.ush" 2065
"../../../Engine/Shaders/Private/GeometryCacheVertexFactory.ush" 2066
"../../../Engine/Shaders/Private/LandscapeVertexFactory.ush" 2067
"I:/FINAL/Plugins/StreamlineCore/Shaders/Private/VelocityCombine.usf" 2068
"../../../Engine/Shaders/Private/ScreenPass.ush" 2069
"I:/FINAL/Plugins/StreamlineCore/Shaders/Private/UIHintExtraction.usf" 2070
"I:/FINAL/Plugins/FSR3/Shaders/Private/ffx_opticalflow_scale_optical_flow_advanced_pass_v5.usf" 2071
"I:/FINAL/Plugins/FSR3/Source/fidelityfx-hlsl/ffx_opticalflow_scale_optical_flow_advanced_pass_v5.hlsl" 2072
"I:/FINAL/Plugins/FSR3/Source/fidelityfx-hlsl/opticalflow/ffx_opticalflow_callbacks_hlsl.h" 2073
"I:/FINAL/Plugins/FSR3/Source/fidelityfx-hlsl/opticalflow/ffx_core.h" 2074
"I:/FINAL/Plugins/FSR3/Source/fidelityfx-hlsl/opticalflow/ffx_common_types.h" 2075
"I:/FINAL/Plugins/FSR3/Source/fidelityfx-hlsl/opticalflow/ffx_core_cpu.h" 2076
"I:/FINAL/Plugins/FSR3/Source/fidelityfx-hlsl/opticalflow/ffx_core_glsl.h" 2077
"I:/FINAL/Plugins/FSR3/Source/fidelityfx-hlsl/opticalflow/ffx_core_hlsl.h" 2078
"I:/FINAL/Plugins/FSR3/Source/fidelityfx-hlsl/opticalflow/ffx_core_gpu_common.h" 2079
"I:/FINAL/Plugins/FSR3/Source/fidelityfx-hlsl/opticalflow/ffx_core_gpu_common_half.h" 2080
"I:/FINAL/Plugins/FSR3/Source/fidelityfx-hlsl/opticalflow/ffx_core_portability.h" 2081
"I:/FINAL/Plugins/FSR3/Source/fidelityfx-hlsl/opticalflow/opticalflow/ffx_opticalflow_common.h" 2082
"I:/FINAL/Plugins/FSR3/Source/fidelityfx-hlsl/opticalflow/ffx_opticalflow_scale_optical_flow_advanced_v5.h" 2083
"I:/FINAL/Plugins/FSR3/Shaders/Private/ffx_opticalflow_prepare_luma_pass.usf" 2084
"I:/FINAL/Plugins/FSR3/Source/fidelityfx-hlsl/ffx_opticalflow_prepare_luma_pass.hlsl" 2085
"I:/FINAL/Plugins/FSR3/Source/fidelityfx-hlsl/opticalflow/ffx_opticalflow_prepare_luma.h" 2086
"I:/FINAL/Plugins/FSR3/Shaders/Private/ffx_opticalflow_generate_scd_histogram_pass.usf" 2087
"I:/FINAL/Plugins/FSR3/Source/fidelityfx-hlsl/ffx_opticalflow_generate_scd_histogram_pass.hlsl" 2088
"I:/FINAL/Plugins/FSR3/Source/fidelityfx-hlsl/opticalflow/ffx_opticalflow_generate_scd_histogram.h" 2089
"I:/FINAL/Plugins/FSR3/Shaders/Private/ffx_opticalflow_filter_optical_flow_pass_v5.usf" 2090
"I:/FINAL/Plugins/FSR3/Source/fidelityfx-hlsl/ffx_opticalflow_filter_optical_flow_pass_v5.hlsl" 2091
"I:/FINAL/Plugins/FSR3/Source/fidelityfx-hlsl/opticalflow/ffx_opticalflow_filter_optical_flow_v5.h" 2092
"I:/FINAL/Plugins/FSR3/Shaders/Private/ffx_opticalflow_compute_scd_divergence_pass.usf" 2093
"I:/FINAL/Plugins/FSR3/Source/fidelityfx-hlsl/ffx_opticalflow_compute_scd_divergence_pass.hlsl" 2094
"I:/FINAL/Plugins/FSR3/Source/fidelityfx-hlsl/opticalflow/ffx_opticalflow_compute_scd_divergence.h" 2095
"I:/FINAL/Plugins/FSR3/Shaders/Private/ffx_opticalflow_compute_optical_flow_advanced_pass_v5.usf" 2096
"I:/FINAL/Plugins/FSR3/Source/fidelityfx-hlsl/ffx_opticalflow_compute_optical_flow_advanced_pass_v5.hlsl" 2097
"I:/FINAL/Plugins/FSR3/Source/fidelityfx-hlsl/opticalflow/ffx_opticalflow_compute_optical_flow_v5.h" 2098
"I:/FINAL/Plugins/FSR3/Shaders/Private/ffx_opticalflow_compute_luminance_pyramid_pass.usf" 2099
"I:/FINAL/Plugins/FSR3/Source/fidelityfx-hlsl/ffx_opticalflow_compute_luminance_pyramid_pass.hlsl" 2100
"I:/FINAL/Plugins/FSR3/Source/fidelityfx-hlsl/opticalflow/ffx_opticalflow_compute_luminance_pyramid.h" 2101
"I:/FINAL/Plugins/FSR3/Source/fidelityfx-hlsl/opticalflow/spd/ffx_spd.h" 2102
"I:/FINAL/Plugins/FSR3/Shaders/Private/ffx_frameinterpolation_reconstruct_prev_depth_pass.usf" 2103
"I:/FINAL/Plugins/FSR3/Source/fidelityfx-hlsl/ffx_frameinterpolation_reconstruct_previous_depth_pass.hlsl" 2104
"I:/FINAL/Plugins/FSR3/Source/fidelityfx-hlsl/frameinterpolation/ffx_frameinterpolation_callbacks_hlsl.h" 2105
"I:/FINAL/Plugins/FSR3/Source/fidelityfx-hlsl/frameinterpolation/ffx_frameinterpolation_resources.h" 2106
"I:/FINAL/Plugins/FSR3/Source/fidelityfx-hlsl/frameinterpolation/ffx_core.h" 2107
"I:/FINAL/Plugins/FSR3/Source/fidelityfx-hlsl/frameinterpolation/ffx_common_types.h" 2108
"I:/FINAL/Plugins/FSR3/Source/fidelityfx-hlsl/frameinterpolation/ffx_core_cpu.h" 2109
"I:/FINAL/Plugins/FSR3/Source/fidelityfx-hlsl/frameinterpolation/ffx_core_glsl.h" 2110
"I:/FINAL/Plugins/FSR3/Source/fidelityfx-hlsl/frameinterpolation/ffx_core_hlsl.h" 2111
"I:/FINAL/Plugins/FSR3/Source/fidelityfx-hlsl/frameinterpolation/ffx_core_gpu_common.h" 2112
"I:/FINAL/Plugins/FSR3/Source/fidelityfx-hlsl/frameinterpolation/ffx_core_gpu_common_half.h" 2113
"I:/FINAL/Plugins/FSR3/Source/fidelityfx-hlsl/frameinterpolation/ffx_core_portability.h" 2114
"I:/FINAL/Plugins/FSR3/Source/fidelityfx-hlsl/frameinterpolation/ffx_frameinterpolation_common.h" 2115
"I:/FINAL/Plugins/FSR3/Source/fidelityfx-hlsl/frameinterpolation/ffx_frameinterpolation_reconstruct_previous_depth.h" 2116
"I:/FINAL/Plugins/FSR3/Shaders/Private/ffx_frameinterpolation_reconstruct_and_dilate_pass.usf" 2117
"I:/FINAL/Plugins/FSR3/Source/fidelityfx-hlsl/ffx_frameinterpolation_reconstruct_and_dilate_pass.hlsl" 2118
"I:/FINAL/Plugins/FSR3/Source/fidelityfx-hlsl/frameinterpolation/ffx_frameinterpolation_reconstruct_dilated_velocity_and_previous_depth.h" 2119
"I:/FINAL/Plugins/FSR3/Shaders/Private/ffx_frameinterpolation_optical_flow_vector_field.usf" 2120
"I:/FINAL/Plugins/FSR3/Source/fidelityfx-hlsl/ffx_frameinterpolation_optical_flow_vector_field_pass.hlsl" 2121
"I:/FINAL/Plugins/FSR3/Source/fidelityfx-hlsl/frameinterpolation/ffx_frameinterpolation_optical_flow_vector_field.h" 2122
"I:/FINAL/Plugins/FSR3/Shaders/Private/ffx_frameinterpolation_compute_inpainting_pyramid_pass.usf" 2123
"I:/FINAL/Plugins/FSR3/Source/fidelityfx-hlsl/ffx_frameinterpolation_compute_inpainting_pyramid_pass.hlsl" 2124
"I:/FINAL/Plugins/FSR3/Source/fidelityfx-hlsl/frameinterpolation/ffx_frameinterpolation_compute_inpainting_pyramid.h" 2125
"I:/FINAL/Plugins/FSR3/Source/fidelityfx-hlsl/frameinterpolation/spd/ffx_spd.h" 2126
"I:/FINAL/Plugins/FSR3/Shaders/Private/ffx_frameinterpolation_inpainting_pass.usf" 2127
"I:/FINAL/Plugins/FSR3/Source/fidelityfx-hlsl/ffx_frameinterpolation_inpainting_pass.hlsl" 2128
"I:/FINAL/Plugins/FSR3/Source/fidelityfx-hlsl/frameinterpolation/ffx_frameinterpolation_inpainting.h" 2129
"I:/FINAL/Plugins/FSR3/Shaders/Private/ffx_frameinterpolation_compute_game_vector_field_inpainting_pyramid_pass.usf" 2130
"I:/FINAL/Plugins/FSR3/Source/fidelityfx-hlsl/ffx_frameinterpolation_compute_game_vector_field_inpainting_pyramid_pass.hlsl" 2131
"I:/FINAL/Plugins/FSR3/Source/fidelityfx-hlsl/frameinterpolation/ffx_frameinterpolation_compute_game_vector_field_inpainting_pyramid.h" 2132
"I:/FINAL/Plugins/FSR3/Shaders/Private/ffx_frameinterpolation_game_motion_vector_field_pass.usf" 2133
"I:/FINAL/Plugins/FSR3/Source/fidelityfx-hlsl/ffx_frameinterpolation_game_motion_vector_field_pass.hlsl" 2134
"I:/FINAL/Plugins/FSR3/Source/fidelityfx-hlsl/frameinterpolation/ffx_frameinterpolation_game_motion_vector_field.h" 2135
"I:/FINAL/Plugins/FSR3/Shaders/Private/ffx_frameinterpolation_setup_pass.usf" 2136
"I:/FINAL/Plugins/FSR3/Source/fidelityfx-hlsl/ffx_frameinterpolation_setup_pass.hlsl" 2137
"I:/FINAL/Plugins/FSR3/Source/fidelityfx-hlsl/frameinterpolation/ffx_frameinterpolation_setup.h" 2138
"I:/FINAL/Plugins/FSR3/Shaders/Private/ffx_frameinterpolation_pass.usf" 2139
"I:/FINAL/Plugins/FSR3/Source/fidelityfx-hlsl/ffx_frameinterpolation_pass.hlsl" 2140
"I:/FINAL/Plugins/FSR3/Source/fidelityfx-hlsl/frameinterpolation/ffx_frameinterpolation.h" 2141
"I:/FINAL/Plugins/FSR3/Shaders/Private/ffx_frameinterpolation_disocclusion_mask_pass.usf" 2142
"I:/FINAL/Plugins/FSR3/Source/fidelityfx-hlsl/ffx_frameinterpolation_disocclusion_mask_pass.hlsl" 2143
"I:/FINAL/Plugins/FSR3/Source/fidelityfx-hlsl/frameinterpolation/ffx_frameinterpolation_disocclusion_mask.h" 2144
"I:/FINAL/Plugins/FSR3/Shaders/Private/ffx_frameinterpolation_debug_view_pass.usf" 2145
"I:/FINAL/Plugins/FSR3/Source/fidelityfx-hlsl/ffx_frameinterpolation_debug_view_pass.hlsl" 2146
"I:/FINAL/Plugins/FSR3/Source/fidelityfx-hlsl/frameinterpolation/ffx_frameinterpolation_debug_view.h" 2147
"I:/FINAL/Plugins/FSR3/Shaders/Private/PostProcessFFX_FIAdditionalUI.usf" 2148
"I:/FINAL/Plugins/FSR3/Shaders/Private/PostProcessFFX_FIConvertDistortion.usf" 2149
"I:/FINAL/Plugins/FSR3/Shaders/Private/PostProcessFFX_FSR3ConvertVelocity.usf" 2150
"../../../Engine/Shaders/Private/TemporalSuperResolution/TSRCommon.ush" 2151
"../../../Engine/Shaders/Private/TextureSampling.ush" 2152
"../../../Engine/Shaders/Public/DualPixelVectorization.ush" 2153
"../../../Engine/Shaders/Public/WaveBroadcastIntrinsics.ush" 2154
"I:/FINAL/Plugins/FSR3/Shaders/Private/ffx_fsr3upscaler_shading_change_pyramid_pass.usf" 2155
"I:/FINAL/Plugins/FSR3/Source/fidelityfx-hlsl/ffx_fsr3upscaler_shading_change_pyramid_pass.hlsl" 2156
"I:/FINAL/Plugins/FSR3/Source/fidelityfx-hlsl/fsr3upscaler/ffx_fsr3upscaler_callbacks_hlsl.h" 2157
"I:/FINAL/Plugins/FSR3/Source/fidelityfx-hlsl/fsr3upscaler/ffx_fsr3upscaler_resources.h" 2158
"I:/FINAL/Plugins/FSR3/Source/fidelityfx-hlsl/fsr3upscaler/ffx_core.h" 2159
"I:/FINAL/Plugins/FSR3/Source/fidelityfx-hlsl/fsr3upscaler/ffx_common_types.h" 2160
"I:/FINAL/Plugins/FSR3/Source/fidelityfx-hlsl/fsr3upscaler/ffx_core_cpu.h" 2161
"I:/FINAL/Plugins/FSR3/Source/fidelityfx-hlsl/fsr3upscaler/ffx_core_glsl.h" 2162
"I:/FINAL/Plugins/FSR3/Source/fidelityfx-hlsl/fsr3upscaler/ffx_core_hlsl.h" 2163
"I:/FINAL/Plugins/FSR3/Source/fidelityfx-hlsl/fsr3upscaler/ffx_core_gpu_common.h" 2164
"I:/FINAL/Plugins/FSR3/Source/fidelityfx-hlsl/fsr3upscaler/ffx_core_gpu_common_half.h" 2165
"I:/FINAL/Plugins/FSR3/Source/fidelityfx-hlsl/fsr3upscaler/ffx_core_portability.h" 2166
"I:/FINAL/Plugins/FSR3/Source/fidelityfx-hlsl/fsr3upscaler/ffx_fsr3upscaler_common.h" 2167
"I:/FINAL/Plugins/FSR3/Source/fidelityfx-hlsl/fsr3upscaler/ffx_fsr3upscaler_shading_change_pyramid.h" 2168
"I:/FINAL/Plugins/FSR3/Source/fidelityfx-hlsl/fsr3upscaler/spd/ffx_spd.h" 2169
"I:/FINAL/Plugins/FSR3/Shaders/Private/ffx_fsr3upscaler_shading_change_pass.usf" 2170
"I:/FINAL/Plugins/FSR3/Source/fidelityfx-hlsl/ffx_fsr3upscaler_shading_change_pass.hlsl" 2171
"I:/FINAL/Plugins/FSR3/Source/fidelityfx-hlsl/fsr3upscaler/ffx_fsr3upscaler_shading_change.h" 2172
"I:/FINAL/Plugins/FSR3/Shaders/Private/ffx_fsr3upscaler_rcas_pass.usf" 2173
"I:/FINAL/Plugins/FSR3/Source/fidelityfx-hlsl/ffx_fsr3upscaler_rcas_pass.hlsl" 2174
"I:/FINAL/Plugins/FSR3/Source/fidelityfx-hlsl/fsr3upscaler/ffx_fsr3upscaler_rcas.h" 2175
"I:/FINAL/Plugins/FSR3/Source/fidelityfx-hlsl/fsr3upscaler/fsr1/ffx_fsr1.h" 2176
"I:/FINAL/Plugins/FSR3/Shaders/Private/ffx_fsr3upscaler_prepare_reactivity_pass.usf" 2177
"I:/FINAL/Plugins/FSR3/Source/fidelityfx-hlsl/ffx_fsr3upscaler_prepare_reactivity_pass.hlsl" 2178
"I:/FINAL/Plugins/FSR3/Source/fidelityfx-hlsl/fsr3upscaler/ffx_fsr3upscaler_prepare_reactivity.h" 2179
"I:/FINAL/Plugins/FSR3/Shaders/Private/ffx_fsr3upscaler_prepare_inputs_pass.usf" 2180
"I:/FINAL/Plugins/FSR3/Source/fidelityfx-hlsl/ffx_fsr3upscaler_prepare_inputs_pass.hlsl" 2181
"I:/FINAL/Plugins/FSR3/Source/fidelityfx-hlsl/fsr3upscaler/ffx_fsr3upscaler_prepare_inputs.h" 2182
"I:/FINAL/Plugins/FSR3/Shaders/Private/ffx_fsr3upscaler_luma_pyramid_pass.usf" 2183
"I:/FINAL/Plugins/FSR3/Source/fidelityfx-hlsl/ffx_fsr3upscaler_luma_pyramid_pass.hlsl" 2184
"I:/FINAL/Plugins/FSR3/Source/fidelityfx-hlsl/fsr3upscaler/ffx_fsr3upscaler_luma_pyramid.h" 2185
"I:/FINAL/Plugins/FSR3/Shaders/Private/ffx_fsr3upscaler_luma_instability_pass.usf" 2186
"I:/FINAL/Plugins/FSR3/Source/fidelityfx-hlsl/ffx_fsr3upscaler_luma_instability_pass.hlsl" 2187
"I:/FINAL/Plugins/FSR3/Source/fidelityfx-hlsl/fsr3upscaler/ffx_fsr3upscaler_luma_instability.h" 2188
"I:/FINAL/Plugins/FSR3/Shaders/Private/ffx_fsr3upscaler_debug_view_pass.usf" 2189
"I:/FINAL/Plugins/FSR3/Source/fidelityfx-hlsl/ffx_fsr3upscaler_debug_view_pass.hlsl" 2190
"I:/FINAL/Plugins/FSR3/Source/fidelityfx-hlsl/fsr3upscaler/ffx_fsr3upscaler_debug_view.h" 2191
"I:/FINAL/Plugins/FSR3/Shaders/Private/ffx_fsr3upscaler_autogen_reactive_pass.usf" 2192
"I:/FINAL/Plugins/FSR3/Source/fidelityfx-hlsl/ffx_fsr3upscaler_autogen_reactive_pass.hlsl" 2193
"I:/FINAL/Plugins/FSR3/Shaders/Private/ffx_fsr3upscaler_accumulate_pass.usf" 2194
"I:/FINAL/Plugins/FSR3/Source/fidelityfx-hlsl/ffx_fsr3upscaler_accumulate_pass.hlsl" 2195
"I:/FINAL/Plugins/FSR3/Source/fidelityfx-hlsl/fsr3upscaler/ffx_fsr3upscaler_sample.h" 2196
"I:/FINAL/Plugins/FSR3/Source/fidelityfx-hlsl/fsr3upscaler/ffx_fsr3upscaler_upsample.h" 2197
"I:/FINAL/Plugins/FSR3/Source/fidelityfx-hlsl/fsr3upscaler/ffx_fsr3upscaler_reproject.h" 2198
"I:/FINAL/Plugins/FSR3/Source/fidelityfx-hlsl/fsr3upscaler/ffx_fsr3upscaler_accumulate.h" 2199
"I:/FINAL/Plugins/FSR3/Shaders/Private/PostProcessFFX_FSR3CopyExposure.usf" 2200
"../../../Engine/Shaders/Private/EyeAdaptationCommon.ush" 2201
"I:/FINAL/Plugins/FSR3/Shaders/Private/PostProcessFFX_FSR3DeDither.usf" 2202
"I:/FINAL/Plugins/FSR3/Shaders/Private/PostProcessFFX_FSR3CreateReactiveMask.usf" 2203
"I:/FINAL/Plugins/DLSS/Shaders/Private/VelocityCombine.usf" 2204
"I:/FINAL/Plugins/DLSS/Shaders/Private/GBufferResolve.usf" 2205
"../../../Engine/Shaders/Private/PostProcessMaterialShaders.usf" 2206
"../../../Engine/Shaders/Private/NeuralPostProcessCommon.usf" 2207
"../../../Engine/Shaders/Private/MaterialTemplate.ush" 2208
"../../../Engine/Shaders/Private/WorldSpaceMath.ush" 2209
"../../../Engine/Shaders/Private/SobolRandom.ush" 2210
"../../../Engine/Shaders/Private/DepthOfFieldCommon.ush" 2211
"../../../Engine/Shaders/Private/CircleDOFCommon.ush" 2212
"../../../Engine/Shaders/Private/DistanceField/GlobalDistanceFieldShared.ush" 2213
"../../../Engine/Shaders/Private/PhysicsFieldSampler.ush" 2214
"../../../Engine/Shaders/Private/PhysicsFieldShared.ush" 2215
"../../../Engine/Shaders/Private/HairShadingCommon.ush" 2216
"../../../Engine/Shaders/Private/SparseVolumeTexture/SparseVolumeTextureCommon.ush" 2217
"../../../Engine/Shaders/Shared/EnvironmentComponentsFlags.h" 2218
"../../../Engine/Shaders/Private/MeshPaintTextureCommon.ush" 2219
"../../../Engine/Shaders/Private/SpeedTreeCommon.ush" 2220
"../../../Engine/Shaders/Private/VirtualTextureCommon.ush" 2221
"../../../Engine/Shaders/Private/MaterialTexture.ush" 2222
"../../../Engine/Shaders/Private/MinMaterialTexCoords.ush" 2223
"../../../Engine/Shaders/Private/SkyAtmosphereCommon.ush" 2224
"../../../Engine/Shaders/Private/SingleLayerWaterCommon.ush" 2225
"../../../Engine/Shaders/Private/PaniniProjection.ush" 2226
"../../../Engine/Shaders/Private/DBufferNormalReprojection.ush" 2227
"../../../Engine/Shaders/Public/SubstratePublic.ush" 2228
"../../../Engine/Shaders/Private/Substrate/SubstrateTree.ush" 2229
"../../../Engine/Shaders/Private/Substrate/SubstrateEvaluation.ush" 2230
"../../../Engine/Shaders/Private/Substrate/Glint/GlintThirdParty.ush" 2231
"../../../Engine/Shaders/Private/BlueNoise.ush" 2232
"../../../Engine/Shaders/Private/SHCommon.ush" 2233
"../../../Engine/Shaders/Private/ShadingModels.ush" 2234
"../../../Engine/Shaders/Private/CapsuleLight.ush" 2235
"../../../Engine/Shaders/Private/RectLight.ush" 2236
"../../../Engine/Shaders/Private/LightData.ush" 2237
"../../../Engine/Shaders/Shared/LightDefinitions.h" 2238
"../../../Engine/Shaders/Private/AreaLightCommon.ush" 2239
"../../../Engine/Shaders/Private/HairBsdf.ush" 2240
"../../../Engine/Shaders/Private/MobileGGX.ush" 2241
"../../../Engine/Shaders/Private/ShadingModelsSampling.ush" 2242
"../../../Engine/Shaders/Private/HairStrands/HairBsdfSample.ush" 2243
"../../../Engine/Shaders/Private/HairStrands/HairStrandsCommon.ush" 2244
"../../../Engine/Shaders/Private/HairStrands/HairStrandsDeepTransmittanceCommon.ush" 2245
"../../../Engine/Shaders/Private/HairStrands/HairStrandsDeepTransmittanceDualScattering.ush" 2246
"../../../Engine/Shaders/Private/HairStrands/HairStrandsEnvironmentLightingCommon.ush" 2247
"../../../Engine/Shaders/Private/Substrate/SubstrateLegacyConversion.ush" 2248
"../../../Engine/Shaders/Private/DBufferDecalShared.ush" 2249
"../../../Engine/Plugins/Runtime/AR/AppleAR/AppleARKit/Shaders/Private/ColorSpaceConversion.usf" 2250
"../../../Engine/Plugins/Experimental/Compositing/HoldoutComposite/Shaders/Private/HoldoutCompositeFinal.usf" 2251
"../../../Engine/Shaders/Private/LensDistortion.ush" 2252
"../../../Engine/Plugins/Experimental/Compositing/HoldoutComposite/Shaders/Private/HoldoutCompositeSSRInput.usf" 2253
"../../../Engine/Plugins/Experimental/Compositing/HoldoutComposite/Shaders/Private/HoldoutCompositeDilate.usf" 2254
"../../../Engine/Plugins/VirtualProduction/CameraCalibrationCore/Shaders/Private/CrosshairOverlay.usf" 2255
"../../../Engine/Plugins/VirtualProduction/CameraCalibrationCore/Shaders/Private/DisplacementMapBlending.usf" 2256
"../../../Engine/Plugins/VirtualProduction/CameraCalibrationCore/Shaders/Private/InvertDisplacementMap.usf" 2257
"../../../Engine/Plugins/VirtualProduction/CameraCalibrationCore/Shaders/Private/CropDisplacementMap.usf" 2258
"../../../Engine/Plugins/VirtualProduction/CameraCalibrationCore/Shaders/Private/BlendDisplacementMaps.usf" 2259
"../../../Engine/Plugins/VirtualProduction/CameraCalibrationCore/Shaders/Private/DrawDisplacementMaps.usf" 2260
"../../../Engine/Plugins/VirtualProduction/CameraCalibrationCore/Shaders/Private/UndistortImagePoints.usf" 2261
"../../../Engine/Plugins/VirtualProduction/CameraCalibrationCore/Shaders/Private/DistortionSTMapProcessor.usf" 2262
"../../../Engine/Plugins/Runtime/HairStrands/Shaders/Private/NiagaraCopyVelocityGrid.usf" 2263
"../../../Engine/Plugins/Runtime/HairStrands/Shaders/Private/NiagaraClearVelocityGrid.usf" 2264
"../../../Engine/Plugins/Runtime/HairStrands/Shaders/Private/NiagaraClearPressureGrid.usf" 2265
"../../../Engine/Plugins/Runtime/HairStrands/Shaders/Private/NiagaraInterpolateGroomGuides.usf" 2266
"../../../Engine/Plugins/Runtime/HairStrands/Shaders/Private/NiagaraGroomInterpolationUtils.ush" 2267
"../../../Engine/Plugins/FX/Niagara/Shaders/Private/NiagaraQuaternionUtils.ush" 2268
"../../../Engine/Shaders/Private/HairStrands/HairStrandsMesh.usf" 2269
"../../../Engine/Shaders/Private/HairStrands/HairStrandsBindingCommon.ush" 2270
"../../../Engine/Shaders/Private/HairStrands/HairStrandsFollicleMask.usf" 2271
"../../../Engine/Shaders/Private/HairStrands/HairStrandsSkinUpdate.usf" 2272
"../../../Engine/Shaders/Private/HairStrands/HairStrandsClusterCulling.usf" 2273
"../../../Engine/Shaders/Private/ColorMap.ush" 2274
"../../../Engine/Shaders/Private/HairStrands/HairStrandsAABBCommon.ush" 2275
"../../../Engine/Shaders/Private/HairStrands/HairStrandsClusterCommon.ush" 2276
"../../../Engine/Shaders/Private/ThreadGroupPrefixSum.ush" 2277
"../../../Engine/Shaders/Private/HairStrands/HairStrandsRaytracingGeometry.usf" 2278
"../../../Engine/Shaders/Private/HairStrands/HairStrandsTangent.usf" 2279
"../../../Engine/Shaders/Private/HairStrands/HairCardsDeformation.usf" 2280
"../../../Engine/Shaders/Private/HairStrands/HairStrandsInterpolation.usf" 2281
"../../../Engine/Shaders/Private/HairStrands/HairStrandsGuideDeform.usf" 2282
"../../../Engine/Shaders/Private/HairStrands/HairStrandsTexturesGeneration.usf" 2283
"../../../Engine/Shaders/Private/HairStrands/HairCardsTextureCommon.ush" 2284
"../../../Engine/Shaders/Private/HairStrands/HairStrandsTranscode.usf" 2285
"../../../Engine/Shaders/Private/HairStrands/HairStrandsDebug.usf" 2286
"../../../Engine/Shaders/Private/PostProcessCommon.ush" 2287
"../../../Engine/Shaders/Private/Matrices.ush" 2288
"../../../Engine/Shaders/Private/HairStrands/HairStrandsDeepShadowCommon.ush" 2289
"../../../Engine/Shaders/Private/HairStrands/HairStrandsDebugCommonStruct.ush" 2290
"../../../Engine/Plugins/NNE/NNEDenoiser/Shaders/NNEDenoiserShadersTransferFunctionOidn.usf" 2291
"../../../Engine/Plugins/NNE/NNEDenoiser/Shaders/NNEDenoiserShadersMappedCopy.usf" 2292
"../../../Engine/Plugins/NNE/NNEDenoiser/Shaders/NNEDenoiserShadersDefaultIOProcess.usf" 2293
"../../../Engine/Plugins/NNE/NNEDenoiser/Shaders/NNEDenoiserShadersAutoExposureReduceFinal.usf" 2294
"../../../Engine/Plugins/NNE/NNEDenoiser/Shaders/NNEDenoiserShadersAutoExposureReduce.usf" 2295
"../../../Engine/Plugins/NNE/NNEDenoiser/Shaders/NNEDenoiserShadersAutoExposureDownsample.usf" 2296
"../../../Engine/Plugins/Media/WmfMedia/Shaders/Private/MediaHardwareVideoDecoding.usf" 2297
"../../../Engine/Shaders/Private/ColorUtils.ush" 2298
"../../../Engine/Plugins/Media/ImgMedia/Shaders/Private/ExrSwizzler.usf" 2299
"../../../Engine/Plugins/Enterprise/GLTFExporter/Shaders/Private/SimpleTexture2DPS.usf" 2300
"../../../Engine/Shaders/Private/SimpleElementNormalMapPixelShader.usf" 2301
"../../../Engine/Plugins/Experimental/Water/Shaders/Private/WaterQuadTreeDraws.usf" 2302
"../../../Engine/Plugins/Experimental/Water/Shaders/Private/WaterQuadTreeCommon.ush" 2303
"../../../Engine/Shaders/Private/Nanite/NaniteHZBCull.ush" 2304
"../../../Engine/Plugins/Experimental/Water/Shaders/Private/WaterQuadTreeBuild.usf" 2305
"../../../Engine/Plugins/Experimental/Water/Shaders/Private/WaterQuadTreeMerge.usf" 2306
"../../../Engine/Plugins/Experimental/Water/Shaders/Private/WaterQuadTreePixelShader.usf" 2307
"../../../Engine/Plugins/Experimental/Water/Shaders/Private/WaterQuadTreeVertexShader.usf" 2308
"../../../Engine/Plugins/Experimental/Water/Shaders/Private/WaterInfoFinalize.usf" 2309
"../../../Engine/Plugins/Experimental/Water/Shaders/Private/WaterInfoMerge.usf" 2310
"../../../Engine/Plugins/FX/Niagara/Shaders/Private/Stateless/NiagaraStatelessSimulationExample1.usf" 2311
"../../../Engine/Plugins/FX/Niagara/Shaders/Private/Stateless/NiagaraStatelessSimulationTemplate.ush" 2312
"../../../Engine/Plugins/FX/Niagara/Shaders/Private/Stateless/NiagaraStatelessCommon.ush" 2313
"../../../Engine/Plugins/FX/Niagara/Shaders/Shared/NiagaraStatelessDefinitions.h" 2314
"../../../Engine/Plugins/FX/Niagara/Shaders/Shared/NiagaraStatelessBuiltDistribution.h" 2315
"../../../Engine/Plugins/FX/Niagara/Shaders/Private/Stateless/NiagaraStatelessDistribution.ush" 2316
"../../../Engine/Shaders/Private/ComputeShaderUtils.ush" 2317
"../../../Engine/Plugins/FX/Niagara/Shaders/Private/Stateless/Modules/NiagaraStatelessModule_CalculateAccurateVelocity.ush" 2318
"../../../Engine/Plugins/FX/Niagara/Shaders/Private/Stateless/Modules/NiagaraStatelessModule_CameraOffset.ush" 2319
"../../../Engine/Plugins/FX/Niagara/Shaders/Private/Stateless/Modules/NiagaraStatelessModule_DynamicMaterialParameters.ush" 2320
"../../../Engine/Plugins/FX/Niagara/Shaders/Private/Stateless/Modules/NiagaraStatelessModule_InitializeParticle.ush" 2321
"../../../Engine/Plugins/FX/Niagara/Shaders/Private/Stateless/Modules/NiagaraStatelessModule_InitialMeshOrientation.ush" 2322
"../../../Engine/Plugins/FX/Niagara/Shaders/Private/Stateless/Modules/NiagaraStatelessModule_MeshIndex.ush" 2323
"../../../Engine/Plugins/FX/Niagara/Shaders/Private/Stateless/Modules/NiagaraStatelessModule_MeshRotationRate.ush" 2324
"../../../Engine/Plugins/FX/Niagara/Shaders/Private/Stateless/Modules/NiagaraStatelessModule_RotateAroundPoint.ush" 2325
"../../../Engine/Plugins/FX/Niagara/Shaders/Private/Stateless/Modules/NiagaraStatelessModule_ShapeLocation.ush" 2326
"../../../Engine/Plugins/FX/Niagara/Shaders/Private/Stateless/Modules/NiagaraStatelessModule_ScaleColor.ush" 2327
"../../../Engine/Plugins/FX/Niagara/Shaders/Private/Stateless/Modules/NiagaraStatelessModule_ScaleSpriteSize.ush" 2328
"../../../Engine/Plugins/FX/Niagara/Shaders/Private/Stateless/Modules/NiagaraStatelessModule_ScaleSpriteSizeBySpeed.ush" 2329
"../../../Engine/Plugins/FX/Niagara/Shaders/Private/Stateless/Modules/NiagaraStatelessModule_ScaleMeshSize.ush" 2330
"../../../Engine/Plugins/FX/Niagara/Shaders/Private/Stateless/Modules/NiagaraStatelessModule_ScaleMeshSizebySpeed.ush" 2331
"../../../Engine/Plugins/FX/Niagara/Shaders/Private/Stateless/Modules/NiagaraStatelessModule_SolveVelocitiesAndForces.ush" 2332
"../../../Engine/Plugins/FX/Niagara/Shaders/Private/Stateless/Modules/NiagaraStatelessModule_SpriteFacingAndAlignment.ush" 2333
"../../../Engine/Plugins/FX/Niagara/Shaders/Private/Stateless/Modules/NiagaraStatelessModule_SpriteRotationRate.ush" 2334
"../../../Engine/Plugins/FX/Niagara/Shaders/Private/Stateless/Modules/NiagaraStatelessModule_SubUVAnimation.ush" 2335
"../../../Engine/Plugins/FX/Niagara/Shaders/Private/Stateless/NiagaraStatelessSimulationDefault.usf" 2336
"../../../Engine/Plugins/FX/Niagara/Shaders/Private/NiagaraSVTToDenseBuffer.usf" 2337
"../../../Engine/Plugins/FX/Niagara/Shaders/Private/NiagaraFillIntBuffer.usf" 2338
"../../../Engine/Plugins/FX/Niagara/Shaders/Private/NiagaraComputeFreeIDs.usf" 2339
"../../../Engine/Plugins/FX/Niagara/Shaders/Private/NiagaraInitFreeIDBuffer.usf" 2340
"../../../Engine/Plugins/FX/Niagara/Shaders/Private/NiagaraEmitterInstanceShader.usf" 2341
"../../../Engine/Plugins/FX/Niagara/Shaders/Private/NiagaraShaderVersion.ush" 2342
"../../../Engine/Plugins/FX/Niagara/Shaders/Private/NiagaraPhysicsCommon.ush" 2343
"../../../Engine/Plugins/FX/Niagara/Shaders/Private/Ribbons/NiagaraRibbonGenerateIndices.usf" 2344
"../../../Engine/Plugins/FX/Niagara/Shaders/Private/Ribbons/NiagaraRibbonCommon.ush" 2345
"../../../Engine/Plugins/FX/Niagara/Shaders/Private/Ribbons/NiagaraRibbonInitializeIndices.usf" 2346
"../../../Engine/Plugins/FX/Niagara/Shaders/Private/Ribbons/NiagaraRibbonRibbonUVParamCalculation.usf" 2347
"../../../Engine/Plugins/FX/Niagara/Shaders/Private/Ribbons/NiagaraRibbonVertexReductionFinalization.usf" 2348
"../../../Engine/Plugins/FX/Niagara/Shaders/Private/Ribbons/NiagaraRibbonVertexReductionPropagation.usf" 2349
"../../../Engine/Plugins/FX/Niagara/Shaders/Private/Ribbons/NiagaraRibbonVertexReductionInitialization.usf" 2350
"../../../Engine/Plugins/FX/Niagara/Shaders/Private/Ribbons/NiagaraRibbonSortParticles.usf" 2351
"../../../Engine/Plugins/FX/Niagara/Shaders/Private/NiagaraUpdateMeshGPUSceneInstances.usf" 2352
"../../../Engine/Shaders/Private/GPUScene/GPUSceneWriter.ush" 2353
"../../../Engine/Plugins/FX/Niagara/Shaders/Private/NiagaraGenerateMips.usf" 2354
"../../../Engine/Plugins/FX/Niagara/Shaders/Private/NiagaraDebugDraw.usf" 2355
"../../../Engine/Plugins/FX/Niagara/Shaders/Private/NiagaraDebugDraw.ush" 2356
"../../../Engine/Plugins/FX/Niagara/Shaders/Private/NiagaraVisualizeTexture.usf" 2357
"../../../Engine/Plugins/FX/Niagara/Shaders/Private/NiagaraClearCounts.usf" 2358
"../../../Engine/Plugins/FX/Niagara/Shaders/Private/NiagaraBatchedElements.usf" 2359
"../../../Engine/Plugins/FX/Niagara/Shaders/Private/NiagaraRayTracingShaders.usf" 2360
"../../../Engine/Plugins/FX/Niagara/Shaders/Private/NiagaraAsyncGpuTraceCommon.ush" 2361
"../../../Engine/Shaders/Private/HashTable.ush" 2362
"../../../Engine/Shaders/Private/Hash.ush" 2363
"../../../Engine/Shaders/Private/RayTracing/VFXTraceRay.ush" 2364
"../../../Engine/Plugins/FX/Niagara/Shaders/Private/NiagaraRayMarchingShaders.usf" 2365
"../../../Engine/Plugins/FX/Niagara/Shaders/Private/NiagaraRayTraceCollisionGroupShaders.usf" 2366
"../../../Engine/Plugins/FX/Niagara/Shaders/Private/NiagaraAsyncGpuTraceUtils.usf" 2367
"../../../Engine/Plugins/FX/Niagara/Shaders/Private/NiagaraSortKeyGen.usf" 2368
"../../../Engine/Plugins/FX/Niagara/Shaders/Private/NiagaraGPURayTracingTransforms.usf" 2369
"../../../Engine/Plugins/FX/Niagara/Shaders/Private/NiagaraDrawIndirectArgsGen.usf" 2370
"../../../Engine/Plugins/FX/Niagara/Shaders/Private/NiagaraDispatchIndirectArgsGen.usf" 2371
"../../../Engine/Plugins/Experimental/NFORDenoise/Shaders/NFORDenoise.usf" 2372
"../../../Engine/Plugins/Experimental/NFORDenoise/Shaders/NFORRegressionCommon.ush" 2373
"../../../Engine/Plugins/Experimental/NFORDenoise/Shaders/NFORRegression.ush" 2374
"../../../Engine/Plugins/Compositing/OpenColorIO/Shaders/Private/OpenColorIOInvalidShader.usf" 2375
"../../../Engine/Plugins/Compositing/OpenColorIO/Shaders/Private/OpenColorIOShader.usf" 2376
"../../../Engine/Plugins/Runtime/ComputeFramework/Shaders/Private/ComputeKernel.usf" 2377
"../../../Engine/Plugins/Runtime/ComputeFramework/Shaders/Private/ComputeKernelCommon.ush" 2378
"../../../Engine/Shaders/Private/VirtualTextureAdapter.usf" 2379
"../../../Engine/Shaders/Private/BlockCompressionCommon.ush" 2380
"../../../Engine/Shaders/Private/BCCompressionCommon.ush" 2381
"../../../Engine/Shaders/Private/TranslucentLightingShaders.usf" 2382
"../../../Engine/Shaders/Private/ShadowProjectionCommon.ush" 2383
"../../../Engine/Shaders/Private/CubemapCommon.ush" 2384
"../../../Engine/Shaders/Private/VectorFieldCompositeShaders.usf" 2385
"../../../Engine/Shaders/Private/UpdateTextureShaders.usf" 2386
"../../../Engine/Shaders/Private/StereoLayerShader.usf" 2387
"../../../Engine/Shaders/Private/SparseVolumeTexture/UpdateSparseVolumeTexture.usf" 2388
"../../../Engine/Shaders/Private/MorphTargets.usf" 2389
"../../../Engine/Shaders/Private/SimpleElementColorChannelMaskPixelShader.usf" 2390
"../../../Engine/Shaders/Private/SimpleElementHitProxyPixelShader.usf" 2391
"../../../Engine/Shaders/Private/SimpleElementPixelShader.usf" 2392
"../../../Engine/Shaders/Private/IESLightProfilesCommon.ush" 2393
"../../../Engine/Shaders/Private/SimpleElementVertexShader.usf" 2394
"../../../Engine/Shaders/Private/ScreenPixelShaderOES.usf" 2395
"../../../Engine/Shaders/Private/ScreenVertexShader.usf" 2396
"../../../Engine/Shaders/Private/ScreenPixelShader.usf" 2397
"../../../Engine/Shaders/Private/SSProfilePreIntegratedMobile.usf" 2398
"../../../Engine/Shaders/Private/SpecularProfile.usf" 2399
"../../../Engine/Shaders/Private/Nanite/NaniteStreaming.usf" 2400
"../../../Engine/Shaders/Private/Nanite/NaniteStreaming.ush" 2401
"../../../Engine/Shaders/Private/Nanite/NaniteTranscode.usf" 2402
"../../../Engine/Shaders/Private/VolumetricLightmapStreaming.usf" 2403
"../../../Engine/Shaders/Private/PhysicsFieldReset.usf" 2404
"../../../Engine/Shaders/Private/PhysicsFieldBuilder.usf" 2405
"../../../Engine/Shaders/Private/PhysicsFieldEval.ush" 2406
"../../../Engine/Shaders/Private/ParticleSortKeyGen.usf" 2407
"../../../Engine/Shaders/Private/ParticleBoundsShader.usf" 2408
"../../../Engine/Shaders/Private/ParticleSimVisualizeShader.usf" 2409
"../../../Engine/Shaders/Private/ParticleInjectionShader.usf" 2410
"../../../Engine/Shaders/Private/ParticleSimulationShader.usf" 2411
"../../../Engine/Shaders/Private/ParticleCurveInjectionShader.usf" 2412
"../../../Engine/Shaders/Private/CopyUIntBuffer.usf" 2413
"../../../Engine/Shaders/Private/RadixSortShaders.usf" 2414
"../../../Engine/Shaders/Private/RecomputeTangentsPerVertexPass.usf" 2415
"../../../Engine/Shaders/Private/RecomputeTangentsCommon.ush" 2416
"../../../Engine/Shaders/Private/RecomputeTangentsPerTrianglePass.usf" 2417
"../../../Engine/Shaders/Private/GpuSkinCacheComputeShader.usf" 2418
"../../../Engine/Shaders/Private/HeightFieldAtlasManagement.usf" 2419
"../../../Engine/Shaders/Private/LandscapePhysicalMaterial.usf" 2420
"../../../Engine/Shaders/Private/LandscapeGrassWeight.usf" 2421
"../../../Engine/Shaders/Private/Landscape/LandscapeEditLayersUtils.usf" 2422
"../../../Engine/Shaders/Private/Landscape/LandscapeCommon.ush" 2423
"../../../Engine/Shaders/Private/Landscape/LandscapeEditLayersWeightmaps.usf" 2424
"../../../Engine/Shaders/Private/Landscape/LandscapeEditLayersHeightmaps.usf" 2425
"../../../Engine/Shaders/Private/Landscape/LandscapeLayersWeightmapsPS.usf" 2426
"../../../Engine/Shaders/Private/Landscape/LandscapeLayersHeightmapsPS.usf" 2427
"../../../Engine/Shaders/Private/LandscapeLayersCS.usf" 2428
"../../../Engine/Shaders/Private/LandscapeLayersPS.usf" 2429
"../../../Engine/Shaders/Private/LandscapeLayersVS.usf" 2430
"../../../Engine/Shaders/Private/Landscape/LandscapeCulling.usf" 2431
"../../../Engine/Shaders/Private/Landscape/LandscapeMergeTexturesPS.usf" 2432
"../../../Engine/Shaders/Private/WideCustomResolveShaders.usf" 2433
"../../../Engine/Shaders/Private/WideCustomResolve_Wide.ush" 2434
"../../../Engine/Shaders/Private/WideCustomResolve_Wider.ush" 2435
"../../../Engine/Shaders/Private/WideCustomResolve_Widest.ush" 2436
"../../../Engine/Shaders/Private/WaterInfoTextureBlur.usf" 2437
"../../../Engine/Shaders/Private/WaterInfoTextureMerge.usf" 2438
"../../../Engine/Shaders/Private/PageTableUpdate.usf" 2439
"../../../Engine/Shaders/Private/VirtualTextureCompress.usf" 2440
"../../../Engine/Shaders/Private/ETCCompressionCommon.ush" 2441
"../../../Engine/Shaders/Private/VirtualTextureMaterial.usf" 2442
"../../../Engine/Shaders/Private/PixelShaderOutputCommon.ush" 2443
"../../../Engine/Shaders/Private/ShaderOutputCommon.ush" 2444
"../../../Engine/Shaders/Private/VolumetricRenderTarget.usf" 2445
"../../../Engine/Shaders/Private/HeightFogCommon.ush" 2446
"../../../Engine/Shaders/Private/LocalFogVolumes/LocalFogVolumeCommon.ush" 2447
"../../../Engine/Shaders/Private/ReflectionEnvironmentShared.ush" 2448
"../../../Engine/Shaders/Private/VolumetricFogVoxelization.usf" 2449
"../../../Engine/Shaders/Private/VolumetricCloudMaterialPixelCommon.ush" 2450
"../../../Engine/Shaders/Private/VolumetricFogLightFunction.usf" 2451
"../../../Engine/Shaders/Private/LightFunctionCommon.ush" 2452
"../../../Engine/Shaders/Private/VolumetricFog.usf" 2453
"../../../Engine/Shaders/Private/DeferredLightingCommon.ush" 2454
"../../../Engine/Shaders/Private/DynamicLightingCommon.ush" 2455
"../../../Engine/Shaders/Private/CapsuleLightIntegrate.ush" 2456
"../../../Engine/Shaders/Private/CapsuleLightSampling.ush" 2457
"../../../Engine/Shaders/Private/RectLightIntegrate.ush" 2458
"../../../Engine/Shaders/Private/ScreenSpaceShadowRayCast.ush" 2459
"../../../Engine/Shaders/Private/LightFunctionAtlas/LightFunctionAtlasCommon.usf" 2460
"../../../Engine/Shaders/Private/HeterogeneousVolumes/HeterogeneousVolumesAdaptiveVolumetricShadowMapSampling.ush" 2461
"../../../Engine/Shaders/Private/HeterogeneousVolumes/HeterogeneousVolumesAdaptiveVolumetricShadowMapUtils.ush" 2462
"../../../Engine/Shaders/Private/HeterogeneousVolumes/HeterogeneousVolumesRayMarchingUtils.ush" 2463
"../../../Engine/Shaders/Private/HeterogeneousVolumes/HeterogeneousVolumesRayMarchingTypes.ush" 2464
"../../../Engine/Shaders/Private/PathTracing/Utilities/PathTracingRandomSequence.ush" 2465
"../../../Engine/Shaders/Private/HeterogeneousVolumes/HeterogeneousVolumesTracingUtils.ush" 2466
"../../../Engine/Shaders/Private/VelocityCommon.ush" 2467
"../../../Engine/Shaders/Private/HeterogeneousVolumes/HeterogeneousVolumesTransmittanceVolumeUtils.ush" 2468
"../../../Engine/Shaders/Private/ForwardShadowingCommon.ush" 2469
"../../../Engine/Shaders/Private/ShadowFilteringCommon.ush" 2470
"../../../Engine/Shaders/Private/PixelQuadMessagePassing.ush" 2471
"../../../Engine/Shaders/Private/VolumeLightingCommon.ush" 2472
"../../../Engine/Shaders/Private/VolumeLightingCommonSampling.ush" 2473
"../../../Engine/Shaders/Private/Lumen/LumenTranslucencyVolumeShared.ush" 2474
"../../../Engine/Shaders/Private/Lumen/LumenRadianceCacheInterpolation.ush" 2475
"../../../Engine/Shaders/Private/HeterogeneousVolumes/HeterogeneousVolumesAdaptiveVolumetricShadowMapSampler.ush" 2476
"../../../Engine/Shaders/Private/LightGridCommon.ush" 2477
"../../../Engine/Shaders/Private/DistanceFieldAOShared.ush" 2478
"../../../Engine/Shaders/Private/IntersectionUtils.ush" 2479
"../../../Engine/Shaders/Private/VolumetricLightmapShared.ush" 2480
"../../../Engine/Shaders/Private/LightDataUniforms.ush" 2481
"../../../Engine/Shaders/Private/VirtualShadowMaps/VirtualShadowMapProjectionCommon.ush" 2482
"../../../Engine/Shaders/Private/VirtualShadowMaps/VirtualShadowMapPageAccessCommon.ush" 2483
"../../../Engine/Shaders/Shared/VirtualShadowMapDefinitions.h" 2484
"../../../Engine/Shaders/Shared/HLSLMathAliases.h" 2485
"../../../Engine/Shaders/Private/VirtualShadowMaps/VirtualShadowMapProjectionStructs.ush" 2486
"../../../Engine/Shaders/Private/VolumetricCloudCommon.ush" 2487
"../../../Engine/Shaders/Private/VolumetricCloud.usf" 2488
"../../../Engine/Shaders/Private/VisualizeVolumetricLightmap.usf" 2489
"../../../Engine/Shaders/Private/VirtualShadowMaps/VirtualShadowMapProjectionComposite.usf" 2490
"../../../Engine/Shaders/Private/LightShaderParameters.ush" 2491
"../../../Engine/Shaders/Private/VirtualShadowMaps/VirtualShadowMapMaskBitsCommon.ush" 2492
"../../../Engine/Shaders/Private/VirtualShadowMaps/VirtualShadowMapLightGrid.ush" 2493
"../../../Engine/Shaders/Private/VirtualShadowMaps/VirtualShadowMapProjection.usf" 2494
"../../../Engine/Shaders/Private/Visualization.ush" 2495
"../../../Engine/Shaders/Private/VirtualShadowMaps/VirtualShadowMapProjectionFilter.ush" 2496
"../../../Engine/Shaders/Private/VirtualShadowMaps/VirtualShadowMapProjectionDirectional.ush" 2497
"../../../Engine/Shaders/Private/VirtualShadowMaps/VirtualShadowMapSMRTCommon.ush" 2498
"../../../Engine/Shaders/Private/VirtualShadowMaps/VirtualShadowMapSMRTTemplate.ush" 2499
"../../../Engine/Shaders/Private/VirtualShadowMaps/VirtualShadowMapProjectionSpot.ush" 2500
"../../../Engine/Shaders/Private/VirtualShadowMaps/VirtualShadowMapTransmissionCommon.ush" 2501
"../../../Engine/Shaders/Private/VirtualShadowMaps/VirtualShadowMapScreenRayTrace.ush" 2502
"../../../Engine/Shaders/Private/VirtualShadowMaps/VirtualShadowMapStats.ush" 2503
"../../../Engine/Shaders/Private/HairStrands/HairStrandsVoxelPageCommon.ush" 2504
"../../../Engine/Shaders/Private/HairStrands/HairStrandsVoxelPageTraversal.ush" 2505
"../../../Engine/Shaders/Private/VirtualShadowMaps/VirtualShadowMapCacheLoadBalancer.usf" 2506
"../../../Engine/Shaders/Private/VirtualShadowMaps/VirtualShadowMapPageCacheCommon.ush" 2507
"../../../Engine/Shaders/Private/VirtualShadowMaps/VirtualShadowMapCacheInvalidation.ush" 2508
"../../../Engine/Shaders/Private/VirtualShadowMaps/VirtualShadowMapPageOverlap.ush" 2509
"../../../Engine/Shaders/Private/ScreenSpaceDenoise/SSDDefinitions.ush" 2510
"../../../Engine/Shaders/Private/InstanceCulling/InstanceCullingLoadBalancer.ush" 2511
"../../../Engine/Shaders/Private/VirtualShadowMaps/VirtualShadowMapCopyStats.usf" 2512
"../../../Engine/Shaders/Private/VirtualShadowMaps/VirtualShadowMapDebug.usf" 2513
"../../../Engine/Shaders/Private/VirtualShadowMaps/Desaturate.usf" 2514
"../../../Engine/Shaders/Private/VirtualShadowMaps/VirtualShadowMapPhysicalPageManagement.usf" 2515
"../../../Engine/Shaders/Private/ReductionCommon.ush" 2516
"../../../Engine/Shaders/Private/GPUMessaging.ush" 2517
"../../../Engine/Shaders/Private/VirtualShadowMaps/VirtualShadowMapPerPageDispatch.ush" 2518
"../../../Engine/Shaders/Private/VirtualShadowMaps/VirtualShadowMapBuildPerPageDrawCommands.usf" 2519
"../../../Engine/Shaders/Private/Nanite/NaniteCullingCommon.ush" 2520
"../../../Engine/Shaders/Private/Nanite/NaniteCulling.ush" 2521
"../../../Engine/Shaders/Private/Nanite/NaniteHierarchyTraversalCommon.ush" 2522
"../../../Engine/Shaders/Private/InstanceCulling/InstanceCullingCommon.ush" 2523
"../../../Engine/Shaders/Shared/InstanceCullingDefinitions.h" 2524
"../../../Engine/Shaders/Private/VirtualShadowMaps/VirtualShadowMapPrintStats.usf" 2525
"../../../Engine/Shaders/Private/VirtualShadowMaps/VirtualShadowMapPageManagement.usf" 2526
"../../../Engine/Shaders/Private/VirtualShadowMaps/VirtualShadowMapPageMarking.usf" 2527
"../../../Engine/Shaders/Shared/SingleLayerWaterDefinitions.h" 2528
"../../../Engine/Shaders/Private/HairStrands/HairStrandsTileCommon.ush" 2529
"../../../Engine/Shaders/Private/Froxel/Froxel.ush" 2530
"../../../Engine/Shaders/Shared/FroxelDefinitions.h" 2531
"../../../Engine/Shaders/Private/VariableRateShading/VRSShadingRatePreview.usf" 2532
"../../../Engine/Shaders/Private/VariableRateShading/VRSShadingRateCommon.ush" 2533
"../../../Engine/Shaders/Private/VariableRateShading/VRSShadingRateCombine.usf" 2534
"../../../Engine/Shaders/Private/VariableRateShading/VRSShadingRateFoveated.usf" 2535
"../../../Engine/Shaders/Private/VariableRateShading/VRSShadingRateReproject.usf" 2536
"../../../Engine/Shaders/Private/VariableRateShading/VRSShadingRateCalculate.usf" 2537
"../../../Engine/Shaders/Private/TranslucencyUpsampling.usf" 2538
"../../../Engine/Shaders/Private/ComposeSeparateTranslucency.usf" 2539
"../../../Engine/Shaders/Private/SeparateTranslucency.ush" 2540
"../../../Engine/Shaders/Private/TranslucentLightInjectionShaders.usf" 2541
"../../../Engine/Shaders/Private/TranslucentShadowDepthShaders.usf" 2542
"../../../Engine/Shaders/Private/ShadowDepthCommon.ush" 2543
"../../../Engine/Shaders/Private/RayTracing/RayTracingTest.usf" 2544
"../../../Engine/Shaders/Private/PostProcessSubsurfaceTile.usf" 2545
"../../../Engine/Shaders/Private/Substrate/SubstrateVisualize.usf" 2546
"../../../Engine/Shaders/Private/Substrate/SubstrateTile.ush" 2547
"../../../Engine/Shaders/Private/Substrate/SubstrateVisualizeCommon.ush" 2548
"../../../Engine/Shaders/Private/SkyLightingDiffuseShared.ush" 2549
"../../../Engine/Shaders/Private/SkyLightingShared.ush" 2550
"../../../Engine/Shaders/Private/ClearCoatCommon.ush" 2551
"../../../Engine/Shaders/Private/ReflectionEnvironmentComposite.ush" 2552
"../../../Engine/Shaders/Private/Substrate/SubstrateLightingCommon.ush" 2553
"../../../Engine/Shaders/Private/Substrate/SubstrateRoughRefraction.usf" 2554
"../../../Engine/Shaders/Private/PathTracing/Material/PathTracingFresnel.ush" 2555
"../../../Engine/Shaders/Private/PathTracing/Material/PathTracingGlossy.ush" 2556
"../../../Engine/Shaders/Private/Substrate/SubstrateTile.usf" 2557
"../../../Engine/Shaders/Private/Substrate/SubstrateMaterialClassification.usf" 2558
"../../../Engine/Shaders/Private/Substrate/SubstrateDBuffer.usf" 2559
"../../../Engine/Shaders/Private/StochasticLighting/StochasticLightingDenoising.usf" 2560
"../../../Engine/Shaders/Private/Lumen/LumenMaterial.ush" 2561
"../../../Engine/Shaders/Private/StochasticLighting/StochasticLightingCommon.ush" 2562
"../../../Engine/Shaders/Private/SplineMeshSceneTexture.usf" 2563
"../../../Engine/Shaders/Private/SparseVolumeTexture/VisualizeSparseVolumeTexture.usf" 2564
"../../../Engine/Shaders/Private/SkyAtmosphere.usf" 2565
"../../../Engine/Shaders/Private/CopyDepthTexture.usf" 2566
"../../../Engine/Shaders/Private/SingleLayerWaterComposite.usf" 2567
"../../../Engine/Shaders/Private/Froxel/FroxelBuild.ush" 2568
"../../../Engine/Shaders/Private/ScreenSpaceShadows.usf" 2569
"../../../Engine/Shaders/Private/bend_sss_gpu.ush" 2570
"../../../Engine/Shaders/Private/ShadowFactorsUpsampleCommon.ush" 2571
"../../../Engine/Shaders/Private/ShadowProjectionVertexShader.usf" 2572
"../../../Engine/Shaders/Private/ShadowProjectionPixelShader.usf" 2573
"../../../Engine/Shaders/Private/MobileLightingCommon.ush" 2574
"../../../Engine/Shaders/Private/PlanarReflectionShared.ush" 2575
"../../../Engine/Shaders/Private/MobileSSR.ush" 2576
"../../../Engine/Shaders/Private/SSRT/SSRTRayCast.ush" 2577
"../../../Engine/Shaders/Private/ShadowPercentageCloserFiltering.ush" 2578
"../../../Engine/Shaders/Private/TransmissionThickness.ush" 2579
"../../../Engine/Shaders/Private/CopyShadowMaps.usf" 2580
"../../../Engine/Shaders/Private/ShadowDepthPixelShader.usf" 2581
"../../../Engine/Shaders/Private/ShadowDepthVertexShader.usf" 2582
"../../../Engine/Shaders/Private/ShadingEnergyConservationTable.usf" 2583
"../../../Engine/Shaders/Shared/PathTracingDefinitions.h" 2584
"../../../Engine/Shaders/Private/ShadingFurnaceTest.usf" 2585
"../../../Engine/Shaders/Private/Substrate/SubstrateDeferredLighting.ush" 2586
"../../../Engine/Shaders/Private/ShaderPrintDraw.usf" 2587
"../../../Engine/Shaders/Private/ShaderPrintDrawPrimitive.usf" 2588
"../../../Engine/Shaders/Private/DefaultSSRTiles.usf" 2589
"../../../Engine/Shaders/Private/ScreenSpaceReflectionTileCommons.ush" 2590
"../../../Engine/Shaders/Private/SSRT/SSRTDiffuseIndirect.usf" 2591
"../../../Engine/Shaders/Private/SSRT/SSRTTileClassificationBuffer.ush" 2592
"../../../Engine/Shaders/Private/SSRT/SSRTReflections.usf" 2593
"../../../Engine/Shaders/Private/ScreenSpaceDenoise/SSDPublic.ush" 2594
"../../../Engine/Shaders/Private/SSRT/SSRTTileClassification.usf" 2595
"../../../Engine/Shaders/Private/SSRT/SSRTPrevFrameReduction.usf" 2596
"../../../Engine/Shaders/Private/ScreenSpaceDenoise/SSDComposeHarmonics.usf" 2597
"../../../Engine/Shaders/Private/ScreenSpaceDenoise/SSDPublicHarmonics.ush" 2598
"../../../Engine/Shaders/Private/ScreenSpaceDenoise/SSDSignalFramework.ush" 2599
"../../../Engine/Shaders/Private/ScreenSpaceDenoise/SSDCommon.ush" 2600
"../../../Engine/Shaders/Private/SphericalGaussian.ush" 2601
"../../../Engine/Shaders/Private/ScreenSpaceDenoise/SSDMetadata.ush" 2602
"../../../Engine/Shaders/Private/ScreenSpaceDenoise/SSDSignalCore.ush" 2603
"../../../Engine/Shaders/Private/ScreenSpaceDenoise/DenoisingCommon.ush" 2604
"../../../Engine/Shaders/Private/ScreenSpaceDenoise/SSDSignalArray.ush" 2605
"../../../Engine/Shaders/Private/ScreenSpaceDenoise/SSDSignalBufferEncoding.ush" 2606
"../../../Engine/Shaders/Private/ScreenSpaceDenoise/SSDPublicBufferEncoding.ush" 2607
"../../../Engine/Shaders/Private/Lumen/LumenBufferEncoding.ush" 2608
"../../../Engine/Shaders/Private/ScreenSpaceDenoise/SSDTemporalAccumulation.usf" 2609
"../../../Engine/Shaders/Private/ScreenSpaceDenoise/SSDSpatialKernel.ush" 2610
"../../../Engine/Shaders/Private/ScreenSpaceDenoise/SSDSignalAccumulatorArray.ush" 2611
"../../../Engine/Shaders/Private/ScreenSpaceDenoise/SSDSignalAccumulator.ush" 2612
"../../../Engine/Shaders/Private/ScreenSpaceDenoise/SSDSignalCompression.ush" 2613
"../../../Engine/Shaders/Private/ScreenSpaceDenoise/SSDSpatialAccumulation.usf" 2614
"../../../Engine/Shaders/Private/ScreenSpaceDenoise/SSDInjest.usf" 2615
"../../../Engine/Shaders/Private/ScreenSpaceDenoise/SSDCompressMetadata.usf" 2616
"../../../Engine/Shaders/Private/DownsampleDepthPixelShader.usf" 2617
"../../../Engine/Shaders/Private/ScreenPass.usf" 2618
"../../../Engine/Shaders/Private/HZB.usf" 2619
"../../../Engine/Shaders/Private/OcclusionFeedbackShaders.usf" 2620
"../../../Engine/Shaders/Private/HZBOcclusion.usf" 2621
"../../../Engine/Shaders/Private/OcclusionQueryPixelShader.usf" 2622
"../../../Engine/Shaders/Private/OcclusionQueryVertexShader.usf" 2623
"../../../Engine/Shaders/Private/HitProxyCopy.usf" 2624
"../../../Engine/Shaders/Private/HitProxyPixelShader.usf" 2625
"../../../Engine/Shaders/Private/HitProxyVertexShader.usf" 2626
"../../../Engine/Shaders/Private/SceneCulling/SceneCullingDebugRender.usf" 2627
"../../../Engine/Shaders/Private/SceneCulling/SceneCulling.ush" 2628
"../../../Engine/Shaders/Shared/SceneCullingDefinitions.h" 2629
"../../../Engine/Shaders/Private/SceneCulling/SceneCullingBuildExplicitBounds.usf" 2630
"../../../Engine/Shaders/Private/SceneCapturePixelShader.usf" 2631
"../../../Engine/Shaders/Private/RendererUtils.usf" 2632
"../../../Engine/Shaders/Private/RTWriteMaskDecode.usf" 2633
"../../../Engine/Shaders/Private/ReflectionEnvironmentShaders.usf" 2634
"../../../Engine/Shaders/Private/RectLightAtlas.usf" 2635
"../../../Engine/Shaders/Private/RayTracing/TraceRayInlineStatistics.usf" 2636
"../../../Engine/Shaders/Private/RayTracing/CompositeSkyLightPS.usf" 2637
"../../../Engine/Shaders/Private/RayTracing/GenerateSkyLightVisibilityRaysCS.usf" 2638
"../../../Engine/Shaders/Private/RayTracing/RayTracingSkyLightCommon.ush" 2639
"../../../Engine/Shaders/Private/RayTracing/SkyLightVisibilityRaysData.ush" 2640
"../../../Engine/Shaders/Private/Raytracing/RaytracingSkylightRGS.usf" 2641
"../../../Engine/Shaders/Private/HairStrands/HairStrandsRaytracing.ush" 2642
"../../../Engine/Shaders/Private/Raytracing/RayTracingSkyLightEvaluation.ush" 2643
"../../../Engine/Shaders/Private/Raytracing/RayTracingDeferredShadingCommon.ush" 2644
"../../../Engine/Shaders/Private/RayTracing/RayTracingOcclusionRGS.usf" 2645
"../../../Engine/Shaders/Private/RayTracing/RayTracingDirectionalLight.ush" 2646
"../../../Engine/Shaders/Private/RayTracing/RayTracingRectLight.ush" 2647
"../../../Engine/Shaders/Private/RayTracing/RayTracingSphereLight.ush" 2648
"../../../Engine/Shaders/Private/RayTracing/RayTracingCapsuleLight.ush" 2649
"../../../Engine/Shaders/Private/RayTracing/RayTracingPrimaryRays.usf" 2650
"../../../Engine/Shaders/Private/RayTracing/RayTracingLightingCommon.ush" 2651
"../../../Engine/Shaders/Private/RayTracing/RayTracingLightCullingCommon.ush" 2652
"../../../Engine/Shaders/Private/RayTracing/RayTracingMaterialDefaultHitShaders.usf" 2653
"../../../Engine/Shaders/Private/RayTracing/RayTracingMaterialHitShaders.usf" 2654
"../../../Engine/Shaders/Private/RayTracing/RayTracingShaderUtils.ush" 2655
"../../../Engine/Shaders/Private/RayTracing/RayTracingCalcInterpolants.ush" 2656
"../../../Engine/Shaders/Private/LightmapCommon.ush" 2657
"../../../Engine/Shaders/Private/Lumen/LumenHardwareRayTracingPayloadCommon.ush" 2658
"../../../Engine/Shaders/Shared/LumenDefinitions.h" 2659
"../../../Engine/Shaders/Private/Substrate/SubstrateExport.ush" 2660
"../../../Engine/Shaders/Private/RayTracing/RayTracingLightingMS.usf" 2661
"../../../Engine/Shaders/Private/RayTracing/RayTracingLightFunctionCommon.ush" 2662
"../../../Engine/Shaders/Private/RayTracing/RayTracingBuildLightGrid.usf" 2663
"../../../Engine/Shaders/Private/Raytracing/RayTracingInstanceBufferUtil.usf" 2664
"../../../Engine/Shaders/Private/RayTracing/RayTracingDynamicMesh.usf" 2665
"../../../Engine/Shaders/Private/RayTracing/RayTracingDefaultDecalHitShader.usf" 2666
"../../../Engine/Shaders/Private/RayTracing/RayTracingDecalMaterialShader.usf" 2667
"../../../Engine/Shaders/Private/PathTracing/PathTracingShaderUtils.ush" 2668
"../../../Engine/Shaders/Private/PathTracing/PathTracingCommon.ush" 2669
"../../../Engine/Shaders/Private/PathTracing/Material/PathTracingMaterialCommon.ush" 2670
"../../../Engine/Shaders/Private/RayTracing/RayTracingBuildDecalGrid.usf" 2671
"../../../Engine/Shaders/Private/RayTracing/RayTracingDebugHitStatsUtils.usf" 2672
"../../../Engine/Shaders/Private/RayTracing/RayTracingDebugInstanceOverlap.usf" 2673
"../../../Engine/Shaders/Private/RayTracing/RayTracingDebugPicking.usf" 2674
"../../../Engine/Shaders/Private/RayTracing/RayTracingDebugUtils.ush" 2675
"../../../Engine/Shaders/Shared/RayTracingDebugTypes.h" 2676
"../../../Engine/Shaders/Private/RayTracing/RayTracingDebugTraversal.usf" 2677
"../../../Engine/Shaders/Private/RayTracing/RayTracingDeferredMaterials.ush" 2678
"../../../Engine/Shaders/Shared/ThirdParty/AMD/ags_shader_intrinsics_dx12.h" 2679
"../../../Engine/Shaders/Shared/RayTracingDebugDefinitions.h" 2680
"../../../Engine/Shaders/Private/RayTracing/RayTracingDebugHitStatsCHS.usf" 2681
"../../../Engine/Shaders/Private/RayTracing/RayTracingDebugHitStats.usf" 2682
"../../../Engine/Shaders/Private/RayTracing/RayTracingDebugMS.usf" 2683
"../../../Engine/Shaders/Private/RayTracing/RayTracingDebugCHS.usf" 2684
"../../../Engine/Shaders/Private/RayTracing/RayTracingDebug.usf" 2685
"../../../Engine/Shaders/Private/RayTracing/RayTracingBuiltInShaders.usf" 2686
"../../../Engine/Shaders/Private/RayTracing/RayTracingBarycentrics.usf" 2687
"../../../Engine/Shaders/Private/RayTracing/RayTracingAmbientOcclusionRGS.usf" 2688
"../../../Engine/Shaders/Private/VisualizeShadingModels.usf" 2689
"../../../Engine/Shaders/Private/MotionBlur/VisualizeMotionVectors.usf" 2690
"../../../Engine/Shaders/Private/TemporalSuperResolution/TSRVisualize.usf" 2691
"../../../Engine/Shaders/Private/TemporalSuperResolution/TSRColorSpace.ush" 2692
"../../../Engine/Shaders/Private/TemporalSuperResolution/TSRReprojectionField.ush" 2693
"../../../Engine/Shaders/Private/TemporalSuperResolution/TSRResolveHistory.usf" 2694
"../../../Engine/Shaders/Private/TemporalSuperResolution/TSRConvolutionNetwork.ush" 2695
"../../../Engine/Shaders/Private/TemporalSuperResolution/TSRKernels.ush" 2696
"../../../Engine/Shaders/Public/LaneVectorization.ush" 2697
"../../../Engine/Shaders/Private/TemporalSuperResolution/TSRUpdateHistory.usf" 2698
"../../../Engine/Shaders/Private/TemporalSuperResolution/TSRSpatialAntiAliasing.ush" 2699
"../../../Engine/Shaders/Private/TemporalSuperResolution/TSRSpatialAntiAliasing.usf" 2700
"../../../Engine/Shaders/Private/TemporalSuperResolution/TSRRejectShading.usf" 2701
"../../../Engine/Shaders/Private/TemporalSuperResolution/TSRShadingAnalysis.ush" 2702
"../../../Engine/Shaders/Private/TemporalSuperResolution/TSRConvolutionNetworkPass.ush" 2703
"../../../Engine/Shaders/Private/TemporalSuperResolution/TSRDecimateHistory.usf" 2704
"../../../Engine/Shaders/Private/TemporalSuperResolution/TSRDepthVelocityAnalysis.ush" 2705
"../../../Engine/Shaders/Private/TemporalSuperResolution/TSRClosestOccluder.ush" 2706
"../../../Engine/Shaders/Private/TemporalSuperResolution/TSRDilateVelocity.usf" 2707
"../../../Engine/Shaders/Private/MotionBlur/MotionBlurVelocityFlatten.ush" 2708
"../../../Engine/Shaders/Private/MotionBlur/MotionBlurCommon.ush" 2709
"../../../Engine/Shaders/Private/TemporalSuperResolution/TSRClearPrevTextures.usf" 2710
"../../../Engine/Shaders/Private/TemporalSuperResolution/TSRMeasureFlickeringLuma.usf" 2711
"../../../Engine/Shaders/Private/TemporalAA.usf" 2712
"../../../Engine/Shaders/Private/FilterPixelShader.usf" 2713
"../../../Engine/Shaders/Private/FilterVertexShader.usf" 2714
"../../../Engine/Shaders/Private/PostProcessVisualizeBuffer.usf" 2715
"../../../Engine/Shaders/Private/PostProcessVisualizeLocalExposure.usf" 2716
"../../../Engine/Shaders/Private/PostProcessHistogramCommon.ush" 2717
"../../../Engine/Shaders/Private/TonemapCommon.ush" 2718
"../../../Engine/Shaders/Private/ACES.ush" 2719
"../../../Engine/Shaders/Private/PostProcessVisualizeLevelInstance.usf" 2720
"../../../Engine/Shaders/Private/PostProcessVisualizeHDR.usf" 2721
"../../../Engine/Shaders/Private/ShaderComplexityApplyPixelShader.usf" 2722
"../../../Engine/Shaders/Private/QuadOverdraw.ush" 2723
"../../../Engine/Shaders/Private/PostProcessUpscale.usf" 2724
"../../../Engine/Shaders/Private/PostProcessTonemap.usf" 2725
"../../../Engine/Shaders/Private/PostProcessing/FilmGrainPackConstants.usf" 2726
"../../../Engine/Shaders/Private/PostProcessing/FilmGrainReduce.usf" 2727
"../../../Engine/Shaders/Private/PostProcessTestImage.usf" 2728
"../../../Engine/Shaders/Private/PostProcessSubsurface.usf" 2729
"../../../Engine/Shaders/Private/SeparableSSS.ush" 2730
"../../../Engine/Shaders/Private/SubsurfaceBurleyNormalized.ush" 2731
"../../../Engine/Shaders/Private/PostProcessSelectionOutline.usf" 2732
"../../../Engine/Shaders/Private/PostProcessPixelProjectedReflectionMobile.usf" 2733
"../../../Engine/Shaders/Private/MotionBlur/MotionBlurVisualize.usf" 2734
"../../../Engine/Shaders/Private/MotionBlur/MotionBlurApply.usf" 2735
"../../../Engine/Shaders/Private/MotionBlur/MotionBlurFilterTileClassify.usf" 2736
"../../../Engine/Shaders/Private/MotionBlur/MotionBlurTileScatter.usf" 2737
"../../../Engine/Shaders/Private/MotionBlur/MotionBlurTileGather.usf" 2738
"../../../Engine/Shaders/Private/MotionBlur/MotionBlurVelocityFlatten.usf" 2739
"../../../Engine/Shaders/Private/PostProcessMobile.usf" 2740
"../../../Engine/Shaders/Private/PostProcessMitchellNetravali.usf" 2741
"../../../Engine/Shaders/Private/PostProcessLocalExposure.usf" 2742
"../../../Engine/Shaders/Private/PostProcessLensFlares.usf" 2743
"../../../Engine/Shaders/Private/PostProcessGBufferHints.usf" 2744
"../../../Engine/Shaders/Private/PostProcessHMD.usf" 2745
"../../../Engine/Shaders/Private/Histogram.usf" 2746
"../../../Engine/Shaders/Private/PostProcessHistogramReduce.usf" 2747
"../../../Engine/Shaders/Private/PostProcessHistogram.usf" 2748
"../../../Engine/Shaders/Private/Bloom/BloomFinalizeApplyConstants.usf" 2749
"../../../Engine/Shaders/Private/Bloom/BloomCommon.ush" 2750
"../../../Engine/Shaders/Private/Bloom/BloomResizeKernel.usf" 2751
"../../../Engine/Shaders/Private/Bloom/BloomDownsampleKernel.usf" 2752
"../../../Engine/Shaders/Private/Bloom/BloomClampKernel.usf" 2753
"../../../Engine/Shaders/Private/Bloom/BloomPackKernelConstants.usf" 2754
"../../../Engine/Shaders/Private/Bloom/BloomSumScatterDispersionEnergy.usf" 2755
"../../../Engine/Shaders/Private/Bloom/BloomReduceKernelSurvey.usf" 2756
"../../../Engine/Shaders/Private/Bloom/BloomSurveyKernelCenterEnergy.usf" 2757
"../../../Engine/Shaders/Private/Bloom/BloomSurveyMaxScatterDispersion.usf" 2758
"../../../Engine/Shaders/Private/Bloom/BloomFindKernelCenter.usf" 2759
"../../../Engine/Shaders/Private/PostProcessEyeAdaptation.usf" 2760
"../../../Engine/Shaders/Private/TranslucencyVolumeCommon.ush" 2761
"../../../Engine/Shaders/Private/PostProcessEyeAdaptationUtils.usf" 2762
"../../../Engine/Shaders/Private/PostProcessDownsample.usf" 2763
"../../../Engine/Shaders/Private/PostProcessDOF.usf" 2764
"../../../Engine/Shaders/Private/PostProcessDeviceEncodingOnly.usf" 2765
"../../../Engine/Shaders/Private/PostProcessCompositePrimitives.usf" 2766
"../../../Engine/Shaders/Private/PostProcessCombineLUTs.usf" 2767
"../../../Engine/Shaders/Private/PostProcessVisualizeDOF.usf" 2768
"../../../Engine/Shaders/Private/PostProcessBloom.usf" 2769
"../../../Engine/Shaders/Private/PostProcessAmbientOcclusionMobile.usf" 2770
"../../../Engine/Shaders/Private/PostProcessAmbientOcclusionCommon.ush" 2771
"../../../Engine/Shaders/Private/FXAAShader.usf" 2772
"../../../Engine/Shaders/Private/Fxaa3_11.ush" 2773
"../../../Engine/Shaders/Private/PaniniProjection.usf" 2774
"../../../Engine/Shaders/Private/DiaphragmDOF/DOFRecombine.usf" 2775
"../../../Engine/Shaders/Private/DiaphragmDOF/DOFCommon.ush" 2776
"../../../Engine/Shaders/Private/DiaphragmDOF/DOFHybridScatterPixelShader.usf" 2777
"../../../Engine/Shaders/Private/DiaphragmDOF/DOFHybridScatterCommon.ush" 2778
"../../../Engine/Shaders/Private/DiaphragmDOF/DOFHybridScatterVertexShader.usf" 2779
"../../../Engine/Shaders/Private/DiaphragmDOF/DOFPostfiltering.usf" 2780
"../../../Engine/Shaders/Private/DiaphragmDOF/DOFGatherTileSuggest.ush" 2781
"../../../Engine/Shaders/Private/DiaphragmDOF/DOFCocTileCommon.ush" 2782
"../../../Engine/Shaders/Private/DiaphragmDOF/DOFGatherPass.usf" 2783
"../../../Engine/Shaders/Private/DiaphragmDOF/DOFGatherCommon.ush" 2784
"../../../Engine/Shaders/Private/DiaphragmDOF/DOFGatherAccumulator.ush" 2785
"../../../Engine/Shaders/Private/DiaphragmDOF/DOFGatherKernel.ush" 2786
"../../../Engine/Shaders/Private/DiaphragmDOF/DOFBokehLUT.usf" 2787
"../../../Engine/Shaders/Private/DiaphragmDOF/DOFHybridScatterCompilation.usf" 2788
"../../../Engine/Shaders/Private/DiaphragmDOF/DOFReduce.usf" 2789
"../../../Engine/Shaders/Private/DiaphragmDOF/DOFDownsample.ush" 2790
"../../../Engine/Shaders/Private/DiaphragmDOF/DOFHybridScatterCompilation.ush" 2791
"../../../Engine/Shaders/Private/DiaphragmDOF/DOFDownsample.usf" 2792
"../../../Engine/Shaders/Private/DiaphragmDOF/DOFCocTileDilate.usf" 2793
"../../../Engine/Shaders/Private/DiaphragmDOF/DOFCocTileFlatten.usf" 2794
"../../../Engine/Shaders/Private/DiaphragmDOF/DOFSetup.usf" 2795
"../../../Engine/Shaders/Private/Tools/DebugAlphaChannel.usf" 2796
"../../../Engine/Shaders/Private/PlanarReflectionShaders.usf" 2797
"../../../Engine/Shaders/Private/PhysicsFieldVisualizer.usf" 2798
"../../../Engine/Shaders/Private/PathTracing/PathTracingSpatialTemporalDenoising.usf" 2799
"../../../Engine/Shaders/Private/ColorDifference.ush" 2800
"../../../Engine/Shaders/Private/PathTracing/PathTracingCompositingPixelShader.usf" 2801
"../../../Engine/Shaders/Private/PathTracing/PathTracingAdaptiveUtils.ush" 2802
"../../../Engine/Shaders/Private/PathTracing/PathTracingDefaultHitShader.usf" 2803
"../../../Engine/Shaders/Private/PathTracing/PathTracingGPULightmassMaterialHitShader.usf" 2804
"../../../Engine/Shaders/Private/PathTracing/PathTracingMaterialHitShader.usf" 2805
"../../../Engine/Shaders/Private/PathTracing/Material/PathTracingSubstrateCommon.ush" 2806
"../../../Engine/Shaders/Private/PathTracing/PathTracingLightingMissShader.usf" 2807
"../../../Engine/Shaders/Private/PathTracing/PathTracingMissShader.usf" 2808
"../../../Engine/Shaders/Private/PathTracing/PathTracingAdaptiveStart.usf" 2809
"../../../Engine/Shaders/Private/PathTracing/PathTracingBuildAdaptiveError.usf" 2810
"../../../Engine/Shaders/Private/PathTracing/PathTracingVolumetricCloudMaterialShader.usf" 2811
"../../../Engine/Shaders/Private/PathTracing/Volume/PathTracingCloudsMaterialCommon.ush" 2812
"../../../Engine/Shaders/Private/PathTracing/Volume/PathTracingVolumeCommon.ush" 2813
"../../../Engine/Shaders/Private/PathTracing/Volume/PathTracingCloudsCommon.ush" 2814
"../../../Engine/Shaders/Private/PathTracing/PathTracingBuildCloud.usf" 2815
"../../../Engine/Shaders/Private/PathTracing/Volume/PathTracingAtmosphereCommon.ush" 2816
"../../../Engine/Shaders/Private/PathTracing/PathTracingBuildCloudAccelerationMap.usf" 2817
"../../../Engine/Shaders/Private/PathTracing/PathTracingBuildAtmosphereLUT.usf" 2818
"../../../Engine/Shaders/Private/PathTracing/PathTracingSwizzleScanlines.usf" 2819
"../../../Engine/Shaders/Private/PathTracing/PathTracingInitExtinctionCoefficient.usf" 2820
"../../../Engine/Shaders/Private/PathTracing/PathTracingCopyDepth.usf" 2821
"../../../Engine/Shaders/Private/PathTracing/PathTracingDebug.usf" 2822
"../../../Engine/Shaders/Private/RayTracing/RayTracingDecalGrid.ush" 2823
"../../../Engine/Shaders/Private/PathTracing/Utilities/PathTracingRIS.ush" 2824
"../../../Engine/Shaders/Private/PathTracing/Light/PathTracingLightSampling.ush" 2825
"../../../Engine/Shaders/Private/PathTracing/Light/PathTracingLightCommon.ush" 2826
"../../../Engine/Shaders/Private/PathTracing/Light/PathTracingDirectionalLight.ush" 2827
"../../../Engine/Shaders/Private/PathTracing/Light/PathTracingPointLight.ush" 2828
"../../../Engine/Shaders/Private/PathTracing/Light/PathTracingCapsuleLight.ush" 2829
"../../../Engine/Shaders/Private/PathTracing/Light/PathTracingRectLight.ush" 2830
"../../../Engine/Shaders/Private/PathTracing/Light/PathTracingSkyLight.ush" 2831
"../../../Engine/Shaders/Private/PathTracing/Light/PathTracingLightGrid.ush" 2832
"../../../Engine/Shaders/Private/PathTracing/PathTracing.usf" 2833
"../../../Engine/Shaders/Private/PathTracing/PathTracingCore.ush" 2834
"../../../Engine/Shaders/Private/HeterogeneousVolumes/HeterogeneousVolumesVoxelGridTypes.ush" 2835
"../../../Engine/Shaders/Private/PathTracing/Material/PathTracingMaterialSampling.ush" 2836
"../../../Engine/Shaders/Private/PathTracing/Material/PathTracingLambert.ush" 2837
"../../../Engine/Shaders/Private/PathTracing/Material/PathTracingSubstrate.ush" 2838
"../../../Engine/Shaders/Private/PathTracing/Material/PathTracingSubstrateFoliage.ush" 2839
"../../../Engine/Shaders/Private/PathTracing/Material/PathTracingSubstrateSolidGlass.ush" 2840
"../../../Engine/Shaders/Private/PathTracing/Material/PathTracingSubstrateThinGlass.ush" 2841
"../../../Engine/Shaders/Private/PathTracing/Material/PathTracingSolidGlass.ush" 2842
"../../../Engine/Shaders/Private/PathTracing/Material/PathTracingEnergyConservation.ush" 2843
"../../../Engine/Shaders/Private/PathTracing/Material/PathTracingThinGlass.ush" 2844
"../../../Engine/Shaders/Private/PathTracing/Material/PathTracingDefaultLit.ush" 2845
"../../../Engine/Shaders/Private/PathTracing/Material/PathTracingClearCoat.ush" 2846
"../../../Engine/Shaders/Private/PathTracing/Material/PathTracingTwoSidedFoliage.ush" 2847
"../../../Engine/Shaders/Private/PathTracing/Material/PathTracingCloth.ush" 2848
"../../../Engine/Shaders/Private/PathTracing/Material/PathTracingSubsurfaceProfile.ush" 2849
"../../../Engine/Shaders/Private/PathTracing/Material/PathTracingEye.ush" 2850
"../../../Engine/Shaders/Private/PathTracing/Material/PathTracingHair.ush" 2851
"../../../Engine/Shaders/Private/PathTracing/Material/PathTracingMedium.ush" 2852
"../../../Engine/Shaders/Private/PathTracing/Volume/PathTracingVolume.ush" 2853
"../../../Engine/Shaders/Private/PathTracing/Volume/PathTracingAtmosphere.ush" 2854
"../../../Engine/Shaders/Private/PathTracing/Volume/PathTracingClouds.ush" 2855
"../../../Engine/Shaders/Private/PathTracing/Volume/PathTracingFog.ush" 2856
"../../../Engine/Shaders/Private/PathTracing/Volume/PathTracingHeterogeneousVolumes.ush" 2857
"../../../Engine/Shaders/Private/HeterogeneousVolumes/HeterogeneousVolumesVoxelGridTraversal.ush" 2858
"../../../Engine/Shaders/Private/HeterogeneousVolumes/HeterogeneousVolumesVoxelGridUtils.ush" 2859
"../../../Engine/Shaders/Private/HeterogeneousVolumes/HeterogeneousVolumesFrustumVoxelGridUtils.ush" 2860
"../../../Engine/Shaders/Private/PathTracing/Volume/PathTracingVolumeSampling.ush" 2861
"../../../Engine/Shaders/Private/PathTracing/PathTracingBuildLightGrid.usf" 2862
"../../../Engine/Shaders/Private/PathTracing/PathTracingSkylightMISCompensation.usf" 2863
"../../../Engine/Shaders/Private/PathTracing/PathTracingSkylightPrepare.usf" 2864
"../../../Engine/Shaders/Private/OIT/OITSorting.usf" 2865
"../../../Engine/Shaders/Private/OITCombine.usf" 2866
"../../../Engine/Shaders/Private/OITCommon.ush" 2867
"../../../Engine/Shaders/Private/Nanite/Voxel/RasterizeBricks.usf" 2868
"../../../Engine/Shaders/Private/Nanite/Voxel/Brick.ush" 2869
"../../../Engine/Shaders/Private/Nanite/Voxel/Voxel.ush" 2870
"../../../Engine/Shaders/Private/Nanite/Voxel/ScatterBricks.usf" 2871
"../../../Engine/Shaders/Private/Nanite/Voxel/TileBricks.usf" 2872
"../../../Engine/Shaders/Private/Nanite/Voxel/AutoVoxel.usf" 2873
"../../../Engine/Shaders/Private/Nanite/NaniteDebugViews.usf" 2874
"../../../Engine/Shaders/Private/Nanite/NaniteEditorCommon.ush" 2875
"../../../Engine/Shaders/Private/BinarySearch.ush" 2876
"../../../Engine/Shaders/Private/Nanite/NaniteDepthDecode.usf" 2877
"../../../Engine/Shaders/Private/HTileEncoding.ush" 2878
"../../../Engine/Shaders/Private/Nanite/NaniteVisualize.usf" 2879
"../../../Engine/Shaders/Private/Nanite/NaniteStreamOut.usf" 2880
"../../../Engine/Shaders/Private/Nanite/NaniteHierarchyTraversal.ush" 2881
"../../../Engine/Shaders/Private/Skinning/TransformProviders.usf" 2882
"../../../Engine/Shaders/Private/Nanite/NaniteShadeBinning.usf" 2883
"../../../Engine/Shaders/Private/Nanite/NaniteShadeCommon.ush" 2884
"../../../Engine/Shaders/Private/Nanite/NaniteFastClear.usf" 2885
"../../../Engine/Shaders/Private/Nanite/NaniteExportGBuffer.usf" 2886
"../../../Engine/Shaders/Private/Nanite/NaniteClusterCulling.usf" 2887
"../../../Engine/Shaders/Private/Nanite/NanitePrintStats.usf" 2888
"../../../Engine/Shaders/Private/Nanite/NaniteRasterizer.usf" 2889
"../../../Engine/Shaders/Private/Nanite/NaniteRasterizationCommon.ush" 2890
"../../../Engine/Shaders/Private/Nanite/NaniteRasterizer.ush" 2891
"../../../Engine/Shaders/Private/Nanite/NaniteWritePixel.ush" 2892
"../../../Engine/Shaders/Private/Nanite/NaniteTessellation.ush" 2893
"../../../Engine/Shaders/Private/WorkDistribution.ush" 2894
"../../../Engine/Shaders/Private/Nanite/NaniteDice.ush" 2895
"../../../Engine/Shaders/Private/ShaderBundleWorkGraphCommon.ush" 2896
"../../../Engine/Shaders/Public/RootConstants.ush" 2897
"../../../Engine/Shaders/Public/Platform/D3D/D3DRootConstants.ush" 2898
"../../../Engine/Shaders/Private/Nanite/NaniteSplit.usf" 2899
"../../../Engine/Shaders/Private/Nanite/NaniteRasterBinning.usf" 2900
"../../../Engine/Shaders/Private/Nanite/NaniteInstanceCulling.usf" 2901
"../../../Engine/Shaders/Private/Nanite/NaniteImposter.ush" 2902
"../../../Engine/Shaders/Private/Nanite/NaniteInstanceHierarchyCulling.usf" 2903
"../../../Engine/Shaders/Private/Nanite/NanitePrimitiveFilter.usf" 2904
"../../../Engine/Shaders/Private/Nanite/NaniteRasterClear.usf" 2905
"../../../Engine/Shaders/Private/Nanite/NaniteDepthExport.usf" 2906
"../../../Engine/Shaders/Private/Nanite/NaniteEmitShadow.usf" 2907
"../../../Engine/Shaders/Private/MobileDeferredUtils.usf" 2908
"../../../Engine/Shaders/Private/MobileLocalLightsBuffer.usf" 2909
"../../../Engine/Shaders/Private/MobileFog.usf" 2910
"../../../Engine/Shaders/Private/DistortApplyScreenPS.usf" 2911
"../../../Engine/Shaders/Private/MobileDeferredShading.usf" 2912
"../../../Engine/Shaders/Private/MobileBasePassPixelShader.usf" 2913
"../../../Engine/Shaders/Private/MobileBasePassCommon.ush" 2914
"../../../Engine/Shaders/Private/BasePassCommon.ush" 2915
"../../../Engine/Shaders/Private/ShadingModelsMaterial.ush" 2916
"../../../Engine/Shaders/Private/ThinTranslucentCommon.ush" 2917
"../../../Engine/Shaders/Private/SingleLayerWaterShading.ush" 2918
"../../../Engine/Shaders/Private/DistortionCommon.ush" 2919
"../../../Engine/Shaders/Private/Substrate/SubstrateMobileForwardLighting.ush" 2920
"../../../Engine/Shaders/Private/MobileBasePassVertexShader.usf" 2921
"../../../Engine/Shaders/Private/MeshEdges.usf" 2922
"../../../Engine/Shaders/Private/MegaLights/MegaLightsVSMTracing.usf" 2923
"../../../Engine/Shaders/Private/MegaLights/MegaLights.ush" 2924
"../../../Engine/Shaders/Private/Lumen/LumenPosition.ush" 2925
"../../../Engine/Shaders/Private/MegaLights/MegaLightsRayTracing.ush" 2926
"../../../Engine/Shaders/Private/MegaLights/MegaLightsRayTracing.usf" 2927
"../../../Engine/Shaders/Private/DistanceField/GlobalDistanceFieldUtils.ush" 2928
"../../../Engine/Shaders/Private/Lumen/LumenScreenTracing.ush" 2929
"../../../Engine/Shaders/Private/MegaLights/MegaLightsVolumeRayTracing.usf" 2930
"../../../Engine/Shaders/Private/MegaLights/MegaLightsVolume.ush" 2931
"../../../Engine/Shaders/Private/MegaLights/MegaLightsVolumeHardwareRayTracing.usf" 2932
"../../../Engine/Shaders/Private/Lumen/LumenHardwareRayTracingCommon.ush" 2933
"../../../Engine/Shaders/Private/RayTracing/RayTracingReflectionEnvironment.ush" 2934
"../../../Engine/Shaders/Private/Lumen/LumenHardwareRayTracingPlatformCommon.ush" 2935
"../../../Engine/Shaders/Private/Lumen/LumenReflectionsCombine.ush" 2936
"../../../Engine/Shaders/Private/Lumen/LumenTracingCommon.ush" 2937
"../../../Engine/Shaders/Private/Lumen/SurfaceCache/LumenSurfaceCacheSampling.ush" 2938
"../../../Engine/Shaders/Private/Lumen/SurfaceCache/LumenSurfaceCache.ush" 2939
"../../../Engine/Shaders/Private/Lumen/LumenCardCommon.ush" 2940
"../../../Engine/Shaders/Private/Lumen/LumenCardTileShadowDownsampleFactor.ush" 2941
"../../../Engine/Shaders/Private/MegaLights/MegaLightsHardwareRayTracing.usf" 2942
"../../../Engine/Shaders/Private/MegaLights/MegaLightsFilterVisibleLightHash.usf" 2943
"../../../Engine/Shaders/Private/MegaLights/MegaLightsDenoiserSpatial.usf" 2944
"../../../Engine/Shaders/Private/MegaLights/MegaLightsShading.ush" 2945
"../../../Engine/Shaders/Private/Lumen/LumenReflectionDenoiserCommon.ush" 2946
"../../../Engine/Shaders/Private/MegaLights/MegaLightsDenoiserTemporal.usf" 2947
"../../../Engine/Shaders/Private/MegaLights/MegaLightsShading.usf" 2948
"../../../Engine/Shaders/Private/MegaLights/MegaLightsVolumeShading.usf" 2949
"../../../Engine/Shaders/Private/MegaLights/MegaLightsVisibleLightHash.usf" 2950
"../../../Engine/Shaders/Private/MegaLights/MegaLightsSampling.usf" 2951
"../../../Engine/Shaders/Private/MegaLights/MegaLightsVolumeSampling.usf" 2952
"../../../Engine/Shaders/Private/MegaLights/MegaLights.usf" 2953
"../../../Engine/Shaders/Private/Lumen/LumenVisualizeRadianceCache.usf" 2954
"../../../Engine/Shaders/Private/Lumen/LumenRadianceCacheCommon.ush" 2955
"../../../Engine/Shaders/Private/Lumen/LumenVisualizeHardwareRayTracing.usf" 2956
"../../../Engine/Shaders/Private/Lumen/LumenVisualize.ush" 2957
"../../../Engine/Shaders/Private/Lumen/LumenHairTracing.ush" 2958
"../../../Engine/Shaders/Private/Lumen/LumenVisualize.usf" 2959
"../../../Engine/Shaders/Private/Lumen/LumenSoftwareRayTracing.ush" 2960
"../../../Engine/Shaders/Private/DistanceField/GlobalDistanceFieldObjectGrid.ush" 2961
"../../../Engine/Shaders/Private/DistanceFieldLightingShared.ush" 2962
"../../../Engine/Shaders/Private/Lumen/LumenVisualizeTraces.ush" 2963
"../../../Engine/Shaders/Private/Lumen/LumenTranslucencyVolumeLighting.usf" 2964
"../../../Engine/Shaders/Private/Lumen/LumenRadianceCacheMarkCommon.ush" 2965
"../../../Engine/Shaders/Private/Lumen/LumenTranslucencyVolumeLightingShared.ush" 2966
"../../../Engine/Shaders/Private/Lumen/LumenScreenProbeCommon.ush" 2967
"../../../Engine/Shaders/Private/RayTracing/RayGenUtils.ush" 2968
"../../../Engine/Shaders/Private/Lumen/LumenRadianceCacheTracingCommon.ush" 2969
"../../../Engine/Shaders/Private/Lumen/LumenTranslucencyVolumeHardwareRayTracing.usf" 2970
"../../../Engine/Shaders/Private/Lumen/LumenTranslucencyRadianceCacheMarkShaders.usf" 2971
"../../../Engine/Shaders/Private/Lumen/SurfaceCache/LumenSurfaceCacheFeedback.usf" 2972
"../../../Engine/Shaders/Private/Lumen/SurfaceCache/LumenSurfaceCache.usf" 2973
"../../../Engine/Shaders/Private/Lumen/LumenShortRangeAOHardwareRayTracing.usf" 2974
"../../../Engine/Shaders/Private/Lumen/LumenScreenSpaceBentNormal.usf" 2975
"../../../Engine/Shaders/Private/Lumen/LumenScreenProbeTracing.usf" 2976
"../../../Engine/Shaders/Private/Lumen/LumenScreenProbeTracingCommon.ush" 2977
"../../../Engine/Shaders/Private/Lumen/LumenFloatQuantization.ush" 2978
"../../../Engine/Shaders/Private/Lumen/LumenScreenProbeImportanceSampling.usf" 2979
"../../../Engine/Shaders/Private/Lumen/LumenScreenProbeImportanceSamplingShared.ush" 2980
"../../../Engine/Shaders/Private/Lumen/LumenScreenProbeHardwareRayTracing.usf" 2981
"../../../Engine/Shaders/Private/Lumen/LumenScreenProbeGather.usf" 2982
"../../../Engine/Shaders/Private/Lumen/LumenScreenSpaceBentNormal.ush" 2983
"../../../Engine/Shaders/Private/Lumen/LumenScreenProbeLightSampling.usf" 2984
"../../../Engine/Shaders/Private/Lumen/LumenScreenProbeFiltering.usf" 2985
"../../../Engine/Shaders/Private/Lumen/LumenSceneLighting.usf" 2986
"../../../Engine/Shaders/Private/Lumen/LumenCardTile.ush" 2987
"../../../Engine/Shaders/Private/Lumen/LumenSceneLighting.ush" 2988
"../../../Engine/Shaders/Private/Lumen/Radiosity/LumenRadiosity.ush" 2989
"../../../Engine/Shaders/Private/Lumen/LumenSceneLightingDebug.usf" 2990
"../../../Engine/Shaders/Private/Lumen/LumenScene.usf" 2991
"../../../Engine/Shaders/Private/Lumen/LumenSceneDirectLightingHardwareRayTracing.usf" 2992
"../../../Engine/Shaders/Private/Lumen/LumenReflectionCommon.ush" 2993
"../../../Engine/Shaders/Private/Lumen/LumenSceneDirectLighting.ush" 2994
"../../../Engine/Shaders/Private/Lumen/LumenSceneDebugHardwareRayTracing.usf" 2995
"../../../Engine/Shaders/Private/Lumen/LumenSceneDirectLightingStochastic.usf" 2996
"../../../Engine/Shaders/Private/Lumen/LumenSceneDirectLightingSoftwareRayTracing.usf" 2997
"../../../Engine/Shaders/Private/DistanceFieldShadowingShared.ush" 2998
"../../../Engine/Shaders/Private/Lumen/LumenSceneDirectLightingPerLightShadowCommon.ush" 2999
"../../../Engine/Shaders/Private/Lumen/LumenSceneDirectLightingShadowMask.usf" 3000
"../../../Engine/Shaders/Private/Lumen/LumenSceneDirectLighting.usf" 3001
"../../../Engine/Shaders/Private/Lumen/LumenSceneDirectLightingCulling.usf" 3002
"../../../Engine/Shaders/Private/Lumen/LumenCardComputeShader.usf" 3003
"../../../Engine/Shaders/Private/Lumen/LumenCardPixelShader.usf" 3004
"../../../Engine/Shaders/Private/Lumen/LumenCardVertexShader.usf" 3005
"../../../Engine/Shaders/Private/Lumen/LumenReSTIRGather.usf" 3006
"../../../Engine/Shaders/Private/Lumen/LumenReflectionTracing.usf" 3007
"../../../Engine/Shaders/Private/Lumen/LumenReflectionDenoiserSpatial.usf" 3008
"../../../Engine/Shaders/Private/Lumen/LumenReflectionDenoiserClear.usf" 3009
"../../../Engine/Shaders/Private/Lumen/LumenReflectionDenoiserTemporal.usf" 3010
"../../../Engine/Shaders/Private/Lumen/LumenReflectionResolve.usf" 3011
"../../../Engine/Shaders/Private/Lumen/LumenReflections.usf" 3012
"../../../Engine/Shaders/Private/Lumen/LumenReflectionHardwareRayTracing.usf" 3013
"../../../Engine/Shaders/Private/Lumen/Radiosity/LumenVisualizeRadiosityProbes.usf" 3014
"../../../Engine/Shaders/Private/Lumen/Radiosity/LumenRadiosity.usf" 3015
"../../../Engine/Shaders/Private/Lumen/Radiosity/LumenRadiosityHardwareRayTracing.usf" 3016
"../../../Engine/Shaders/Private/Lumen/Radiosity/LumenRadiosityCulling.usf" 3017
"../../../Engine/Shaders/Private/Lumen/LumenRadianceCacheHardwareRayTracing.usf" 3018
"../../../Engine/Shaders/Private/Lumen/LumenRadianceCache.usf" 3019
"../../../Engine/Shaders/Private/Lumen/LumenRadianceCacheUpdate.ush" 3020
"../../../Engine/Shaders/Private/Lumen/LumenRadianceCacheDebug.usf" 3021
"../../../Engine/Shaders/Private/Lumen/LumenRadianceCacheUpdate.usf" 3022
"../../../Engine/Shaders/Private/Lumen/LumenMeshSDFCulling.usf" 3023
"../../../Engine/Shaders/Private/HybridIndirectLighting.ush" 3024
"../../../Engine/Shaders/Private/MeshDistanceFieldCommon.ush" 3025
"../../../Engine/Shaders/Private/Lumen/LumenIrradianceFieldGather.usf" 3026
"../../../Engine/Shaders/Private/Lumen/LumenHardwareRayTracingMaterials.usf" 3027
"../../../Engine/Shaders/Private/Lumen/LumenFrontLayerTranslucency.usf" 3028
"../../../Engine/Shaders/Private/LocalFogVolumes/LocalFogVolumeSplat.usf" 3029
"../../../Engine/Shaders/Private/LocalFogVolumes/LocalFogVolumeTiledCulling.usf" 3030
"../../../Engine/Shaders/Private/LightShaftShader.usf" 3031
"../../../Engine/Shaders/Private/StationaryLightOverlapShaders.usf" 3032
"../../../Engine/Shaders/Private/DeferredLightPixelShaders.usf" 3033
"../../../Engine/Shaders/Private/HairStrands/HairStrandsVisibilityUtils.ush" 3034
"../../../Engine/Shaders/Private/DeferredLightVertexShaders.usf" 3035
"../../../Engine/Shaders/Private/LightMapDensityShader.usf" 3036
"../../../Engine/Shaders/Private/LightGridInjection.usf" 3037
"../../../Engine/Shaders/Shared/LightGridDefinitions.h" 3038
"../../../Engine/Shaders/Private/LightFunctionPixelShader.usf" 3039
"../../../Engine/Shaders/Private/LightFunctionVertexShader.usf" 3040
"../../../Engine/Shaders/Private/LightFunctionAtlas/LightFunctionAtlasRender.usf" 3041
"../../../Engine/Shaders/Private/InstanceCulling/InstanceCullingOcclusionQuery.usf" 3042
"../../../Engine/Shaders/Private/InstanceCulling/InstanceCullingSetup.ush" 3043
"../../../Engine/Shaders/Private/InstanceCulling/BuildInstanceDrawCommands.usf" 3044
"../../../Engine/Shaders/Private/InstanceCulling/InstanceCompactionCommon.ush" 3045
"../../../Engine/Shaders/Private/SceneDataMobileWriter.ush" 3046
"../../../Engine/Shaders/Private/InstanceCulling/CompactVisibleInstances.usf" 3047
"../../../Engine/Shaders/Private/ReflectionEnvironmentPixelShader.usf" 3048
"../../../Engine/Shaders/Private/AmbientCubemapComposite.usf" 3049
"../../../Engine/Shaders/Private/DiffuseIndirectComposite.usf" 3050
"../../../Engine/Shaders/Private/IESAtlas.usf" 3051
"../../../Engine/Shaders/Private/HeterogeneousVolumes/HeterogeneousVolumesVoxelGridShadows.usf" 3052
"../../../Engine/Shaders/Private/HeterogeneousVolumes/HeterogeneousVolumesStochasticFiltering.ush" 3053
"../../../Engine/Shaders/Private/HeterogeneousVolumes/HeterogeneousVolumesVoxelGridRenderingUtils.ush" 3054
"../../../Engine/Shaders/Private/HeterogeneousVolumes/HeterogeneousVolumesLightingUtils.ush" 3055
"../../../Engine/Shaders/Private/HeterogeneousVolumes/HeterogeneousVolumesVoxelGridRendering.usf" 3056
"../../../Engine/Shaders/Private/HeterogeneousVolumes/HeterogeneousVolumesVoxelGridPipeline.usf" 3057
"../../../Engine/Shaders/Private/HeterogeneousVolumes/HeterogeneousVolumesMaterialBakingPipeline.usf" 3058
"../../../Engine/Shaders/Private/HeterogeneousVolumes/HeterogeneousVolumesLiveShadingUtils.ush" 3059
"../../../Engine/Shaders/Private/HeterogeneousVolumes/HeterogeneousVolumesFrustumVoxelGrid.usf" 3060
"../../../Engine/Shaders/Private/HeterogeneousVolumes/HeterogeneousVolumesSparseVoxelPipeline.usf" 3061
"../../../Engine/Shaders/Private/HeterogeneousVolumes/HeterogeneousVolumesSparseVoxelUtils.ush" 3062
"../../../Engine/Shaders/Private/HeterogeneousVolumes/HeterogeneousVolumesSparseVoxelUniformBufferUtils.ush" 3063
"../../../Engine/Shaders/Private/HeterogeneousVolumes/HeterogeneousVolumesPreshadingPipeline.usf" 3064
"../../../Engine/Shaders/Private/HeterogeneousVolumes/HeterogeneousVolumesLiveShadingShadows.usf" 3065
"../../../Engine/Shaders/Private/HeterogeneousVolumes/HeterogeneousVolumesLiveShadingGlobalPipeline.usf" 3066
"../../../Engine/Shaders/Private/HeterogeneousVolumes/HeterogeneousVolumesLiveShadingPipeline.usf" 3067
"../../../Engine/Shaders/Private/HeterogeneousVolumes/HeterogeneousVolumesHardwareRayTracing.usf" 3068
"../../../Engine/Shaders/Private/HeterogeneousVolumes/HeterogeneousVolumesAmbientOcclusionPipeline.usf" 3069
"../../../Engine/Shaders/Private/HeterogeneousVolumes/HeterogeneousVolumesComposite.usf" 3070
"../../../Engine/Shaders/Private/HdrCustomResolveShaders.usf" 3071
"../../../Engine/Shaders/Private/HairStrands/HairStrandsVoxelRasterCompute.usf" 3072
"../../../Engine/Shaders/Private/HairStrands/HairStrandsHitProxy.usf" 3073
"../../../Engine/Shaders/Private/HairStrands/HairStrandsVisibilityRasterComputeNaive.usf" 3074
"../../../Engine/Shaders/Private/HairStrands/HairStrandsVisibilityRasterHW.usf" 3075
"../../../Engine/Shaders/Private/HairStrands/HairStrandsVisibilityRasterCompute.usf" 3076
"../../../Engine/Shaders/Private/HairStrands/HairStrandsVisibilityRasterClassification.usf" 3077
"../../../Engine/Shaders/Private/HairStrands/HairStrandsCoverage.usf" 3078
"../../../Engine/Shaders/Private/HairStrands/HairStrandsVisibilityDepthPS.usf" 3079
"../../../Engine/Shaders/Private/HairStrands/HairStrandsVisibilityTransmittanceDepthPS.usf" 3080
"../../../Engine/Shaders/Private/HairStrands/HairStrandsVisibilityFillOpaqueDepthPS.usf" 3081
"../../../Engine/Shaders/Private/HairStrands/HairStrandsVisibilityCompactionComputeRaster.usf" 3082
"../../../Engine/Shaders/Private/HairStrands/HairStrandsVisibilityCompaction.usf" 3083
"../../../Engine/Shaders/Private/HairStrands/HairStrandsVisibilityCopyIndirectArg.usf" 3084
"../../../Engine/Shaders/Private/HairStrands/HairStrandsVisibilityClearPS.usf" 3085
"../../../Engine/Shaders/Private/HairStrands/HairStrandsVisibilityPS.usf" 3086
"../../../Engine/Shaders/Private/HairStrands/HairStrandsVisibilityVS.usf" 3087
"../../../Engine/Shaders/Private/HairStrands/HairStrandsVelocity.usf" 3088
"../../../Engine/Shaders/Private/HairStrands/HairStrandsVisibilityComputeSampleCoverage.usf" 3089
"../../../Engine/Shaders/Private/HairStrands/HairStrandsMaterialPS.usf" 3090
"../../../Engine/Shaders/Private/HairStrands/HairStrandsMaterialCommon.ush" 3091
"../../../Engine/Shaders/Private/HairStrands/HairStrandsMaterialVS.usf" 3092
"../../../Engine/Shaders/Private/HairStrands/HairStrandsLightSample.usf" 3093
"../../../Engine/Shaders/Private/HairStrands/HairStrandsDeepShadowMask.usf" 3094
"../../../Engine/Shaders/Private/HairStrands/HairStrandsDeepTransmittanceMask.usf" 3095
"../../../Engine/Shaders/Private/HairStrands/HairStrandsVisibilityTile.usf" 3096
"../../../Engine/Shaders/Private/HairStrands/HairStrandsDeepShadowPS.usf" 3097
"../../../Engine/Shaders/Private/HairStrands/HairStrandsDeepShadowVS.usf" 3098
"../../../Engine/Shaders/Private/HairStrands/HairStrandsAABB.usf" 3099
"../../../Engine/Shaders/Private/HairStrands/HairStrandsLUT.usf" 3100
"../../../Engine/Shaders/Private/HairStrands/HairStrandsForwardRaster.usf" 3101
"../../../Engine/Shaders/Private/HairStrands/HairStrandsForwardCulling.usf" 3102
"../../../Engine/Shaders/Private/HairStrands/HairStrandsEnvironmentLighting.usf" 3103
"../../../Engine/Shaders/Private/HairStrands/HairStrandsEnvironmentAO.usf" 3104
"../../../Engine/Shaders/Private/HairStrands/HairStrandsDeepShadowAllocation.usf" 3105
"../../../Engine/Shaders/Private/HairStrands/HairStrandsVoxelDebug.usf" 3106
"../../../Engine/Shaders/Private/HairStrands/HairStrandsComposition.usf" 3107
"../../../Engine/Shaders/Private/HairStrands/HairStrandsGBufferCommon.ush" 3108
"../../../Engine/Shaders/Private/GPUScene/GPUSceneDataManagement.usf" 3109
"../../../Engine/Shaders/Private/GPUSceneDebugRender.usf" 3110
"../../../Engine/Shaders/Private/GPUFastFourierTransform.usf" 3111
"../../../Engine/Shaders/Private/GPUFastFourierTransform2DCore.ush" 3112
"../../../Engine/Shaders/Private/GPUFastFourierTransformCore.ush" 3113
"../../../Engine/Shaders/Private/GPUBenchmark.usf" 3114
"../../../Engine/Shaders/Private/DistanceField/GlobalDistanceFieldDebug.usf" 3115
"../../../Engine/Shaders/Private/DistanceField/GlobalDistanceFieldUpdate.ush" 3116
"../../../Engine/Shaders/Private/DistanceField/GlobalDistanceFieldMip.usf" 3117
"../../../Engine/Shaders/Private/DistanceField/GlobalDistanceField.usf" 3118
"../../../Engine/Shaders/Private/DistanceField/GlobalDistanceFieldCompositeObjects.usf" 3119
"../../../Engine/Shaders/Private/DistanceField/GlobalDistanceFieldHeightfields.usf" 3120
"../../../Engine/Shaders/Private/HeightfieldLightingShared.ush" 3121
"../../../Engine/Shaders/Private/GenerateConservativeDepth.usf" 3122
"../../../Engine/Shaders/Private/HeightFogPixelShader.usf" 3123
"../../../Engine/Shaders/Private/HeightFogVertexShader.usf" 3124
"../../../Engine/Shaders/Private/DistortFiltering.usf" 3125
"../../../Engine/Shaders/Private/DistortAccumulatePS.usf" 3126
"../../../Engine/Shaders/Private/DistortAccumulateVS.usf" 3127
"../../../Engine/Shaders/Private/DistanceFieldVisualization.usf" 3128
"../../../Engine/Shaders/Private/DistanceFieldStreaming.usf" 3129
"../../../Engine/Shaders/Private/DistanceFieldShadowing.usf" 3130
"../../../Engine/Shaders/Private/DistanceFieldScreenGridLighting.usf" 3131
"../../../Engine/Shaders/Private/DistanceFieldObjectCulling.usf" 3132
"../../../Engine/Shaders/Private/DistanceFieldLightingPost.usf" 3133
"../../../Engine/Shaders/Private/DitheredTransitionStencil.usf" 3134
"../../../Engine/Shaders/Private/CopyDepthTextureCS.usf" 3135
"../../../Engine/Shaders/Private/DeferredDecal.usf" 3136
"../../../Engine/Shaders/Private/DecalCommon.ush" 3137
"../../../Engine/Shaders/Private/DebugViewModeVertexShader.usf" 3138
"../../../Engine/Shaders/Private/DebugViewModeCommon.ush" 3139
"../../../Engine/Shaders/Private/DebugViewModePixelShader.usf" 3140
"../../../Engine/Shaders/Private/DebugProbes.usf" 3141
"../../../Engine/Shaders/Private/MeshDecals.usf" 3142
"../../../Engine/Shaders/Private/PostProcessAmbientOcclusion.usf" 3143
"../../../Engine/Shaders/Private/ClusteredDeferredShadingPixelShader.usf" 3144
"../../../Engine/Shaders/Private/ClusteredDeferredShadingVertexShader.usf" 3145
"../../../Engine/Shaders/Private/CapsuleShadowShaders.usf" 3146
"../../../Engine/Shaders/Private/BasePassPixelShader.usf" 3147
"../../../Engine/Shaders/Private/ForwardLightingCommon.ush" 3148
"../../../Engine/Shaders/Private/Substrate/SubstrateForwardLighting.ush" 3149
"../../../Engine/Shaders/Private/ComputeShaderOutputCommon.ush" 3150
"../../../Engine/Shaders/Private/BasePassVertexShader.usf" 3151
"../../../Engine/Shaders/Private/BasePassVertexCommon.ush" 3152
"../../../Engine/Shaders/Private/SimpleElementVolumeTexturePreviewPixelShader.usf" 3153
"../../../Engine/Shaders/Private/SimpleElementTexture2DPreviewPixelShader.usf" 3154
"../../../Engine/Shaders/Private/meshpaintdilatepixelshader.usf" 3155
"../../../Engine/Shaders/Private/meshpaintdilatevertexshader.usf" 3156
"../../../Engine/Shaders/Private/MeshPaintPixelShader.usf" 3157
"../../../Engine/Shaders/Private/MeshPaintVertexShader.usf" 3158
"../../../Engine/Shaders/Private/SlateElementPixelShader.usf" 3159
"../../../Engine/Shaders/Private/SlateShaderCommon.ush" 3160
"../../../Engine/Shaders/Private/SlateMaskingShader.usf" 3161
"../../../Engine/Shaders/Private/SlateVertexShader.usf" 3162
"../../../Engine/Shaders/Private/CompositeUIPixelShader.usf" 3163
"../../../Engine/Shaders/Private/ColorDeficiency.ush" 3164
"../../../Engine/Shaders/Private/SlatePostProcessColorDeficiencyPixelShader.usf" 3165
"../../../Engine/Shaders/Private/SlatePostProcessPixelShader.usf" 3166
"../../../Engine/Shaders/Private/Tools/VisualizeTexture.usf" 3167
"../../../Engine/Shaders/Private/UpdateDescriptorHandle.usf" 3168
"../../../Engine/Shaders/Private/ByteBuffer.usf" 3169
"../../../Engine/Shaders/Private/ShaderBundleWorkGraphDispatch.usf" 3170
"../../../Engine/Shaders/Private/ShaderBundleDispatch.usf" 3171
"../../../Engine/Shaders/Private/ResolveVertexShader.usf" 3172
"../../../Engine/Shaders/Private/ResolvePixelShader.usf" 3173
"../../../Engine/Shaders/Private/Tools/SetupIndirectArgs.usf" 3174
"../../../Engine/Shaders/Private/ClearReplacementShaders.usf" 3175
"../../../Engine/Shaders/Private/Tools/DrawTexture.usf" 3176
"../../../Engine/Shaders/Private/RayTracing/RayTracingValidation.usf" 3177
"../../../Engine/Shaders/Private/RenderGraphUtilities.usf" 3178
"../../../Engine/Shaders/Private/OneColorShader.usf" 3179
"../../../Engine/Shaders/Private/OculusShaders.usf" 3180
"../../../Engine/Shaders/Private/MediaShaders.usf" 3181
"../../../Engine/Shaders/Private/GPUMessaging.usf" 3182
"../../../Engine/Shaders/Private/Tools/GPUDebugCrashUtils.usf" 3183
"../../../Engine/Shaders/Private/NullPixelShader.usf" 3184
"../../../Engine/Shaders/Private/ComputeGenerateMips.usf" 3185
"../../../Engine/Shaders/Private/Tools/DumpTexture.usf" 3186
"../../../Engine/Shaders/Private/CopyTextureShaders.usf" 3187
"../../../Engine/Shaders/Private/Tools/FullscreenVertexShader.usf" 3188
"../../../Engine/Shaders/Private/RayTracing/RayTracingDispatchDesc.usf" 3189
"../../../Engine/Shaders/Private/Bink.usf" 3190
"../../../Engine/Shaders/Private/VelocityShader.usf" 3191
"../../../Engine/Shaders/Private/DepthOnlyPixelShader.usf" 3192
"../../../Engine/Shaders/Private/PositionOnlyDepthVertexShader.usf" 3193
"../../../Engine/Shaders/Private/DepthOnlyVertexShader.usf" 3194
"../../../Engine/Shaders/Private/AnisotropyPassShader.usf" 3195
"I:/FINAL/Content/Maps/L_06_Main_Hall.umap" 3196
"I:/FINAL/Content/MetaHumans/Skye/BP_Skye.uasset" 3197
"I:/FINAL/Content/MetaHumans/Man2/BP_Man4.uasset" 3198
"I:/FINAL/Content/MetaHumans/Kendra/BP_Kendra.uasset" 3199
"I:/FINAL/Content/MetaHumans/orangenew/BP_orangenew.uasset" 3200
"I:/FINAL/Content/MetaHumans/Kassi/BP_Kassi1.uasset" 3201
"I:/FINAL/Content/MetaHumans/hui/BP_hui.uasset" 3202
"I:/FINAL/Content/MetaHumans/Common/BP_BaseMeta.uasset" 3203
"I:/FINAL/Content/MetaHumans/Danielle/BP_Danielle.uasset" 3204
"I:/FINAL/Content/MetaHumans/brunettenew/BP_brunettenew.uasset" 3205
"I:/FINAL/Content/MetaHumans/blondienew/BP_blondienew.uasset" 3206
"I:/FINAL/Content/MiamiClub/Levels/NewLevel/IndoorsLevel.umap" 3207
"I:/FINAL/Content/MiamiClub/Levels/NewLevel/Externallocation_Rain.umap" 3208
"I:/FINAL/Content/MiamiClub/Levels/NewLevel/Externallocation_Night.umap" 3209
"I:/FINAL/Content/MiamiClub/Levels/NewLevel/Externallocation_Day.umap" 3210
"I:/FINAL/Content/MetaHumans/Animations/Retarget/Anim/Dialogue_mocap/RM_Dialogue_moving_furious.uasset" 3211
"I:/FINAL/Content/MetaHumans/Animations/Retarget/Anim/Dialogue_mocap/RM_Dialogue_furious_talk_up.uasset" 3212
"I:/FINAL/Content/MetaHumans/Animations/Retarget/Anim/Dialogue_mocap/RM_Dialogue_moving_serious.uasset" 3213
"I:/FINAL/Content/MetaHumans/Animations/Retarget/Anim/Dialogue_mocap/IP_Dialogue_Sad_talk_01.uasset" 3214
"I:/FINAL/Content/MetaHumans/Animations/Retarget/Anim/Dialogue_mocap/IP_Dialogue_Sad_talk_02.uasset" 3215
"I:/FINAL/Content/MetaHumans/Animations/Retarget/Anim/Dialogue_mocap/IP_Dialogue_Sad_idle_02.uasset" 3216
"I:/FINAL/Content/MetaHumans/Animations/Retarget/Anim/Dialogue_mocap/IP_Dialogue_Sad_idle_01.uasset" 3217
"I:/FINAL/Content/MetaHumans/Animations/Retarget/Anim/Dialogue_mocap/IP_Dialogue_listening_idle_03.uasset" 3218
"I:/FINAL/Content/MetaHumans/Animations/Retarget/Anim/Dialogue_mocap/IP_Dialogue_listening_idle_02.uasset" 3219
"I:/FINAL/Content/MetaHumans/Animations/Retarget/Anim/Dialogue_mocap/IP_Dialogue_listening_idle_01.uasset" 3220
"I:/FINAL/Content/MetaHumans/Animations/Retarget/Anim/Dialogue_mocap/IP_Dialogue_furious_talk_low.uasset" 3221
"I:/FINAL/Content/MetaHumans/Animations/Retarget/Anim/Dialogue_mocap/IP_Dialogue_furious_idle_02.uasset" 3222
"I:/FINAL/Content/MetaHumans/Animations/Retarget/Anim/Dialogue_mocap/IP_Dialogue_furious_idle_01.uasset" 3223
"/Engine/EditorResources/S_Actor" 3224
"../../../Engine/Content/EditorResources/S_Actor.uasset" 3225
"/Engine/EditorResources/S_BoxReflectionCapture" 3226
"../../../Engine/Content/EditorResources/S_BoxReflectionCapture.uasset" 3227
"/Engine/EngineResources/DefaultTexture" 3228
"../../../Engine/Content/EngineResources/DefaultTexture.uasset" 3229
"/Engine/EngineResources/DefaultTextureCube" 3230
"../../../Engine/Content/EngineResources/DefaultTextureCube.uasset" 3231
"/Engine/EngineResources/DefaultVolumeTexture" 3232
"../../../Engine/Content/EngineResources/DefaultVolumeTexture.uasset" 3233
"../../../Engine/Content/EngineResources/DefaultVolumeTexture2D.uasset" 3234
"/Engine/EngineFonts/RobotoDistanceField" 3235
"../../../Engine/Content/EngineFonts/RobotoDistanceField.uasset" 3236
"/Engine/EngineMaterials/DefaultTextMaterialOpaque" 3237
"../../../Engine/Content/EngineMaterials/DefaultTextMaterialOpaque.uasset" 3238
"/Engine/Functions/Engine_MaterialFunctions01/Shading/PowerToRoughness" 3239
"../../../Engine/Content/Functions/Engine_MaterialFunctions01/Shading/PowerToRoughness.uasset" 3240
"/Engine/Functions/Engine_MaterialFunctions01/Shading/ConvertFromDiffSpec" 3241
"../../../Engine/Content/Functions/Engine_MaterialFunctions01/Shading/ConvertFromDiffSpec.uasset" 3242
"/Engine/EngineMaterials/WorldGridMaterial" 3243
"../../../Engine/Content/EngineMaterials/WorldGridMaterial.uasset" 3244
"../../../Engine/Content/Functions/Engine_MaterialFunctions01/Opacity/CameraDepthFade.uasset" 3245
"../../../Engine/Content/EngineMaterials/T_Default_Material_Grid_M.uasset" 3246
"../../../Engine/Content/EngineMaterials/T_Default_Material_Grid_N.uasset" 3247
"/Engine/EngineMaterials/DefaultDeferredDecalMaterial" 3248
"../../../Engine/Content/EngineMaterials/DefaultDeferredDecalMaterial.uasset" 3249
"../../../Engine/Content/EngineMaterials/DefaultDiffuse.uasset" 3250
"/Engine/EngineMaterials/DefaultLightFunctionMaterial" 3251
"../../../Engine/Content/EngineMaterials/DefaultLightFunctionMaterial.uasset" 3252
"/Engine/EngineMaterials/DefaultPostProcessMaterial" 3253
"../../../Engine/Content/EngineMaterials/DefaultPostProcessMaterial.uasset" 3254
"../../../Engine/Content/Functions/Engine_MaterialFunctions02/Utility/BreakOutFloat2Components.uasset" 3255
"/Engine/EditorResources/S_Trigger" 3256
"../../../Engine/Content/EditorResources/S_Trigger.uasset" 3257
"/Engine/EditorResources/S_TriggerBox" 3258
"../../../Engine/Content/EditorResources/S_TriggerBox.uasset" 3259
"/Engine/EditorResources/S_TriggerCapsule" 3260
"../../../Engine/Content/EditorResources/S_TriggerCapsule.uasset" 3261
"/Engine/EditorResources/S_TriggerSphere" 3262
"../../../Engine/Content/EditorResources/S_TriggerSphere.uasset" 3263
"/Engine/EngineDamageTypes/DmgTypeBP_Environmental" 3264
"../../../Engine/Content/EngineDamageTypes/DmgTypeBP_Environmental.uasset" 3265
"/Engine/EngineSky/VolumetricClouds/m_SimpleVolumetricCloud_Inst" 3266
"../../../Engine/Content/EngineSky/VolumetricClouds/m_SimpleVolumetricCloud_Inst.uasset" 3267
"../../../Engine/Content/EngineSky/VolumetricClouds/m_SimpleVolumetricCloud.uasset" 3268
"../../../Engine/Content/Functions/Engine_MaterialFunctions01/Units/Km-to-Cm.uasset" 3269
"../../../Engine/Content/Functions/Engine_MaterialFunctions02/Utility/BreakOutFloat3Components.uasset" 3270
"../../../Engine/Content/Functions/Engine_MaterialFunctions02/Utility/BreakOutFloat4Components.uasset" 3271
"../../../Engine/Content/Functions/Engine_MaterialFunctions02/Utility/MakeFloat3.uasset" 3272
"../../../Engine/Content/Functions/Engine_MaterialFunctions02/Utility/MakeFloat4.uasset" 3273
"../../../Engine/Content/EngineSky/VolumetricClouds/T_CloudMask.uasset" 3274
"../../../Engine/Content/EngineSky/VolumetricClouds/T_CloudPattern.uasset" 3275
"../../../Engine/Content/EngineSky/VolumetricClouds/T_Profile_08.uasset" 3276
"../../../Engine/Content/EngineSky/VolumetricClouds/VT_Lightning.uasset" 3277
"../../../Engine/Content/EngineSky/VolumetricClouds/VT_PerlinWorley_Balanced.uasset" 3278
"/Engine/EngineMeshes/Sphere" 3279
"../../../Engine/Content/EngineMeshes/Sphere.uasset" 3280
"/Engine/EngineResources/WhiteSquareTexture" 3281
"../../../Engine/Content/EngineResources/WhiteSquareTexture.uasset" 3282
"/Engine/EngineResources/GradientTexture0" 3283
"../../../Engine/Content/EngineResources/GradientTexture0.uasset" 3284
"/Engine/EngineResources/Black" 3285
"../../../Engine/Content/EngineResources/Black.uasset" 3286
"/Engine/EngineMaterials/Widget3DPassThrough_Translucent" 3287
"../../../Engine/Content/EngineMaterials/Widget3DPassThrough_Translucent.uasset" 3288
"../../../Engine/Content/EngineMaterials/Widget3DPassThrough.uasset" 3289
"/Engine/EngineMaterials/Widget3DPassThrough_Translucent_OneSided" 3290
"../../../Engine/Content/EngineMaterials/Widget3DPassThrough_Translucent_OneSided.uasset" 3291
"/Engine/EngineMaterials/Widget3DPassThrough_Opaque" 3292
"../../../Engine/Content/EngineMaterials/Widget3DPassThrough_Opaque.uasset" 3293
"/Engine/EngineMaterials/Widget3DPassThrough_Opaque_OneSided" 3294
"../../../Engine/Content/EngineMaterials/Widget3DPassThrough_Opaque_OneSided.uasset" 3295
"/Engine/EngineMaterials/Widget3DPassThrough_Masked" 3296
"../../../Engine/Content/EngineMaterials/Widget3DPassThrough_Masked.uasset" 3297
"/Engine/EngineMaterials/Widget3DPassThrough_Masked_OneSided" 3298
"../../../Engine/Content/EngineMaterials/Widget3DPassThrough_Masked_OneSided.uasset" 3299
"/Engine/VREditor/TransformGizmo/SM_Sequencer_Node" 3300
"../../../Engine/Content/VREditor/TransformGizmo/SM_Sequencer_Node.uasset" 3301
"../../../Engine/Content/VREditor/TransformGizmo/Main.uasset" 3302
"../../../Engine/Content/VREditor/TransformGizmo/Xray.uasset" 3303
"/Engine/EditorResources/S_Solver" 3304
"../../../Engine/Content/EditorResources/S_Solver.uasset" 3305
"/Engine/EngineDebugMaterials/VolumeToRender" 3306
"../../../Engine/Content/EngineDebugMaterials/VolumeToRender.uasset" 3307
"/Engine/EngineDebugMaterials/M_VolumeRenderSphereTracePP" 3308
"../../../Engine/Content/EngineDebugMaterials/M_VolumeRenderSphereTracePP.uasset" 3309
"../../../Engine/Content/Functions/Engine_MaterialFunctions02/Utility/CameraDirectionVector.uasset" 3310
"/Engine/VREditor/ViewportInteractionAssetContainerData" 3311
"../../../Engine/Content/VREditor/ViewportInteractionAssetContainerData.uasset" 3312
"../../../Engine/Content/VREditor/SnapGrid/SnapGridMaterial.uasset" 3313
"../../../Engine/Content/VREditor/TransformGizmo/TransformGizmoMaterial_Inst.uasset" 3314
"../../../Engine/Content/VREditor/TransformGizmo/TranslucentTransformGizmoMaterial_Inst.uasset" 3315
"../../../Engine/Content/VREditor/SnapGrid/SnapGridPlaneMesh.uasset" 3316
"../../../Engine/Content/VREditor/Sounds/UI/Drop_Item_From_ContentBrowser.uasset" 3317
"../../../Engine/Content/VREditor/Sounds/UI/Gizmo_Handle_Clicked.uasset" 3318
"../../../Engine/Content/VREditor/Sounds/UI/Object_PickUp.uasset" 3319
"../../../Engine/Content/VREditor/Sounds/UI/Object_Snaps_To_Another_Actor.uasset" 3320
"../../../Engine/Content/VREditor/Sounds/UI/Object_Snaps_To_Grid.uasset" 3321
"../../../Engine/Content/VREditor/Sounds/UI/Scaling_Down.uasset" 3322
"../../../Engine/Content/VREditor/Sounds/UI/Scaling_Up.uasset" 3323
"../../../Engine/Content/VREditor/Sounds/UI/Selection_Changes.uasset" 3324
"../../../Engine/Content/VREditor/TransformGizmo/PlaneTranslationHandle.uasset" 3325
"../../../Engine/Content/VREditor/TransformGizmo/RotationHandleFull.uasset" 3326
"../../../Engine/Content/VREditor/TransformGizmo/RotationHandleIndicator.uasset" 3327
"../../../Engine/Content/VREditor/TransformGizmo/RotationHandleQuarter.uasset" 3328
"../../../Engine/Content/VREditor/TransformGizmo/StartRotationHandleIndicator.uasset" 3329
"../../../Engine/Content/VREditor/TransformGizmo/TransformGizmoFreeRotation.uasset" 3330
"../../../Engine/Content/VREditor/TransformGizmo/TranslateArrowHandle.uasset" 3331
"../../../Engine/Content/VREditor/TransformGizmo/UniformScaleHandle.uasset" 3332
"../../../Engine/Content/Functions/Engine_MaterialFunctions02/Math/Transform3x3Matrix.uasset" 3333
"../../../Engine/Content/Functions/Engine_MaterialFunctions02/SplitComponents.uasset" 3334
"../../../Engine/Content/VREditor/TransformGizmo/TransformGizmoMaterial.uasset" 3335
"../../../Engine/Content/VREditor/TransformGizmo/TranslucentTransformGizmoMaterial.uasset" 3336
"../../../Engine/Content/VREditor/LaserPointer/VR_LaserPower_01.uasset" 3337
"/Engine/VREditor/TransformGizmo/BoundingBoxCorner" 3338
"../../../Engine/Content/VREditor/TransformGizmo/BoundingBoxCorner.uasset" 3339
"/Engine/VREditor/TransformGizmo/BoundingBoxEdge" 3340
"../../../Engine/Content/VREditor/TransformGizmo/BoundingBoxEdge.uasset" 3341
"/Engine/EditorMeshes/Camera/SM_CraneRig_Base" 3342
"../../../Engine/Content/EditorMeshes/Camera/SM_CraneRig_Base.uasset" 3343
"../../../Engine/Content/EditorMaterials/Camera/MI_CineMat_Rig.uasset" 3344
"../../../Engine/Content/EditorMaterials/Camera/CineMat.uasset" 3345
"/Engine/EditorMeshes/Camera/SM_CraneRig_Arm" 3346
"../../../Engine/Content/EditorMeshes/Camera/SM_CraneRig_Arm.uasset" 3347
"/Engine/EditorMeshes/Camera/SM_CraneRig_Mount" 3348
"../../../Engine/Content/EditorMeshes/Camera/SM_CraneRig_Mount.uasset" 3349
"/Engine/EditorMeshes/Camera/SM_CraneRig_Body" 3350
"../../../Engine/Content/EditorMeshes/Camera/SM_CraneRig_Body.uasset" 3351
"/Engine/EditorMeshes/Camera/SM_RailRig_Track" 3352
"../../../Engine/Content/EditorMeshes/Camera/SM_RailRig_Track.uasset" 3353
"/Engine/EditorMeshes/Camera/SM_RailRig_Mount" 3354
"../../../Engine/Content/EditorMeshes/Camera/SM_RailRig_Mount.uasset" 3355
"/Engine/ArtTools/RenderToTexture/Meshes/S_1_Unit_Plane" 3356
"../../../Engine/Content/ArtTools/RenderToTexture/Meshes/S_1_Unit_Plane.uasset" 3357
"/Engine/EngineDebugMaterials/M_SimpleUnlitTranslucent" 3358
"../../../Engine/Content/EngineDebugMaterials/M_SimpleUnlitTranslucent.uasset" 3359
"/Engine/EngineFonts/Roboto" 3360
"../../../Engine/Content/EngineFonts/Roboto.uasset" 3361
"../../../Engine/Content/EngineFonts/Faces/DroidSansFallback.uasset" 3362
"../../../Engine/Content/EngineFonts/Faces/RobotoBold.uasset" 3363
"../../../Engine/Content/EngineFonts/Faces/RobotoBoldItalic.uasset" 3364
"../../../Engine/Content/EngineFonts/Faces/RobotoItalic.uasset" 3365
"../../../Engine/Content/EngineFonts/Faces/RobotoLight.uasset" 3366
"../../../Engine/Content/EngineFonts/Faces/RobotoRegular.uasset" 3367
"/Engine/EditorMaterials/ParticleSystems/PSysThumbnail_NoImage" 3368
"../../../Engine/Content/EditorMaterials/ParticleSystems/PSysThumbnail_NoImage.uasset" 3369
"/Engine/EditorMaterials/ParticleSystems/PSysThumbnail_OOD" 3370
"../../../Engine/Content/EditorMaterials/ParticleSystems/PSysThumbnail_OOD.uasset" 3371
"/Engine/EditorLandscapeResources/SplineEditorMesh" 3372
"../../../Engine/Content/EditorLandscapeResources/SplineEditorMesh.uasset" 3373
"../../../Engine/Content/EditorLandscapeResources/SplineEditorMeshMat.uasset" 3374
"/Engine/EngineResources/LandscapeVisibilityLayerInfo" 3375
"../../../Engine/Content/EngineResources/LandscapeVisibilityLayerInfo.uasset" 3376
"/Water/Materials/WaterInfo/DrawWaterInfo" 3377
"../../Plugins/Experimental/Water/Content/Materials/WaterInfo/DrawWaterInfo.uasset" 3378
"/Water/Icons/WaterBodyExclusionVolumeSprite" 3379
"../../Plugins/Experimental/Water/Content/Icons/WaterBodyExclusionVolumeSprite.uasset" 3380
"/Water/Icons/WaterBodyIslandSprite" 3381
"../../Plugins/Experimental/Water/Content/Icons/WaterBodyIslandSprite.uasset" 3382
"/Water/Meshes/LakeMesh" 3383
"../../Plugins/Experimental/Water/Content/Meshes/LakeMesh.uasset" 3384
"/Water/Meshes/RiverMesh" 3385
"../../Plugins/Experimental/Water/Content/Meshes/RiverMesh.uasset" 3386
"/Water/Icons/WaterZoneActorSprite" 3387
"../../Plugins/Experimental/Water/Content/Icons/WaterZoneActorSprite.uasset" 3388
"/HairStrands/Materials/HairDebugMaterial" 3389
"../../Plugins/Runtime/HairStrands/Content/Materials/HairDebugMaterial.uasset" 3390
"../../../Engine/Content/Functions/Engine_MaterialFunctions02/Utility/MakeFloat2.uasset" 3391
"../../../Engine/Content/EngineMaterials/HairColorMap.uasset" 3392
"../../../Engine/Content/EngineMaterials/HairDebugColor.uasset" 3393
"../../Plugins/Runtime/HairStrands/Content/Materials/HairGroupColors.uasset" 3394
"/HairStrands/Materials/HairDefaultMaterial" 3395
"../../Plugins/Runtime/HairStrands/Content/Materials/HairDefaultMaterial.uasset" 3396
"/HairStrands/Materials/HairCardsDefaultMaterial" 3397
"../../Plugins/Runtime/HairStrands/Content/Materials/HairCardsDefaultMaterial.uasset" 3398
"/HairStrands/Materials/HairMeshesDefaultMaterial" 3399
"../../Plugins/Runtime/HairStrands/Content/Materials/HairMeshesDefaultMaterial.uasset" 3400
"/Engine/BasicShapes/Cube" 3401
"../../../Engine/Content/BasicShapes/Cube.uasset" 3402
"/CameraCalibrationCore/Materials/M_DefaultOddSquare" 3403
"../../Plugins/VirtualProduction/CameraCalibrationCore/Content/Materials/M_DefaultOddSquare.uasset" 3404
"/CameraCalibrationCore/Materials/M_DefaultEvenSquare" 3405
"../../Plugins/VirtualProduction/CameraCalibrationCore/Content/Materials/M_DefaultEvenSquare.uasset" 3406
"/ARUtilities/Materials/M_ScreenSpacePassthroughCamera" 3407
"../../Plugins/Runtime/AR/ARUtilities/Content/Materials/M_ScreenSpacePassthroughCamera.uasset" 3408
"../../Plugins/Runtime/AR/ARUtilities/Content/Materials/DummyExternalTexture.uasset" 3409
"/ARUtilities/Materials/MI_ScreenSpacePassthroughCameraExternalTexture" 3410
"../../Plugins/Runtime/AR/ARUtilities/Content/Materials/MI_ScreenSpacePassthroughCameraExternalTexture.uasset" 3411
"/ARUtilities/Materials/M_PassthroughCamera" 3412
"../../Plugins/Runtime/AR/ARUtilities/Content/Materials/M_PassthroughCamera.uasset" 3413
"/AppleARKit/MI_DepthOcclusionOverlay" 3414
"../../Plugins/Runtime/AR/AppleAR/AppleARKit/Content/MI_DepthOcclusionOverlay.uasset" 3415
"../../Plugins/Runtime/AR/AppleAR/AppleARKit/Content/M_OcclusionOverlay.uasset" 3416
"/AppleARKit/MI_MatteOcclusionOverlay" 3417
"../../Plugins/Runtime/AR/AppleAR/AppleARKit/Content/MI_MatteOcclusionOverlay.uasset" 3418
"/AppleARKit/M_SceneDepthOcclusion" 3419
"../../Plugins/Runtime/AR/AppleAR/AppleARKit/Content/M_SceneDepthOcclusion.uasset" 3420
"/ARUtilities/Materials/M_DepthColoration" 3421
"../../Plugins/Runtime/AR/ARUtilities/Content/Materials/M_DepthColoration.uasset" 3422
"../../Plugins/Runtime/AR/ARUtilities/Content/Materials/MF_DistanceColorLerp.uasset" 3423
"../../../Engine/Content/Internationalization/icudt64l/coll/en.res" 3424
"/Game/UI/Fonts/Inter-VariableFont_opsz_wght_Font" 3425
"I:/FINAL/Content/UI/Fonts/Inter-VariableFont_opsz_wght_Font.uasset" 3426
"I:/FINAL/Content/UI/Fonts/Inter/Inter-Medium.uasset" 3427
"I:/FINAL/Content/UI/Fonts/Inter/Inter-Regular.uasset" 3428
"I:/FINAL/Content/UI/Fonts/Inter/Inter-SemiBold.uasset" 3429
"I:/FINAL/Content/UI/Fonts/Inter/Inter-VariableFont_opsz_wght.uasset" 3430
"/ACLPlugin/ACLAnimBoneCompressionSettings" 3431
"../../Plugins/Animation/ACLPlugin/Content/ACLAnimBoneCompressionSettings.uasset" 3432
"/Engine/Animation/DefaultRecorderBoneCompression" 3433
"../../../Engine/Content/Animation/DefaultRecorderBoneCompression.uasset" 3434
"/ACLPlugin/ACLAnimCurveCompressionSettings" 3435
"../../Plugins/Animation/ACLPlugin/Content/ACLAnimCurveCompressionSettings.uasset" 3436
"/Engine/Animation/DefaultVariableFrameStrippingSettings" 3437
"../../../Engine/Content/Animation/DefaultVariableFrameStrippingSettings.uasset" 3438
"/ControlRig/Controls/ControlRigXRayMaterial" 3439
"../../Plugins/Animation/ControlRig/Content/Controls/ControlRigXRayMaterial.uasset" 3440
"/ControlRig/Controls/DefaultGizmoLibraryNormalized" 3441
"../../Plugins/Animation/ControlRig/Content/Controls/DefaultGizmoLibraryNormalized.uasset" 3442
"/ControlRig/M_Manip" 3443
"../../Plugins/Animation/ControlRig/Content/M_Manip.uasset" 3444
"../../../Engine/Content/Functions/Engine_MaterialFunctions02/WorldPositionOffset/CameraOffset.uasset" 3445
"/Engine/EngineMeshes/Cylinder" 3446
"../../../Engine/Content/EngineMeshes/Cylinder.uasset" 3447
"../../../Engine/Content/EngineMaterials/DefaultMaterial.uasset" 3448
"/InterchangeAssets/gltf/MaterialBodies/MF_Default_Body" 3449
"../../Plugins/Interchange/Assets/Content/gltf/MaterialBodies/MF_Default_Body.uasset" 3450
"../../Plugins/Interchange/Assets/Content/gltf/MaterialFunctions/MF_BaseColor.uasset" 3451
"../../Plugins/Interchange/Assets/Content/gltf/MaterialFunctions/MF_Emissive.uasset" 3452
"../../Plugins/Interchange/Assets/Content/gltf/MaterialFunctions/MF_IOR.uasset" 3453
"../../Plugins/Interchange/Assets/Content/gltf/MaterialFunctions/MF_Iridescence.uasset" 3454
"../../Plugins/Interchange/Assets/Content/gltf/MaterialFunctions/MF_MetallicRoughness.uasset" 3455
"../../Plugins/Interchange/Assets/Content/gltf/MaterialFunctions/MF_Normals.uasset" 3456
"../../Plugins/Interchange/Assets/Content/gltf/MaterialFunctions/MF_Occlusion.uasset" 3457
"../../Plugins/Interchange/Assets/Content/gltf/MaterialFunctions/MF_ScaleNormal.uasset" 3458
"../../Plugins/Interchange/Assets/Content/gltf/MaterialFunctions/MF_Specular.uasset" 3459
"../../Plugins/Interchange/Assets/Content/gltf/MaterialFunctions/MF_SpecularAnisotropy.uasset" 3460
"../../Plugins/Interchange/Assets/Content/gltf/MaterialFunctions/MF_TransformUVs.uasset" 3461
"../../Plugins/Interchange/Assets/Content/gltf/Textures/T_Anisotropy_Direction_Linear.uasset" 3462
"../../Plugins/Interchange/Assets/Content/gltf/Textures/T_Generic_N.uasset" 3463
"../../Plugins/Interchange/Assets/Content/gltf/Textures/T_White_Linear.uasset" 3464
"../../Plugins/Interchange/Assets/Content/gltf/Textures/T_White_srgb.uasset" 3465
"../../Plugins/Interchange/Assets/Content/Functions/MF_Iridescence.uasset" 3466
"../../Plugins/Interchange/Assets/Content/gltf/MaterialFunctions/MF_RotateNormals_TS.uasset" 3467
"../../Plugins/Interchange/Assets/Content/gltf/MaterialFunctions/MF_RotateV2.uasset" 3468
"../../../Engine/Content/Functions/Engine_MaterialFunctions03/Math/RemapValueRange.uasset" 3469
"../../Plugins/Interchange/Assets/Content/Utilities/New_LUT.uasset" 3470
"/InterchangeAssets/gltf/MaterialBodies/MF_Unlit_Body" 3471
"../../Plugins/Interchange/Assets/Content/gltf/MaterialBodies/MF_Unlit_Body.uasset" 3472
"/InterchangeAssets/gltf/MaterialBodies/MF_ClearCoat_Body" 3473
"../../Plugins/Interchange/Assets/Content/gltf/MaterialBodies/MF_ClearCoat_Body.uasset" 3474
"../../Plugins/Interchange/Assets/Content/gltf/MaterialFunctions/MF_Clearcoat.uasset" 3475
"../../../Engine/Content/Functions/Engine_MaterialFunctions01/Texturing/FlattenNormal.uasset" 3476
"/InterchangeAssets/gltf/MaterialBodies/MF_Sheen_Body" 3477
"../../Plugins/Interchange/Assets/Content/gltf/MaterialBodies/MF_Sheen_Body.uasset" 3478
"../../Plugins/Interchange/Assets/Content/gltf/MaterialFunctions/MF_Sheen.uasset" 3479
"/InterchangeAssets/gltf/MaterialBodies/MF_Transmission_Body" 3480
"../../Plugins/Interchange/Assets/Content/gltf/MaterialBodies/MF_Transmission_Body.uasset" 3481
"../../Plugins/Interchange/Assets/Content/gltf/MaterialFunctions/MF_Fresnel_DS.uasset" 3482
"../../Plugins/Interchange/Assets/Content/gltf/MaterialFunctions/MF_Temporal_Blur.uasset" 3483
"../../Plugins/Interchange/Assets/Content/gltf/MaterialFunctions/MF_Transmission.uasset" 3484
"../../../Engine/Content/Functions/Engine_MaterialFunctions02/Texturing/ScreenAlignedPixelToPixelUVs.uasset" 3485
"../../../Engine/Content/EngineMaterials/Good64x64TilingNoiseHighFreq.uasset" 3486
"/InterchangeAssets/gltf/MaterialBodies/MF_SpecularGlossiness_Body" 3487
"../../Plugins/Interchange/Assets/Content/gltf/MaterialBodies/MF_SpecularGlossiness_Body.uasset" 3488
"../../Plugins/Interchange/Assets/Content/gltf/MaterialFunctions/MF_DiffuseSpecGloss.uasset" 3489
"../../Plugins/Interchange/Assets/Content/gltf/MaterialFunctions/MF_MaxComponentValue.uasset" 3490
"../../Plugins/Interchange/Assets/Content/gltf/MaterialFunctions/MF_SpecGlossToMetalRoughness.uasset" 3491
"../../Plugins/Interchange/Assets/Content/gltf/MaterialFunctions/MF_PerceivedBrightness.uasset" 3492
"../../../Engine/Content/Functions/Engine_MaterialFunctions02/Math/AddComponents.uasset" 3493
"/Paper2D/MaskedUnlitSpriteMaterial" 3494
"../../Plugins/2D/Paper2D/Content/MaskedUnlitSpriteMaterial.uasset" 3495
"../../Plugins/2D/Paper2D/Content/DefaultSpriteMaterial.uasset" 3496
"../../Plugins/2D/Paper2D/Content/PlaceholderTextures/DummySpriteTexture.uasset" 3497
"/Paper2D/OpaqueUnlitSpriteMaterial" 3498
"../../Plugins/2D/Paper2D/Content/OpaqueUnlitSpriteMaterial.uasset" 3499
"/Paper2D/DefaultPaperTerrainMaterial" 3500
"../../Plugins/2D/Paper2D/Content/DefaultPaperTerrainMaterial.uasset" 3501
"../../Plugins/2D/Paper2D/Content/DummySprite.uasset" 3502
"/AudioWidgets/AudioMaterialSlate/MI_AudioMaterialToggleButton" 3503
"../../Plugins/Runtime/AudioWidgets/Content/AudioMaterialSlate/MI_AudioMaterialToggleButton.uasset" 3504
"../../Plugins/Runtime/AudioWidgets/Content/AudioMaterialSlate/M_AudioMaterialToggleButton.uasset" 3505
"../../Plugins/Runtime/AudioWidgets/Content/AudioMaterialSlate/Functions/MF_AngleGradient.uasset" 3506
"../../Plugins/Runtime/AudioWidgets/Content/AudioMaterialSlate/Functions/MF_SingleLine.uasset" 3507
"../../Plugins/Runtime/AudioWidgets/Content/AudioMaterialSlate/Functions/MF_SingleLine_Smooth.uasset" 3508
"../../../Engine/Content/Functions/Engine_MaterialFunctions01/Gradient/SphereGradient-2D.uasset" 3509
"../../../Engine/Content/Functions/Engine_MaterialFunctions01/Texturing/ScaleUVsByCenter.uasset" 3510
"../../../Engine/Content/Functions/Engine_MaterialFunctions02/Texturing/CustomRotator.uasset" 3511
"/AudioWidgets/Resources/ScrubHandleDown_Clamped" 3512
"../../Plugins/Runtime/AudioWidgets/Content/Resources/ScrubHandleDown_Clamped.uasset" 3513
"/AudioWidgets/AudioMaterialSlate/MI_AudioMaterialKnob" 3514
"../../Plugins/Runtime/AudioWidgets/Content/AudioMaterialSlate/MI_AudioMaterialKnob.uasset" 3515
"../../Plugins/Runtime/AudioWidgets/Content/AudioMaterialSlate/M_AudioMaterialKnob.uasset" 3516
"../../../Engine/Content/Functions/Engine_MaterialFunctions02/Lerp_3Color.uasset" 3517
"/AudioWidgets/AudioMaterialSlate/MI_AudioMaterialMeter" 3518
"../../Plugins/Runtime/AudioWidgets/Content/AudioMaterialSlate/MI_AudioMaterialMeter.uasset" 3519
"../../Plugins/Runtime/AudioWidgets/Content/AudioMaterialSlate/M_AudioMaterialMeter.uasset" 3520
"../../Plugins/Runtime/AudioWidgets/Content/AudioMaterialSlate/Functions/MF_Lines.uasset" 3521
"/AudioWidgets/AudioMaterialSlate/MI_AudioMaterialEnvelope_ADSR" 3522
"../../Plugins/Runtime/AudioWidgets/Content/AudioMaterialSlate/MI_AudioMaterialEnvelope_ADSR.uasset" 3523
"../../Plugins/Runtime/AudioWidgets/Content/AudioMaterialSlate/M_AudioMaterialEnvelope_ADSR.uasset" 3524
"../../Plugins/Runtime/AudioWidgets/Content/AudioMaterialSlate/Functions/MF_DotOutlined.uasset" 3525
"../../../Engine/Content/Functions/Engine_MaterialFunctions01/Gradient/GeneratedRoundRect.uasset" 3526
"../../../Engine/Content/Functions/Engine_MaterialFunctions02/Utility/VectorLength.uasset" 3527
"/AudioWidgets/AudioMaterialSlate/MI_AudioMaterialRoundedSlider" 3528
"../../Plugins/Runtime/AudioWidgets/Content/AudioMaterialSlate/MI_AudioMaterialRoundedSlider.uasset" 3529
"../../Plugins/Runtime/AudioWidgets/Content/AudioMaterialSlate/M_AudioMaterialRoundedSlider.uasset" 3530
"/ConvAI/Submixes/AudioInput" 3531
"I:/FINAL/Plugins/AIforNPC1a382f55e9e1V6/Content/Submixes/AudioInput.uasset" 3532
"I:/FINAL/Plugins/AIforNPC1a382f55e9e1V6/Content/Submixes/MuteMic.uasset" 3533
"../../../Engine/Intermediate/ProjectFiles/PrimaryProjectPath.txt" 3534
"/Landmass/Landscape/BlueprintBrushes/Materials/Internal/BrushBounds" 3535
"../../Plugins/Experimental/Landmass/Content/Landscape/BlueprintBrushes/Materials/Internal/BrushBounds.uasset" 3536
"../../../Engine/Content/EditorMaterials/TilingAAGrid.uasset" 3537
"../../../Engine/Content/EditorMaterials/TilingAALineBoxFiltered.uasset" 3538
"../../../Engine/Content/EditorMaterials/TilingAALineIntegral.uasset" 3539
"../../../Engine/Content/Functions/Engine_MaterialFunctions01/ImageAdjustment/SCurve.uasset" 3540
"../../../Engine/Content/Functions/Engine_MaterialFunctions02/WorldPositionOffset/V2/ObjectScale.uasset" 3541
"../../../Engine/Content/Functions/Engine_MaterialFunctions03/Blends/Blend_Screen.uasset" 3542
"../../../Engine/Content/Functions/Engine_MaterialFunctions03/Procedurals/ComputeFilterWidth.uasset" 3543
"../../Plugins/Experimental/Landmass/Content/Landscape/BlueprintBrushes/Materials/BrushMaterials/BasicFunctions/LandmassBrush_ShapeMask.uasset" 3544
"../../Plugins/Experimental/Landmass/Content/Landscape/BlueprintBrushes/MF/Landmass_BrushTilt.uasset" 3545
"../../Plugins/Experimental/Landmass/Content/Landscape/BlueprintBrushes/MF/LandmassBrush_EdgeFalloff.uasset" 3546
"../../Plugins/Experimental/Landmass/Content/Landscape/BlueprintBrushes/MF/LandmassBrush_Noise.uasset" 3547
"../../Plugins/Experimental/Landmass/Content/Landscape/BlueprintBrushes/MF/LandmassBrush_UVs.uasset" 3548
"../../Plugins/Experimental/Landmass/Content/Landscape/BlueprintBrushes/MF/PointSampleLandscapeUVs.uasset" 3549
"../../Plugins/Experimental/Landmass/Content/Landscape/OldPrototype_BP/Mats/MF/UnpackRG8Height.uasset" 3550
"../../Plugins/Experimental/Landmass/Content/Landscape/BlueprintBrushes/MPC/MPC_Landscape.uasset" 3551
"../../../Engine/Content/ArtTools/RenderToTexture/Textures/T_EV_BlankWhite_01.uasset" 3552
"../../../Engine/Content/EngineMaterials/BlendFunc_DefBase.uasset" 3553
"../../../Engine/Content/EngineMaterials/BlendFunc_DefBlend.uasset" 3554
"../../../Engine/Content/EngineResources/Black_Low.uasset" 3555
"/Landmass/Landscape/Meshes/S_SpritePlane" 3556
"../../Plugins/Experimental/Landmass/Content/Landscape/Meshes/S_SpritePlane.uasset" 3557
"/Landmass/Landscape/BlueprintBrushes/Materials/Sprite/M_BrushSprite_01" 3558
"../../Plugins/Experimental/Landmass/Content/Landscape/BlueprintBrushes/Materials/Sprite/M_BrushSprite_01.uasset" 3559
"../../../Engine/Content/Functions/Engine_MaterialFunctions02/WorldPositionOffset/ComponentPivotLocation.uasset" 3560
"../../../Engine/Content/Functions/Engine_MaterialFunctions02/WorldPositionOffset/Sprite.uasset" 3561
"../../../Engine/Content/EditorResources/S_Terrain.uasset" 3562
"/MovieRenderPipeline/Blueprints/UI_MovieRenderPipelineScreenOverlay" 3563
"../../Plugins/MovieScene/MovieRenderPipeline/Content/Blueprints/UI_MovieRenderPipelineScreenOverlay.uasset" 3564
"../../Plugins/MovieScene/MovieRenderPipeline/Content/Blueprints/M_MoviePipelineRenderPreview.uasset" 3565
"../../Plugins/MovieScene/MovieRenderPipeline/Content/Blueprints/UI_MovieRenderPipelineInfoTableRow.uasset" 3566
"../../../Engine/Content/ArtTools/RenderToTexture/Textures/127grey.uasset" 3567
"/MovieRenderPipeline/Blueprints/UI_MovieGraphPipelineScreenOverlay" 3568
"../../Plugins/MovieScene/MovieRenderPipeline/Content/Blueprints/UI_MovieGraphPipelineScreenOverlay.uasset" 3569
"../../../Engine/Content/EditorBlueprintResources/StandardMacros.uasset" 3570
"../../Plugins/MovieScene/MovieRenderPipeline/Content/Blueprints/Graph/UI_MovieGraphImagePreview.uasset" 3571
"../../Plugins/MovieScene/MovieRenderPipeline/Content/Blueprints/Graph/T_MovieGraph_TransparencyBG.uasset" 3572
"/MovieRenderPipeline/Blueprints/Graph/DefaultGraphBurnIn" 3573
"../../Plugins/MovieScene/MovieRenderPipeline/Content/Blueprints/Graph/DefaultGraphBurnIn.uasset" 3574
"../../../Engine/Content/EngineFonts/DroidSansMono.uasset" 3575
"../../../Engine/Content/EngineFonts/Faces/DroidSansMono.uasset" 3576
"/MovieRenderPipeline/Blueprints/DefaultBurnIn" 3577
"../../Plugins/MovieScene/MovieRenderPipeline/Content/Blueprints/DefaultBurnIn.uasset" 3578
"/MovieRenderPipeline/Materials/MoviePipeline_StencilCutout" 3579
"../../Plugins/MovieScene/MovieRenderPipeline/Content/Materials/MoviePipeline_StencilCutout.uasset" 3580
"/MovieRenderPipeline/Materials/MovieRenderQueue_WorldDepth" 3581
"../../Plugins/MovieScene/MovieRenderPipeline/Content/Materials/MovieRenderQueue_WorldDepth.uasset" 3582
"/MovieRenderPipeline/Materials/MovieRenderQueue_MotionVectors" 3583
"../../Plugins/MovieScene/MovieRenderPipeline/Content/Materials/MovieRenderQueue_MotionVectors.uasset" 3584
"/SpeedTreeImporter/SpeedTree9/SpeedTreeMaster" 3585
"../../Plugins/Editor/SpeedTreeImporter/Content/SpeedTree9/SpeedTreeMaster.uasset" 3586
"../../../Engine/Content/Functions/Engine_MaterialFunctions02/ObjectLocalBounds.uasset" 3587
"../../../Engine/Content/Functions/Engine_MaterialFunctions02/SafeNormalize.uasset" 3588
"../../../Engine/Content/Functions/Engine_MaterialFunctions02/UVs/BoundingBoxBased_0-1_UVW.uasset" 3589
"../../../Engine/Content/Functions/Engine_MaterialFunctions02/WorldPositionOffset/ObjectScale.uasset" 3590
"../../Plugins/Editor/SpeedTreeImporter/Content/SpeedTree9/SpeedTreeBranchMotion.uasset" 3591
"../../Plugins/Editor/SpeedTreeImporter/Content/SpeedTree9/SpeedTreeCameraFacing.uasset" 3592
"../../Plugins/Editor/SpeedTreeImporter/Content/SpeedTree9/SpeedTreeWind.uasset" 3593
"../../Plugins/Editor/SpeedTreeImporter/Content/SpeedTree9/SpeedTreeWindMotion.uasset" 3594
"../../Plugins/Editor/SpeedTreeImporter/Content/SpeedTree9/UnpackDirection.uasset" 3595
"../../Plugins/Editor/SpeedTreeImporter/Content/SpeedTree9/UnpackInteger3.uasset" 3596
"../../Plugins/Editor/SpeedTreeImporter/Content/SpeedTree9/Empty.uasset" 3597
"../../Plugins/Editor/SpeedTreeImporter/Content/SpeedTree9/EmptyNormal.uasset" 3598
"../../Plugins/Editor/SpeedTreeImporter/Content/SpeedTree9/game_wind_noise.uasset" 3599
"/SpeedTreeImporter/SpeedTree9/SpeedTreeBillboardMaster" 3600
"../../Plugins/Editor/SpeedTreeImporter/Content/SpeedTree9/SpeedTreeBillboardMaster.uasset" 3601
"../../Plugins/Editor/SpeedTreeImporter/Content/SpeedTree9/SpeedTreeBillboard.uasset" 3602
"/MediaPlate/SM_MediaPlateScreen" 3603
"../../Plugins/Media/MediaPlate/Content/SM_MediaPlateScreen.uasset" 3604
"G:/UE_5.5/Engine/Binaries/ThirdParty/USD/UsdResources/Win64/plugins/plugInfo.json" 3605
"G:/UE_5.5/Engine/Binaries/ThirdParty/USD/UsdResources/Win64/plugins/glf/resources/plugInfo.json" 3606
"G:/UE_5.5/Engine/Binaries/ThirdParty/USD/UsdResources/Win64/plugins/usdMtlx/resources/plugInfo.json" 3607
"G:/UE_5.5/Engine/Binaries/ThirdParty/USD/UsdResources/Win64/plugins/unreal/resources/plugInfo.json" 3608
"G:/UE_5.5/Engine/Binaries/ThirdParty/USD/UsdResources/Win64/plugins/hd/resources/plugInfo.json" 3609
"G:/UE_5.5/Engine/Binaries/ThirdParty/USD/UsdResources/Win64/plugins/usdSkelImaging/resources/plugInfo.json" 3610
"G:/UE_5.5/Engine/Binaries/ThirdParty/USD/UsdResources/Win64/plugins/usd/resources/plugInfo.json" 3611
"G:/UE_5.5/Engine/Binaries/ThirdParty/USD/UsdResources/Win64/plugins/usdPhysics/resources/plugInfo.json" 3612
"G:/UE_5.5/Engine/Binaries/ThirdParty/USD/UsdResources/Win64/plugins/usdUI/resources/plugInfo.json" 3613
"G:/UE_5.5/Engine/Binaries/ThirdParty/USD/UsdResources/Win64/plugins/hdGp/resources/plugInfo.json" 3614
"G:/UE_5.5/Engine/Binaries/ThirdParty/USD/UsdResources/Win64/plugins/usdGeom/resources/plugInfo.json" 3615
"G:/UE_5.5/Engine/Binaries/ThirdParty/USD/UsdResources/Win64/plugins/usdRi/resources/plugInfo.json" 3616
"G:/UE_5.5/Engine/Binaries/ThirdParty/USD/UsdResources/Win64/plugins/hdSt/resources/plugInfo.json" 3617
"G:/UE_5.5/Engine/Binaries/ThirdParty/USD/UsdResources/Win64/plugins/usdHydra/resources/plugInfo.json" 3618
"G:/UE_5.5/Engine/Binaries/ThirdParty/USD/UsdResources/Win64/plugins/usdProcImaging/resources/plugInfo.json" 3619
"G:/UE_5.5/Engine/Binaries/ThirdParty/USD/UsdResources/Win64/plugins/hdStorm/resources/plugInfo.json" 3620
"G:/UE_5.5/Engine/Binaries/ThirdParty/USD/UsdResources/Win64/plugins/usdAbc/resources/plugInfo.json" 3621
"G:/UE_5.5/Engine/Binaries/ThirdParty/USD/UsdResources/Win64/plugins/usdRender/resources/plugInfo.json" 3622
"G:/UE_5.5/Engine/Binaries/ThirdParty/USD/UsdResources/Win64/plugins/usdVolImaging/resources/plugInfo.json" 3623
"G:/UE_5.5/Engine/Binaries/ThirdParty/USD/UsdResources/Win64/plugins/hdx/resources/plugInfo.json" 3624
"G:/UE_5.5/Engine/Binaries/ThirdParty/USD/UsdResources/Win64/plugins/usdLux/resources/plugInfo.json" 3625
"G:/UE_5.5/Engine/Binaries/ThirdParty/USD/UsdResources/Win64/plugins/usdShade/resources/plugInfo.json" 3626
"G:/UE_5.5/Engine/Binaries/ThirdParty/USD/UsdResources/Win64/plugins/hgiGL/resources/plugInfo.json" 3627
"G:/UE_5.5/Engine/Binaries/ThirdParty/USD/UsdResources/Win64/plugins/usdImagingGL/resources/plugInfo.json" 3628
"G:/UE_5.5/Engine/Binaries/ThirdParty/USD/UsdResources/Win64/plugins/hio/resources/plugInfo.json" 3629
"G:/UE_5.5/Engine/Binaries/ThirdParty/USD/UsdResources/Win64/plugins/usdSkel/resources/plugInfo.json" 3630
"G:/UE_5.5/Engine/Binaries/ThirdParty/USD/UsdResources/Win64/plugins/usdImaging/resources/plugInfo.json" 3631
"G:/UE_5.5/Engine/Binaries/ThirdParty/USD/UsdResources/Win64/plugins/usdRiPxrImaging/resources/plugInfo.json" 3632
"G:/UE_5.5/Engine/Binaries/ThirdParty/USD/UsdResources/Win64/plugins/ndr/resources/plugInfo.json" 3633
"G:/UE_5.5/Engine/Binaries/ThirdParty/USD/UsdResources/Win64/plugins/usdProc/resources/plugInfo.json" 3634
"G:/UE_5.5/Engine/Binaries/ThirdParty/USD/UsdResources/Win64/plugins/usdVol/resources/plugInfo.json" 3635
"G:/UE_5.5/Engine/Binaries/ThirdParty/USD/UsdResources/Win64/plugins/sdf/resources/plugInfo.json" 3636
"G:/UE_5.5/Engine/Binaries/ThirdParty/USD/UsdResources/Win64/plugins/ar/resources/plugInfo.json" 3637
"G:/UE_5.5/Engine/Binaries/ThirdParty/USD/UsdResources/Win64/plugins/sdrGlslfx/resources/plugInfo.json" 3638
"G:/UE_5.5/Engine/Binaries/ThirdParty/USD/UsdResources/Win64/plugins/usdShaders/resources/plugInfo.json" 3639
"G:/UE_5.5/Engine/Binaries/ThirdParty/USD/UsdResources/Win64/plugins/usdMedia/resources/plugInfo.json" 3640
"G:/UE_5.5/Engine/Binaries/ThirdParty/USD/UsdResources/Win64/plugins/usd/resources/codegenTemplates/plugInfo.json" 3641
"/Engine/BasicShapes/BasicShapeMaterial" 3642
"../../../Engine/Content/BasicShapes/BasicShapeMaterial.uasset" 3643
"/Engine/EditorMaterials/Dataflow/DataflowVertexMaterial" 3644
"../../../Engine/Content/EditorMaterials/Dataflow/DataflowVertexMaterial.uasset" 3645
"/Engine/EditorMaterials/Dataflow/DataflowTwoSidedVertexMaterial" 3646
"../../../Engine/Content/EditorMaterials/Dataflow/DataflowTwoSidedVertexMaterial.uasset" 3647
"C:/Users/Reilly/AppData/Local/UnrealEngine/Editor/UInteractiveToolsPresetCollectionAsset_DefaultCollection.json" 3648
"/Engine/EngineMaterials/NaniteHiddenSectionMaterial" 3649
"../../../Engine/Content/EngineMaterials/NaniteHiddenSectionMaterial.uasset" 3650
"/Engine/EngineMaterials/RemoveSurfaceMaterial" 3651
"../../../Engine/Content/EngineMaterials/RemoveSurfaceMaterial.uasset" 3652
"/Engine/EngineDebugMaterials/DebugMeshMaterial" 3653
"../../../Engine/Content/EngineDebugMaterials/DebugMeshMaterial.uasset" 3654
"/Engine/EngineMaterials/EmissiveMeshMaterial" 3655
"../../../Engine/Content/EngineMaterials/EmissiveMeshMaterial.uasset" 3656
"../../../Engine/Content/EngineMaterials/DefaultWhiteGrid_Low.uasset" 3657
"/Engine/EngineMaterials/M_InvalidLightmapSettings" 3658
"../../../Engine/Content/EngineMaterials/M_InvalidLightmapSettings.uasset" 3659
"../../../Engine/Content/EngineMaterials/InvalidLightmapSettings.uasset" 3660
"/Engine/EngineMaterials/GizmoMaterial" 3661
"../../../Engine/Content/EngineMaterials/GizmoMaterial.uasset" 3662
"/Engine/EngineMaterials/PhAT_JointLimitMaterial" 3663
"../../../Engine/Content/EngineMaterials/PhAT_JointLimitMaterial.uasset" 3664
"/Engine/EngineMaterials/FlattenMaterial" 3665
"../../../Engine/Content/EngineMaterials/FlattenMaterial.uasset" 3666
"../../../Engine/Content/EngineMaterials/BaseFlattenDiffuseMap.uasset" 3667
"../../../Engine/Content/EngineMaterials/BaseFlattenEmissiveMap.uasset" 3668
"../../../Engine/Content/EngineMaterials/BaseFlattenGrayscaleMap.uasset" 3669
"../../../Engine/Content/EngineMaterials/BaseFlattenLinearColor.uasset" 3670
"../../../Engine/Content/EngineMaterials/BaseFlattenNormalMap.uasset" 3671
"../../../Engine/Content/Functions/Engine_MaterialFunctions02/PivotPainter2/Black_1x1_EXR_Texture.uasset" 3672
"/Engine/EngineMaterials/FlattenMaterial_VT" 3673
"../../../Engine/Content/EngineMaterials/FlattenMaterial_VT.uasset" 3674
"../../../Engine/Content/EngineMaterials/BaseFlattenDiffuseMap_VT.uasset" 3675
"../../../Engine/Content/EngineMaterials/BaseFlattenEmissiveMap_VT.uasset" 3676
"../../../Engine/Content/EngineMaterials/BaseFlattenGrayscaleMap_VT.uasset" 3677
"../../../Engine/Content/EngineMaterials/BaseFlattenLinearColor_VT.uasset" 3678
"../../../Engine/Content/EngineMaterials/BaseFlattenNormalMap_VT.uasset" 3679
"../../../Engine/Content/EngineMaterials/Black_1x1_EXR_Texture_VT.uasset" 3680
"/Engine/EngineMaterials/FlattenMaterial_WS_Normal_VT" 3681
"../../../Engine/Content/EngineMaterials/FlattenMaterial_WS_Normal_VT.uasset" 3682
"/Engine/EngineMaterials/DefaultBokeh" 3683
"../../../Engine/Content/EngineMaterials/DefaultBokeh.uasset" 3684
"/Engine/EngineMaterials/MiniFont" 3685
"../../../Engine/Content/EngineMaterials/MiniFont.uasset" 3686
"/Engine/EngineMaterials/WeightMapPlaceholderTexture" 3687
"../../../Engine/Content/EngineMaterials/WeightMapPlaceholderTexture.uasset" 3688
"/Engine/EngineMaterials/WeightMapArrayPlaceholderTexture" 3689
"../../../Engine/Content/EngineMaterials/WeightMapArrayPlaceholderTexture.uasset" 3690
"/Engine/EngineMaterials/DefaultWhiteGrid" 3691
"../../../Engine/Content/EngineMaterials/DefaultWhiteGrid.uasset" 3692
"/Engine/EngineMaterials/PreintegratedSkinBRDF" 3693
"../../../Engine/Content/EngineMaterials/PreintegratedSkinBRDF.uasset" 3694
"/Engine/EngineMaterials/LTC/GGX_LTCAmp" 3695
"../../../Engine/Content/EngineMaterials/LTC/GGX_LTCAmp.uasset" 3696
"/Engine/EngineMaterials/LTC/GGX_LTCMat" 3697
"../../../Engine/Content/EngineMaterials/LTC/GGX_LTCMat.uasset" 3698
"/Engine/EngineMaterials/EnergyConservation/GGX_ReflectionEnergy" 3699
"../../../Engine/Content/EngineMaterials/EnergyConservation/GGX_ReflectionEnergy.uasset" 3700
"/Engine/EngineMaterials/EnergyConservation/GGX_TransmissionEnergyArray" 3701
"../../../Engine/Content/EngineMaterials/EnergyConservation/GGX_TransmissionEnergyArray.uasset" 3702
"/Engine/EngineMaterials/EnergyConservation/SheenLegacy_Energy" 3703
"../../../Engine/Content/EngineMaterials/EnergyConservation/SheenLegacy_Energy.uasset" 3704
"/Engine/EngineMaterials/DefaultPhysicalMaterial" 3705
"../../../Engine/Content/EngineMaterials/DefaultPhysicalMaterial.uasset" 3706
"/Engine/EngineMaterials/DefaultDestructiblePhysicalMaterial" 3707
"../../../Engine/Content/EngineMaterials/DefaultDestructiblePhysicalMaterial.uasset" 3708
"/Water/Materials/MPC/MPC_Water" 3709
"../../Plugins/Experimental/Water/Content/Materials/MPC/MPC_Water.uasset" 3710
"/MeshModelingToolset/Materials/M_DynamicMeshComponentVtxColor" 3711
"../../Plugins/Runtime/MeshModelingToolset/Content/Materials/M_DynamicMeshComponentVtxColor.uasset" 3712
"/Game/UltraDynamicSky/Particles/UDW_WeatherParticles_Niagara" 3713
"I:/FINAL/Content/UltraDynamicSky/Particles/UDW_WeatherParticles_Niagara.uasset" 3714
"I:/FINAL/Content/UltraDynamicSky/Particles/UDW_WeatherParticle_Parameters.uasset" 3715
"/Game/UltraDynamicSky/Particles/UDW_Niagara_Parameters" 3716
"I:/FINAL/Content/UltraDynamicSky/Particles/UDW_Niagara_Parameters.uasset" 3717
"I:/FINAL/Content/UltraDynamicSky/Materials/Weather/UltraDynamicWeather_Parameters.uasset" 3718
"/Game/UltraDynamicSky/Particles/UDS_VolumetricClouds_Niagara_Properties" 3719
"I:/FINAL/Content/UltraDynamicSky/Particles/UDS_VolumetricClouds_Niagara_Properties.uasset" 3720
"I:/FINAL/Content/UltraDynamicSky/Materials/Material_Functions/UDS_VolumetricClouds_MPC.uasset" 3721
"/Niagara/ParameterDefinitions/SpriteRenderer" 3722
"../../Plugins/FX/Niagara/Content/ParameterDefinitions/SpriteRenderer.uasset" 3723
"/Niagara/ParameterDefinitions/RibbonRenderer" 3724
"../../Plugins/FX/Niagara/Content/ParameterDefinitions/RibbonRenderer.uasset" 3725
"/Niagara/ParameterDefinitions/MeshRenderer" 3726
"../../Plugins/FX/Niagara/Content/ParameterDefinitions/MeshRenderer.uasset" 3727
"/Niagara/ParameterDefinitions/LightRenderer" 3728
"../../Plugins/FX/Niagara/Content/ParameterDefinitions/LightRenderer.uasset" 3729
"/Niagara/ParameterDefinitions/DecalRenderer" 3730
"../../Plugins/FX/Niagara/Content/ParameterDefinitions/DecalRenderer.uasset" 3731
"/Niagara/ParameterDefinitions/CoreParameters" 3732
"../../Plugins/FX/Niagara/Content/ParameterDefinitions/CoreParameters.uasset" 3733
"/DeformerGraph/Deformers/DG_LinearBlendSkin_Morph_Cloth" 3734
"../../Plugins/Animation/DeformerGraph/Content/Deformers/DG_LinearBlendSkin_Morph_Cloth.uasset" 3735
"/DeformerGraph/DeformerFunctions/DG_Function_LinearBlendSkin_Morph_Cloth" 3736
"../../Plugins/Animation/DeformerGraph/Content/DeformerFunctions/DG_Function_LinearBlendSkin_Morph_Cloth.uasset" 3737
"/DeformerGraph/Deformers/DG_LinearBlendSkin_Morph_Cloth_RecomputeNormals" 3738
"../../Plugins/Animation/DeformerGraph/Content/Deformers/DG_LinearBlendSkin_Morph_Cloth_RecomputeNormals.uasset" 3739
"/DeformerGraph/DeformerFunctions/DG_Function_LinearBlendSkin_Morph_Cloth_PositionOnly" 3740
"../../Plugins/Animation/DeformerGraph/Content/DeformerFunctions/DG_Function_LinearBlendSkin_Morph_Cloth_PositionOnly.uasset" 3741
"/DeformerGraph/DeformerFunctions/DG_Function_ComputeNormalsTangents" 3742
"../../Plugins/Animation/DeformerGraph/Content/DeformerFunctions/DG_Function_ComputeNormalsTangents.uasset" 3743
"/Water/Icons/WaterLandscapeBrushSprite" 3744
"../../Plugins/Experimental/Water/Content/Icons/WaterLandscapeBrushSprite.uasset" 3745
"/Water/Curves/FloatCurve" 3746
"../../Plugins/Experimental/Water/Content/Curves/FloatCurve.uasset" 3747
"/Water/Curves/FloatCurve_WaterBodyIsland" 3748
"../../Plugins/Experimental/Water/Content/Curves/FloatCurve_WaterBodyIsland.uasset" 3749
"/Water/Waves/GerstnerWaves_Lake" 3750
"../../Plugins/Experimental/Water/Content/Waves/GerstnerWaves_Lake.uasset" 3751
"/Water/Waves/GerstnerWaves_Ocean" 3752
"../../Plugins/Experimental/Water/Content/Waves/GerstnerWaves_Ocean.uasset" 3753
"/Water/Icons/WaterSprite" 3754
"../../Plugins/Experimental/Water/Content/Icons/WaterSprite.uasset" 3755
"/Water/Icons/WaterErrorSprite" 3756
"../../Plugins/Experimental/Water/Content/Icons/WaterErrorSprite.uasset" 3757
"/Engine/BasicShapes/Sphere" 3758
"../../../Engine/Content/BasicShapes/Sphere.uasset" 3759
"/Engine/BasicShapes/Cylinder" 3760
"../../../Engine/Content/BasicShapes/Cylinder.uasset" 3761
"/Engine/BasicShapes/Cone" 3762
"../../../Engine/Content/BasicShapes/Cone.uasset" 3763
"/Engine/BasicShapes/Plane" 3764
"../../../Engine/Content/BasicShapes/Plane.uasset" 3765
"../../../Engine/Documentation/Source/Shared/Types/ABrush/ABrush.INT.udn" 3766
"../../../Engine/Content/Internationalization/icudt64l/brkitr/ru.res" 3767
"../../../Engine/Content/Internationalization/icudt64l/brkitr/root.res" 3768
"../../../Engine/Content/Internationalization/icudt64l/brkitr/char.brk" 3769
"../../../Engine/Content/Internationalization/icudt64l/brkitr/word.brk" 3770
"/Engine/EditorResources/SequenceRecorder/Countdown" 3771
"../../../Engine/Content/EditorResources/SequenceRecorder/Countdown.uasset" 3772
"/Engine/EditorResources/SequenceRecorder/RecordingIndicator" 3773
"../../../Engine/Content/EditorResources/SequenceRecorder/RecordingIndicator.uasset" 3774
"/Engine/EditorMaterials/PhAT_UnselectedMaterial" 3775
"../../../Engine/Content/EditorMaterials/PhAT_UnselectedMaterial.uasset" 3776
"/Engine/EditorMaterials/PhAT_NoCollisionMaterial" 3777
"../../../Engine/Content/EditorMaterials/PhAT_NoCollisionMaterial.uasset" 3778
"/Engine/EditorLandscapeResources/DefaultAlphaTexture" 3779
"../../../Engine/Content/EditorLandscapeResources/DefaultAlphaTexture.uasset" 3780
"../../../Engine/Plugins/FX/Niagara/Shaders/Private/NiagaraDataInterfaceTexture2DArrayTemplate.ush" 3781
"../../../Engine/Plugins/FX/Niagara/Shaders/Private/NiagaraDataInterfaceActorComponentTemplate.ush" 3782
"../../../Engine/Plugins/FX/Niagara/Shaders/Private/NiagaraDataInterfaceArrayTemplate.ush" 3783
"../../../Engine/Plugins/FX/Niagara/Shaders/Private/NiagaraDataInterfaceArrayRWTemplate.ush" 3784
"../../../Engine/Plugins/FX/Niagara/Shaders/Private/NiagaraDataInterfaceAsyncGpuTrace.ush" 3785
"../../../Engine/Plugins/FX/Niagara/Shaders/Private/NiagaraDataInterfaceAsyncGpuTraceTemplate.ush" 3786
"../../../Engine/Plugins/FX/Niagara/Shaders/Private/NiagaraDataInterfaceCamera.ush" 3787
"../../../Engine/Plugins/Experimental/ChaosNiagara/Shaders/NiagaraDataInterfaceChaosDestruction.ush" 3788
"../../../Engine/Plugins/FX/Niagara/Shaders/Private/NiagaraDataInterfaceCollisionQuery.ush" 3789
"I:/FINAL/Intermediate/ShaderAutogen/PCD3D_SM5/AutogenShaderHeaders.ush" 3790
"../../../Engine/Plugins/FX/Niagara/Shaders/Private/NiagaraDataInterfaceCollisionQueryTemplate.ush" 3791
"../../../Engine/Plugins/FX/Niagara/Shaders/Private/NiagaraDataInterfaceCurveTemplate.ush" 3792
"../../../Engine/Plugins/FX/Niagara/Shaders/Private/NiagaraDataInterfaceCubeTextureTemplate.ush" 3793
"../../../Engine/Plugins/FX/Niagara/Shaders/Private/DataChannel/NiagaraDataInterfaceDataChannelCommon.ush" 3794
"../../../Engine/Plugins/FX/Niagara/Shaders/Private/DataChannel/NiagaraDataInterfaceDataChannelTemplateCommon.ush" 3795
"../../../Engine/Plugins/FX/Niagara/Shaders/Private/DataChannel/NiagaraDataInterfaceDataChannelTemplateReadCommon.ush" 3796
"../../../Engine/Plugins/FX/Niagara/Shaders/Private/DataChannel/NiagaraDataInterfaceDataChannelTemplate_Read.ush" 3797
"../../../Engine/Plugins/FX/Niagara/Shaders/Private/DataChannel/NiagaraDataInterfaceDataChannelTemplate_Consume.ush" 3798
"../../../Engine/Plugins/FX/Niagara/Shaders/Private/DataChannel/NiagaraDataInterfaceDataChannelTemplateWriteCommon.ush" 3799
"../../../Engine/Plugins/FX/Niagara/Shaders/Private/DataChannel/NiagaraDataInterfaceDataChannelTemplate_Append.ush" 3800
"../../../Engine/Plugins/FX/Niagara/Shaders/Private/NiagaraDataInterfaceDebugDraw.ush" 3801
"../../../Engine/Plugins/FX/Niagara/Shaders/Private/NiagaraDataInterfaceDebugDrawTemplate.ush" 3802
"../../../Engine/Plugins/FX/Niagara/Shaders/Private/NiagaraDataInterfaceDynamicMeshTemplate.ush" 3803
"../../../Engine/Plugins/FX/Niagara/Shaders/Private/NiagaraDataInterfaceEmitterPropertiesTemplate.ush" 3804
"../../../Engine/Plugins/FX/Niagara/Shaders/Private/NiagaraDataInterfaceExportTemplate.ush" 3805
"../../../Engine/Plugins/FX/Niagara/Shaders/Private/NiagaraDataInterfaceGBufferTemplate.ush" 3806
"../../../Engine/Plugins/Experimental/ChaosNiagara/Shaders/NiagaraDataInterfaceGeometryCollection.ush" 3807
"../../../Engine/Plugins/FX/Niagara/Shaders/Private/NiagaraTransformUtils.ush" 3808
"../../../Engine/Plugins/Runtime/HairStrands/Shaders/Private/NiagaraStrandsExternalForce.ush" 3809
"../../../Engine/Plugins/Runtime/HairStrands/Shaders/Private/NiagaraHookeSpringMaterial.ush" 3810
"../../../Engine/Plugins/Runtime/HairStrands/Shaders/Private/NiagaraAngularSpringMaterial.ush" 3811
"../../../Engine/Plugins/Runtime/HairStrands/Shaders/Private/NiagaraConstantVolumeMaterial.ush" 3812
"../../../Engine/Plugins/Runtime/HairStrands/Shaders/Private/NiagaraCosseratRodMaterial.ush" 3813
"../../../Engine/Plugins/Runtime/HairStrands/Shaders/Private/NiagaraStaticCollisionConstraint.ush" 3814
"../../../Engine/Plugins/Runtime/HairStrands/Shaders/Private/NiagaraDataInterfaceHairStrands.ush" 3815
"../../../Engine/Plugins/Runtime/HairStrands/Shaders/Private/NiagaraDataInterfaceHairStrandsTemplate.ush" 3816
"../../../Engine/Plugins/FX/Niagara/Shaders/Private/NiagaraDataInterfaceIntRenderTarget2D.ush" 3817
"../../../Engine/Plugins/FX/Niagara/Shaders/Private/NiagaraDataInterfaceLandscape.ush" 3818
"../../../Engine/Plugins/FX/Niagara/Shaders/Private/NiagaraDataInterfaceMemoryBufferTemplate.ush" 3819
"../../../Engine/Plugins/FX/Niagara/Shaders/Private/NiagaraDataInterfaceMeshRendererInfoTemplate.ush" 3820
"../../../Engine/Plugins/FX/Niagara/Shaders/Private/NiagaraDataInterfaceOcclusion.ush" 3821
"../../../Engine/Plugins/FX/Niagara/Shaders/Private/NiagaraDataInterfacePhysicsAsset.ush" 3822
"../../../Engine/Plugins/Experimental/ChaosNiagara/Shaders/NiagaraDataInterfacePhysicsField.ush" 3823
"../../../Engine/Plugins/FX/Niagara/Shaders/Private/NiagaraDataInterfacePlatformSetTemplate.ush" 3824
"../../../Engine/Plugins/Runtime/HairStrands/Shaders/Private/NiagaraDataInterfaceVelocityGrid.ush" 3825
"../../../Engine/Plugins/Runtime/HairStrands/Shaders/Private/NiagaraDataInterfaceVelocityGridTemplate.ush" 3826
"../../../Engine/Plugins/Runtime/HairStrands/Shaders/Private/NiagaraDataInterfacePressureGrid.ush" 3827
"../../../Engine/Plugins/Runtime/HairStrands/Shaders/Private/NiagaraDataInterfacePressureGridTemplate.ush" 3828
"../../../Engine/Plugins/FX/Niagara/Shaders/Private/NiagaraDataInterfaceRenderTarget2DTemplate.ush" 3829
"../../../Engine/Plugins/FX/Niagara/Shaders/Private/NiagaraDataInterfaceRenderTarget2DArrayTemplate.ush" 3830
"../../../Engine/Plugins/FX/Niagara/Shaders/Private/NiagaraDataInterfaceRenderTargetCubeTemplate.ush" 3831
"../../../Engine/Plugins/FX/Niagara/Shaders/Private/NiagaraDataInterfaceRenderTargetVolumeTemplate.ush" 3832
"../../../Engine/Plugins/FX/Niagara/Shaders/Private/NiagaraDataInterfaceRigidMeshCollisionQuery.ush" 3833
"../../../Engine/Plugins/FX/Niagara/Shaders/Private/NiagaraDistanceFieldQueries.ush" 3834
"../../../Engine/Plugins/FX/Niagara/Shaders/Private/NiagaraDataInterfaceSceneCapture2DTemplate.ush" 3835
"../../../Engine/Plugins/FX/Niagara/Shaders/Private/NiagaraDataInterfaceSimCacheReaderTemplate.ush" 3836
"../../../Engine/Plugins/FX/Niagara/Shaders/Private/NiagaraDataInterfaceSimpleCounterTemplate.ush" 3837
"../../../Engine/Plugins/FX/Niagara/Shaders/Private/NiagaraDataInterfaceSkeletalMesh.ush" 3838
"../../../Engine/Plugins/FX/Niagara/Shaders/Private/NiagaraBaryCentricUtils.ush" 3839
"../../../Engine/Plugins/FX/Niagara/Shaders/Private/NiagaraDataInterfaceSkeletalMeshTemplate.ush" 3840
"../../../Engine/Plugins/FX/Niagara/Shaders/Private/NiagaraDataInterfaceSocketReaderTemplate.ush" 3841
"../../../Engine/Plugins/FX/Niagara/Shaders/Private/NiagaraDataInterfaceSparseVolumeTextureTemplate.ush" 3842
"../../../Engine/Plugins/FX/Niagara/Shaders/Private/NiagaraDataInterfaceSplineTemplate.ush" 3843
"../../../Engine/Plugins/FX/Niagara/Shaders/Private/NiagaraDataInterfaceSpriteRendererInfoTemplate.ush" 3844
"../../../Engine/Plugins/FX/Niagara/Shaders/Private/NiagaraDataInterfaceStaticMeshTemplate.ush" 3845
"../../../Engine/Plugins/FX/Niagara/Shaders/Private/NiagaraDataInterfaceTextureTemplate.ush" 3846
"../../../Engine/Plugins/FX/Niagara/Shaders/Private/NiagaraDataInterfaceVirtualTexture.ush" 3847
"../../../Engine/Plugins/FX/Niagara/Shaders/Private/NiagaraDataInterfaceVirtualTextureTemplate.ush" 3848
"../../../Engine/Plugins/FX/Niagara/Shaders/Private/NiagaraDataInterfaceVolumeCache.ush" 3849
"../../../Engine/Plugins/FX/Niagara/Shaders/Private/NiagaraDataInterfaceVolumeTextureTemplate.ush" 3850
"C:/Users/Reilly/AppData/Local/Temp/UnrealShaderWorkingDir/1B325C4C43538E5BCEA93A8FB2A0EEF3/1/WorkerOutputOnly.out" 3851
"C:/Users/Reilly/AppData/Local/Temp/UnrealShaderWorkingDir/1B325C4C43538E5BCEA93A8FB2A0EEF3/5/WorkerOutputOnly.out" 3852
"C:/Users/Reilly/AppData/Local/Temp/UnrealShaderWorkingDir/1B325C4C43538E5BCEA93A8FB2A0EEF3/0/WorkerOutputOnly.out" 3853
"C:/Users/Reilly/AppData/Local/Temp/UnrealShaderWorkingDir/1B325C4C43538E5BCEA93A8FB2A0EEF3/8/WorkerOutputOnly.out" 3854
"C:/Users/Reilly/AppData/Local/Temp/UnrealShaderWorkingDir/1B325C4C43538E5BCEA93A8FB2A0EEF3/3/WorkerOutputOnly.out" 3855
"C:/Users/Reilly/AppData/Local/Temp/UnrealShaderWorkingDir/1B325C4C43538E5BCEA93A8FB2A0EEF3/4/WorkerOutputOnly.out" 3856
"C:/Users/Reilly/AppData/Local/Temp/UnrealShaderWorkingDir/1B325C4C43538E5BCEA93A8FB2A0EEF3/6/WorkerOutputOnly.out" 3857
"C:/Users/Reilly/AppData/Local/Temp/UnrealShaderWorkingDir/1B325C4C43538E5BCEA93A8FB2A0EEF3/7/WorkerOutputOnly.out" 3858
"C:/Users/Reilly/AppData/Local/Temp/UnrealShaderWorkingDir/1B325C4C43538E5BCEA93A8FB2A0EEF3/2/WorkerOutputOnly.out" 3859
"C:/Users/Reilly/AppData/Local/Temp/UnrealXGEWorkingDir/832507FF48D3F77F0EB569A46D0ADF3B/1-xge.out" 3860
"C:/Users/Reilly/AppData/Local/Temp/UnrealXGEWorkingDir/832507FF48D3F77F0EB569A46D0ADF3B/2-xge.out" 3861
"C:/Users/Reilly/AppData/Local/Temp/UnrealXGEWorkingDir/832507FF48D3F77F0EB569A46D0ADF3B/3-xge.out" 3862
"C:/Users/Reilly/AppData/Local/Temp/UnrealXGEWorkingDir/832507FF48D3F77F0EB569A46D0ADF3B/4-xge.out" 3863
"C:/Users/Reilly/AppData/Local/Temp/UnrealXGEWorkingDir/832507FF48D3F77F0EB569A46D0ADF3B/5-xge.out" 3864
"C:/Users/Reilly/AppData/Local/Temp/UnrealXGEWorkingDir/832507FF48D3F77F0EB569A46D0ADF3B/6-xge.out" 3865
"C:/Users/Reilly/AppData/Local/Temp/UnrealXGEWorkingDir/832507FF48D3F77F0EB569A46D0ADF3B/7-xge.out" 3866
"C:/Users/Reilly/AppData/Local/Temp/UnrealXGEWorkingDir/832507FF48D3F77F0EB569A46D0ADF3B/8-xge.out" 3867
"C:/Users/Reilly/AppData/Local/Temp/UnrealXGEWorkingDir/832507FF48D3F77F0EB569A46D0ADF3B/9-xge.out" 3868
"C:/Users/Reilly/AppData/Local/Temp/UnrealXGEWorkingDir/832507FF48D3F77F0EB569A46D0ADF3B/10-xge.out" 3869
"C:/Users/Reilly/AppData/Local/Temp/UnrealXGEWorkingDir/832507FF48D3F77F0EB569A46D0ADF3B/11-xge.out" 3870
"C:/Users/Reilly/AppData/Local/Temp/UnrealXGEWorkingDir/832507FF48D3F77F0EB569A46D0ADF3B/12-xge.out" 3871
"C:/Users/Reilly/AppData/Local/Temp/UnrealXGEWorkingDir/832507FF48D3F77F0EB569A46D0ADF3B/13-xge.out" 3872
"C:/Users/Reilly/AppData/Local/Temp/UnrealXGEWorkingDir/832507FF48D3F77F0EB569A46D0ADF3B/14-xge.out" 3873
"C:/Users/Reilly/AppData/Local/Temp/UnrealXGEWorkingDir/832507FF48D3F77F0EB569A46D0ADF3B/15-xge.out" 3874
"C:/Users/Reilly/AppData/Local/Temp/UnrealXGEWorkingDir/832507FF48D3F77F0EB569A46D0ADF3B/18-xge.out" 3875
"C:/Users/Reilly/AppData/Local/Temp/UnrealXGEWorkingDir/832507FF48D3F77F0EB569A46D0ADF3B/19-xge.out" 3876
"C:/Users/Reilly/AppData/Local/Temp/UnrealXGEWorkingDir/832507FF48D3F77F0EB569A46D0ADF3B/16-xge.out" 3877
"C:/Users/Reilly/AppData/Local/Temp/UnrealXGEWorkingDir/832507FF48D3F77F0EB569A46D0ADF3B/24-xge.out" 3878
"C:/Users/Reilly/AppData/Local/Temp/UnrealXGEWorkingDir/832507FF48D3F77F0EB569A46D0ADF3B/17-xge.out" 3879
"C:/Users/Reilly/AppData/Local/Temp/UnrealXGEWorkingDir/832507FF48D3F77F0EB569A46D0ADF3B/23-xge.out" 3880
"C:/Users/Reilly/AppData/Local/Temp/UnrealXGEWorkingDir/832507FF48D3F77F0EB569A46D0ADF3B/20-xge.out" 3881
"C:/Users/Reilly/AppData/Local/Temp/UnrealXGEWorkingDir/832507FF48D3F77F0EB569A46D0ADF3B/21-xge.out" 3882
"C:/Users/Reilly/AppData/Local/Temp/UnrealXGEWorkingDir/832507FF48D3F77F0EB569A46D0ADF3B/22-xge.out" 3883
"C:/Users/Reilly/AppData/Local/Temp/UnrealXGEWorkingDir/832507FF48D3F77F0EB569A46D0ADF3B/26-xge.out" 3884
"C:/Users/Reilly/AppData/Local/Temp/UnrealXGEWorkingDir/832507FF48D3F77F0EB569A46D0ADF3B/25-xge.out" 3885
"C:/Users/Reilly/AppData/Local/Temp/UnrealXGEWorkingDir/832507FF48D3F77F0EB569A46D0ADF3B/27-xge.out" 3886
"C:/Users/Reilly/AppData/Local/Temp/UnrealXGEWorkingDir/832507FF48D3F77F0EB569A46D0ADF3B/28-xge.out" 3887
"C:/Users/Reilly/AppData/Local/Temp/UnrealXGEWorkingDir/832507FF48D3F77F0EB569A46D0ADF3B/30-xge.out" 3888
"C:/Users/Reilly/AppData/Local/Temp/UnrealXGEWorkingDir/832507FF48D3F77F0EB569A46D0ADF3B/31-xge.out" 3889
"C:/Users/Reilly/AppData/Local/Temp/UnrealXGEWorkingDir/832507FF48D3F77F0EB569A46D0ADF3B/29-xge.out" 3890
"C:/Users/Reilly/AppData/Local/Temp/UnrealXGEWorkingDir/832507FF48D3F77F0EB569A46D0ADF3B/34-xge.out" 3891
"C:/Users/Reilly/AppData/Local/Temp/UnrealXGEWorkingDir/832507FF48D3F77F0EB569A46D0ADF3B/36-xge.out" 3892
"C:/Users/Reilly/AppData/Local/Temp/UnrealXGEWorkingDir/832507FF48D3F77F0EB569A46D0ADF3B/32-xge.out" 3893
"C:/Users/Reilly/AppData/Local/Temp/UnrealXGEWorkingDir/832507FF48D3F77F0EB569A46D0ADF3B/33-xge.out" 3894
"C:/Users/Reilly/AppData/Local/Temp/UnrealXGEWorkingDir/832507FF48D3F77F0EB569A46D0ADF3B/35-xge.out" 3895
"C:/Users/Reilly/AppData/Local/Temp/UnrealXGEWorkingDir/832507FF48D3F77F0EB569A46D0ADF3B/37-xge.out" 3896
"C:/Users/Reilly/AppData/Local/Temp/UnrealXGEWorkingDir/832507FF48D3F77F0EB569A46D0ADF3B/38-xge.out" 3897
"C:/Users/Reilly/AppData/Local/Temp/UnrealXGEWorkingDir/832507FF48D3F77F0EB569A46D0ADF3B/39-xge.out" 3898
"C:/Users/Reilly/AppData/Local/Temp/UnrealXGEWorkingDir/832507FF48D3F77F0EB569A46D0ADF3B/40-xge.out" 3899
"C:/Users/Reilly/AppData/Local/Temp/UnrealXGEWorkingDir/832507FF48D3F77F0EB569A46D0ADF3B/41-xge.out" 3900
"C:/Users/Reilly/AppData/Local/Temp/UnrealXGEWorkingDir/832507FF48D3F77F0EB569A46D0ADF3B/42-xge.out" 3901
"C:/Users/Reilly/AppData/Local/Temp/UnrealXGEWorkingDir/832507FF48D3F77F0EB569A46D0ADF3B/43-xge.out" 3902
"C:/Users/Reilly/AppData/Local/Temp/UnrealXGEWorkingDir/832507FF48D3F77F0EB569A46D0ADF3B/44-xge.out" 3903
"C:/Users/Reilly/AppData/Local/Temp/UnrealXGEWorkingDir/832507FF48D3F77F0EB569A46D0ADF3B/45-xge.out" 3904
"C:/Users/Reilly/AppData/Local/Temp/UnrealXGEWorkingDir/832507FF48D3F77F0EB569A46D0ADF3B/46-xge.out" 3905
"C:/Users/Reilly/AppData/Local/Temp/UnrealXGEWorkingDir/832507FF48D3F77F0EB569A46D0ADF3B/47-xge.out" 3906
"C:/Users/Reilly/AppData/Local/Temp/UnrealXGEWorkingDir/832507FF48D3F77F0EB569A46D0ADF3B/48-xge.out" 3907
"C:/Users/Reilly/AppData/Local/Temp/UnrealXGEWorkingDir/832507FF48D3F77F0EB569A46D0ADF3B/49-xge.out" 3908
"C:/Users/Reilly/AppData/Local/Temp/UnrealXGEWorkingDir/832507FF48D3F77F0EB569A46D0ADF3B/50-xge.out" 3909
"C:/Users/Reilly/AppData/Local/Temp/UnrealXGEWorkingDir/832507FF48D3F77F0EB569A46D0ADF3B/51-xge.out" 3910
"C:/Users/Reilly/AppData/Local/Temp/UnrealXGEWorkingDir/832507FF48D3F77F0EB569A46D0ADF3B/52-xge.out" 3911
"C:/Users/Reilly/AppData/Local/Temp/UnrealXGEWorkingDir/832507FF48D3F77F0EB569A46D0ADF3B/53-xge.out" 3912
"C:/Users/Reilly/AppData/Local/Temp/UnrealXGEWorkingDir/832507FF48D3F77F0EB569A46D0ADF3B/54-xge.out" 3913
"C:/Users/Reilly/AppData/Local/Temp/UnrealXGEWorkingDir/832507FF48D3F77F0EB569A46D0ADF3B/55-xge.out" 3914
"C:/Users/Reilly/AppData/Local/Temp/UnrealXGEWorkingDir/832507FF48D3F77F0EB569A46D0ADF3B/56-xge.out" 3915
"C:/Users/Reilly/AppData/Local/Temp/UnrealXGEWorkingDir/832507FF48D3F77F0EB569A46D0ADF3B/57-xge.out" 3916
"C:/Users/Reilly/AppData/Local/Temp/UnrealXGEWorkingDir/832507FF48D3F77F0EB569A46D0ADF3B/58-xge.out" 3917
"C:/Users/Reilly/AppData/Local/Temp/UnrealXGEWorkingDir/832507FF48D3F77F0EB569A46D0ADF3B/59-xge.out" 3918
"C:/Users/Reilly/AppData/Local/Temp/UnrealXGEWorkingDir/832507FF48D3F77F0EB569A46D0ADF3B/60-xge.out" 3919
"C:/Users/Reilly/AppData/Local/Temp/UnrealXGEWorkingDir/832507FF48D3F77F0EB569A46D0ADF3B/61-xge.out" 3920
"C:/Users/Reilly/AppData/Local/Temp/UnrealXGEWorkingDir/832507FF48D3F77F0EB569A46D0ADF3B/62-xge.out" 3921
"C:/Users/Reilly/AppData/Local/Temp/UnrealXGEWorkingDir/832507FF48D3F77F0EB569A46D0ADF3B/63-xge.out" 3922
"C:/Users/Reilly/AppData/Local/Temp/UnrealXGEWorkingDir/832507FF48D3F77F0EB569A46D0ADF3B/64-xge.out" 3923
"C:/Users/Reilly/AppData/Local/Temp/UnrealXGEWorkingDir/832507FF48D3F77F0EB569A46D0ADF3B/65-xge.out" 3924
"C:/Users/Reilly/AppData/Local/Temp/UnrealXGEWorkingDir/832507FF48D3F77F0EB569A46D0ADF3B/66-xge.out" 3925
"C:/Users/Reilly/AppData/Local/Temp/UnrealXGEWorkingDir/832507FF48D3F77F0EB569A46D0ADF3B/68-xge.out" 3926
"C:/Users/Reilly/AppData/Local/Temp/UnrealXGEWorkingDir/832507FF48D3F77F0EB569A46D0ADF3B/67-xge.out" 3927
"C:/Users/Reilly/AppData/Local/Temp/UnrealXGEWorkingDir/832507FF48D3F77F0EB569A46D0ADF3B/69-xge.out" 3928
"C:/Users/Reilly/AppData/Local/Temp/UnrealXGEWorkingDir/832507FF48D3F77F0EB569A46D0ADF3B/70-xge.out" 3929
"C:/Users/Reilly/AppData/Local/Temp/UnrealXGEWorkingDir/832507FF48D3F77F0EB569A46D0ADF3B/71-xge.out" 3930
"C:/Users/Reilly/AppData/Local/Temp/UnrealXGEWorkingDir/832507FF48D3F77F0EB569A46D0ADF3B/72-xge.out" 3931
"C:/Users/Reilly/AppData/Local/Temp/UnrealXGEWorkingDir/832507FF48D3F77F0EB569A46D0ADF3B/73-xge.out" 3932
"C:/Users/Reilly/AppData/Local/Temp/UnrealXGEWorkingDir/832507FF48D3F77F0EB569A46D0ADF3B/74-xge.out" 3933
"C:/Users/Reilly/AppData/Local/Temp/UnrealXGEWorkingDir/832507FF48D3F77F0EB569A46D0ADF3B/75-xge.out" 3934
"C:/Users/Reilly/AppData/Local/Temp/UnrealXGEWorkingDir/832507FF48D3F77F0EB569A46D0ADF3B/76-xge.out" 3935
"C:/Users/Reilly/AppData/Local/Temp/UnrealXGEWorkingDir/832507FF48D3F77F0EB569A46D0ADF3B/78-xge.out" 3936
"C:/Users/Reilly/AppData/Local/Temp/UnrealXGEWorkingDir/832507FF48D3F77F0EB569A46D0ADF3B/77-xge.out" 3937
"C:/Users/Reilly/AppData/Local/Temp/UnrealXGEWorkingDir/832507FF48D3F77F0EB569A46D0ADF3B/79-xge.out" 3938
"C:/Users/Reilly/AppData/Local/Temp/UnrealXGEWorkingDir/832507FF48D3F77F0EB569A46D0ADF3B/80-xge.out" 3939
"C:/Users/Reilly/AppData/Local/Temp/UnrealXGEWorkingDir/832507FF48D3F77F0EB569A46D0ADF3B/84-xge.out" 3940
"C:/Users/Reilly/AppData/Local/Temp/UnrealXGEWorkingDir/832507FF48D3F77F0EB569A46D0ADF3B/81-xge.out" 3941
"C:/Users/Reilly/AppData/Local/Temp/UnrealXGEWorkingDir/832507FF48D3F77F0EB569A46D0ADF3B/82-xge.out" 3942
"C:/Users/Reilly/AppData/Local/Temp/UnrealXGEWorkingDir/832507FF48D3F77F0EB569A46D0ADF3B/83-xge.out" 3943
"C:/Users/Reilly/AppData/Local/Temp/UnrealXGEWorkingDir/832507FF48D3F77F0EB569A46D0ADF3B/85-xge.out" 3944
"C:/Users/Reilly/AppData/Local/Temp/UnrealXGEWorkingDir/832507FF48D3F77F0EB569A46D0ADF3B/86-xge.out" 3945
"C:/Users/Reilly/AppData/Local/Temp/UnrealXGEWorkingDir/832507FF48D3F77F0EB569A46D0ADF3B/87-xge.out" 3946
"C:/Users/Reilly/AppData/Local/Temp/UnrealXGEWorkingDir/832507FF48D3F77F0EB569A46D0ADF3B/88-xge.out" 3947
"C:/Users/Reilly/AppData/Local/Temp/UnrealXGEWorkingDir/832507FF48D3F77F0EB569A46D0ADF3B/89-xge.out" 3948
"C:/Users/Reilly/AppData/Local/Temp/UnrealXGEWorkingDir/832507FF48D3F77F0EB569A46D0ADF3B/90-xge.out" 3949
"C:/Users/Reilly/AppData/Local/Temp/UnrealXGEWorkingDir/832507FF48D3F77F0EB569A46D0ADF3B/91-xge.out" 3950
"C:/Users/Reilly/AppData/Local/Temp/UnrealXGEWorkingDir/832507FF48D3F77F0EB569A46D0ADF3B/92-xge.out" 3951
"C:/Users/Reilly/AppData/Local/Temp/UnrealXGEWorkingDir/832507FF48D3F77F0EB569A46D0ADF3B/93-xge.out" 3952
"C:/Users/Reilly/AppData/Local/Temp/UnrealXGEWorkingDir/832507FF48D3F77F0EB569A46D0ADF3B/94-xge.out" 3953
"C:/Users/Reilly/AppData/Local/Temp/UnrealXGEWorkingDir/832507FF48D3F77F0EB569A46D0ADF3B/97-xge.out" 3954
"C:/Users/Reilly/AppData/Local/Temp/UnrealXGEWorkingDir/832507FF48D3F77F0EB569A46D0ADF3B/96-xge.out" 3955
"C:/Users/Reilly/AppData/Local/Temp/UnrealXGEWorkingDir/832507FF48D3F77F0EB569A46D0ADF3B/98-xge.out" 3956
"C:/Users/Reilly/AppData/Local/Temp/UnrealXGEWorkingDir/832507FF48D3F77F0EB569A46D0ADF3B/95-xge.out" 3957
"C:/Users/Reilly/AppData/Local/Temp/UnrealXGEWorkingDir/832507FF48D3F77F0EB569A46D0ADF3B/99-xge.out" 3958
"C:/Users/Reilly/AppData/Local/Temp/UnrealXGEWorkingDir/832507FF48D3F77F0EB569A46D0ADF3B/100-xge.out" 3959
"C:/Users/Reilly/AppData/Local/Temp/UnrealXGEWorkingDir/832507FF48D3F77F0EB569A46D0ADF3B/101-xge.out" 3960
"C:/Users/Reilly/AppData/Local/Temp/UnrealXGEWorkingDir/832507FF48D3F77F0EB569A46D0ADF3B/102-xge.out" 3961
"C:/Users/Reilly/AppData/Local/Temp/UnrealXGEWorkingDir/832507FF48D3F77F0EB569A46D0ADF3B/104-xge.out" 3962
"C:/Users/Reilly/AppData/Local/Temp/UnrealXGEWorkingDir/832507FF48D3F77F0EB569A46D0ADF3B/103-xge.out" 3963
"C:/Users/Reilly/AppData/Local/Temp/UnrealXGEWorkingDir/832507FF48D3F77F0EB569A46D0ADF3B/105-xge.out" 3964
"C:/Users/Reilly/AppData/Local/Temp/UnrealXGEWorkingDir/832507FF48D3F77F0EB569A46D0ADF3B/106-xge.out" 3965
"C:/Users/Reilly/AppData/Local/Temp/UnrealXGEWorkingDir/832507FF48D3F77F0EB569A46D0ADF3B/107-xge.out" 3966
"C:/Users/Reilly/AppData/Local/Temp/UnrealXGEWorkingDir/832507FF48D3F77F0EB569A46D0ADF3B/108-xge.out" 3967
"C:/Users/Reilly/AppData/Local/Temp/UnrealXGEWorkingDir/832507FF48D3F77F0EB569A46D0ADF3B/109-xge.out" 3968
"C:/Users/Reilly/AppData/Local/Temp/UnrealXGEWorkingDir/832507FF48D3F77F0EB569A46D0ADF3B/110-xge.out" 3969
"C:/Users/Reilly/AppData/Local/Temp/UnrealXGEWorkingDir/832507FF48D3F77F0EB569A46D0ADF3B/113-xge.out" 3970
"C:/Users/Reilly/AppData/Local/Temp/UnrealXGEWorkingDir/832507FF48D3F77F0EB569A46D0ADF3B/111-xge.out" 3971
"C:/Users/Reilly/AppData/Local/Temp/UnrealXGEWorkingDir/832507FF48D3F77F0EB569A46D0ADF3B/112-xge.out" 3972
"C:/Users/Reilly/AppData/Local/Temp/UnrealXGEWorkingDir/832507FF48D3F77F0EB569A46D0ADF3B/115-xge.out" 3973
"C:/Users/Reilly/AppData/Local/Temp/UnrealXGEWorkingDir/832507FF48D3F77F0EB569A46D0ADF3B/114-xge.out" 3974
"C:/Users/Reilly/AppData/Local/Temp/UnrealXGEWorkingDir/832507FF48D3F77F0EB569A46D0ADF3B/116-xge.out" 3975
"C:/Users/Reilly/AppData/Local/Temp/UnrealXGEWorkingDir/832507FF48D3F77F0EB569A46D0ADF3B/117-xge.out" 3976
"C:/Users/Reilly/AppData/Local/Temp/UnrealXGEWorkingDir/832507FF48D3F77F0EB569A46D0ADF3B/118-xge.out" 3977
"C:/Users/Reilly/AppData/Local/Temp/UnrealXGEWorkingDir/832507FF48D3F77F0EB569A46D0ADF3B/119-xge.out" 3978
"C:/Users/Reilly/AppData/Local/Temp/UnrealXGEWorkingDir/832507FF48D3F77F0EB569A46D0ADF3B/120-xge.out" 3979
"C:/Users/Reilly/AppData/Local/Temp/UnrealXGEWorkingDir/832507FF48D3F77F0EB569A46D0ADF3B/121-xge.out" 3980
"C:/Users/Reilly/AppData/Local/Temp/UnrealXGEWorkingDir/832507FF48D3F77F0EB569A46D0ADF3B/122-xge.out" 3981
"C:/Users/Reilly/AppData/Local/Temp/UnrealXGEWorkingDir/832507FF48D3F77F0EB569A46D0ADF3B/124-xge.out" 3982
"C:/Users/Reilly/AppData/Local/Temp/UnrealXGEWorkingDir/832507FF48D3F77F0EB569A46D0ADF3B/123-xge.out" 3983
"C:/Users/Reilly/AppData/Local/Temp/UnrealXGEWorkingDir/832507FF48D3F77F0EB569A46D0ADF3B/125-xge.out" 3984
"C:/Users/Reilly/AppData/Local/Temp/UnrealXGEWorkingDir/832507FF48D3F77F0EB569A46D0ADF3B/128-xge.out" 3985
"C:/Users/Reilly/AppData/Local/Temp/UnrealXGEWorkingDir/832507FF48D3F77F0EB569A46D0ADF3B/126-xge.out" 3986
"C:/Users/Reilly/AppData/Local/Temp/UnrealXGEWorkingDir/832507FF48D3F77F0EB569A46D0ADF3B/127-xge.out" 3987
"C:/Users/Reilly/AppData/Local/Temp/UnrealXGEWorkingDir/832507FF48D3F77F0EB569A46D0ADF3B/129-xge.out" 3988
"C:/Users/Reilly/AppData/Local/Temp/UnrealXGEWorkingDir/832507FF48D3F77F0EB569A46D0ADF3B/130-xge.out" 3989
"C:/Users/Reilly/AppData/Local/Temp/UnrealXGEWorkingDir/832507FF48D3F77F0EB569A46D0ADF3B/131-xge.out" 3990
"C:/Users/Reilly/AppData/Local/Temp/UnrealXGEWorkingDir/832507FF48D3F77F0EB569A46D0ADF3B/132-xge.out" 3991
"C:/Users/Reilly/AppData/Local/Temp/UnrealXGEWorkingDir/832507FF48D3F77F0EB569A46D0ADF3B/133-xge.out" 3992
"C:/Users/Reilly/AppData/Local/Temp/UnrealXGEWorkingDir/832507FF48D3F77F0EB569A46D0ADF3B/134-xge.out" 3993
"C:/Users/Reilly/AppData/Local/Temp/UnrealXGEWorkingDir/832507FF48D3F77F0EB569A46D0ADF3B/135-xge.out" 3994
"C:/Users/Reilly/AppData/Local/Temp/UnrealXGEWorkingDir/832507FF48D3F77F0EB569A46D0ADF3B/136-xge.out" 3995
"C:/Users/Reilly/AppData/Local/Temp/UnrealXGEWorkingDir/832507FF48D3F77F0EB569A46D0ADF3B/137-xge.out" 3996
"C:/Users/Reilly/AppData/Local/Temp/UnrealXGEWorkingDir/832507FF48D3F77F0EB569A46D0ADF3B/138-xge.out" 3997
"C:/Users/Reilly/AppData/Local/Temp/UnrealXGEWorkingDir/832507FF48D3F77F0EB569A46D0ADF3B/139-xge.out" 3998
"C:/Users/Reilly/AppData/Local/Temp/UnrealXGEWorkingDir/832507FF48D3F77F0EB569A46D0ADF3B/144-xge.out" 3999
"C:/Users/Reilly/AppData/Local/Temp/UnrealXGEWorkingDir/832507FF48D3F77F0EB569A46D0ADF3B/145-xge.out" 4000
"C:/Users/Reilly/AppData/Local/Temp/UnrealXGEWorkingDir/832507FF48D3F77F0EB569A46D0ADF3B/146-xge.out" 4001
"C:/Users/Reilly/AppData/Local/Temp/UnrealXGEWorkingDir/832507FF48D3F77F0EB569A46D0ADF3B/142-xge.out" 4002
"C:/Users/Reilly/AppData/Local/Temp/UnrealXGEWorkingDir/832507FF48D3F77F0EB569A46D0ADF3B/141-xge.out" 4003
"C:/Users/Reilly/AppData/Local/Temp/UnrealXGEWorkingDir/832507FF48D3F77F0EB569A46D0ADF3B/143-xge.out" 4004
"C:/Users/Reilly/AppData/Local/Temp/UnrealXGEWorkingDir/832507FF48D3F77F0EB569A46D0ADF3B/140-xge.out" 4005
"C:/Users/Reilly/AppData/Local/Temp/UnrealXGEWorkingDir/832507FF48D3F77F0EB569A46D0ADF3B/150-xge.out" 4006
"C:/Users/Reilly/AppData/Local/Temp/UnrealXGEWorkingDir/832507FF48D3F77F0EB569A46D0ADF3B/147-xge.out" 4007
"C:/Users/Reilly/AppData/Local/Temp/UnrealXGEWorkingDir/832507FF48D3F77F0EB569A46D0ADF3B/148-xge.out" 4008
"C:/Users/Reilly/AppData/Local/Temp/UnrealXGEWorkingDir/832507FF48D3F77F0EB569A46D0ADF3B/149-xge.out" 4009
"C:/Users/Reilly/AppData/Local/Temp/UnrealXGEWorkingDir/832507FF48D3F77F0EB569A46D0ADF3B/151-xge.out" 4010
"C:/Users/Reilly/AppData/Local/Temp/UnrealXGEWorkingDir/832507FF48D3F77F0EB569A46D0ADF3B/154-xge.out" 4011
"C:/Users/Reilly/AppData/Local/Temp/UnrealXGEWorkingDir/832507FF48D3F77F0EB569A46D0ADF3B/153-xge.out" 4012
"C:/Users/Reilly/AppData/Local/Temp/UnrealXGEWorkingDir/832507FF48D3F77F0EB569A46D0ADF3B/155-xge.out" 4013
"C:/Users/Reilly/AppData/Local/Temp/UnrealXGEWorkingDir/832507FF48D3F77F0EB569A46D0ADF3B/158-xge.out" 4014
"C:/Users/Reilly/AppData/Local/Temp/UnrealXGEWorkingDir/832507FF48D3F77F0EB569A46D0ADF3B/157-xge.out" 4015
"C:/Users/Reilly/AppData/Local/Temp/UnrealXGEWorkingDir/832507FF48D3F77F0EB569A46D0ADF3B/156-xge.out" 4016
"C:/Users/Reilly/AppData/Local/Temp/UnrealXGEWorkingDir/832507FF48D3F77F0EB569A46D0ADF3B/159-xge.out" 4017
"C:/Users/Reilly/AppData/Local/Temp/UnrealXGEWorkingDir/832507FF48D3F77F0EB569A46D0ADF3B/152-xge.out" 4018
"C:/Users/Reilly/AppData/Local/Temp/UnrealXGEWorkingDir/832507FF48D3F77F0EB569A46D0ADF3B/162-xge.out" 4019
"C:/Users/Reilly/AppData/Local/Temp/UnrealXGEWorkingDir/832507FF48D3F77F0EB569A46D0ADF3B/160-xge.out" 4020
"C:/Users/Reilly/AppData/Local/Temp/UnrealXGEWorkingDir/832507FF48D3F77F0EB569A46D0ADF3B/161-xge.out" 4021
"C:/Users/Reilly/AppData/Local/Temp/UnrealXGEWorkingDir/832507FF48D3F77F0EB569A46D0ADF3B/163-xge.out" 4022
"C:/Users/Reilly/AppData/Local/Temp/UnrealXGEWorkingDir/832507FF48D3F77F0EB569A46D0ADF3B/164-xge.out" 4023
"C:/Users/Reilly/AppData/Local/Temp/UnrealXGEWorkingDir/832507FF48D3F77F0EB569A46D0ADF3B/166-xge.out" 4024
"C:/Users/Reilly/AppData/Local/Temp/UnrealXGEWorkingDir/832507FF48D3F77F0EB569A46D0ADF3B/167-xge.out" 4025
"C:/Users/Reilly/AppData/Local/Temp/UnrealXGEWorkingDir/832507FF48D3F77F0EB569A46D0ADF3B/165-xge.out" 4026
"C:/Users/Reilly/AppData/Local/Temp/UnrealXGEWorkingDir/832507FF48D3F77F0EB569A46D0ADF3B/171-xge.out" 4027
"C:/Users/Reilly/AppData/Local/Temp/UnrealXGEWorkingDir/832507FF48D3F77F0EB569A46D0ADF3B/168-xge.out" 4028
"C:/Users/Reilly/AppData/Local/Temp/UnrealXGEWorkingDir/832507FF48D3F77F0EB569A46D0ADF3B/169-xge.out" 4029
"C:/Users/Reilly/AppData/Local/Temp/UnrealXGEWorkingDir/832507FF48D3F77F0EB569A46D0ADF3B/170-xge.out" 4030
"C:/Users/Reilly/AppData/Local/Temp/UnrealXGEWorkingDir/832507FF48D3F77F0EB569A46D0ADF3B/176-xge.out" 4031
"C:/Users/Reilly/AppData/Local/Temp/UnrealXGEWorkingDir/832507FF48D3F77F0EB569A46D0ADF3B/175-xge.out" 4032
"C:/Users/Reilly/AppData/Local/Temp/UnrealXGEWorkingDir/832507FF48D3F77F0EB569A46D0ADF3B/172-xge.out" 4033
"C:/Users/Reilly/AppData/Local/Temp/UnrealXGEWorkingDir/832507FF48D3F77F0EB569A46D0ADF3B/174-xge.out" 4034
"C:/Users/Reilly/AppData/Local/Temp/UnrealXGEWorkingDir/832507FF48D3F77F0EB569A46D0ADF3B/180-xge.out" 4035
"C:/Users/Reilly/AppData/Local/Temp/UnrealXGEWorkingDir/832507FF48D3F77F0EB569A46D0ADF3B/173-xge.out" 4036
"C:/Users/Reilly/AppData/Local/Temp/UnrealXGEWorkingDir/832507FF48D3F77F0EB569A46D0ADF3B/183-xge.out" 4037
"C:/Users/Reilly/AppData/Local/Temp/UnrealXGEWorkingDir/832507FF48D3F77F0EB569A46D0ADF3B/179-xge.out" 4038
"C:/Users/Reilly/AppData/Local/Temp/UnrealXGEWorkingDir/832507FF48D3F77F0EB569A46D0ADF3B/181-xge.out" 4039
"C:/Users/Reilly/AppData/Local/Temp/UnrealXGEWorkingDir/832507FF48D3F77F0EB569A46D0ADF3B/177-xge.out" 4040
"C:/Users/Reilly/AppData/Local/Temp/UnrealXGEWorkingDir/832507FF48D3F77F0EB569A46D0ADF3B/178-xge.out" 4041
"C:/Users/Reilly/AppData/Local/Temp/UnrealXGEWorkingDir/832507FF48D3F77F0EB569A46D0ADF3B/182-xge.out" 4042
"C:/Users/Reilly/AppData/Local/Temp/UnrealXGEWorkingDir/832507FF48D3F77F0EB569A46D0ADF3B/184-xge.out" 4043
"C:/Users/Reilly/AppData/Local/Temp/UnrealXGEWorkingDir/832507FF48D3F77F0EB569A46D0ADF3B/185-xge.out" 4044
"C:/Users/Reilly/AppData/Local/Temp/UnrealXGEWorkingDir/832507FF48D3F77F0EB569A46D0ADF3B/186-xge.out" 4045
"C:/Users/Reilly/AppData/Local/Temp/UnrealXGEWorkingDir/832507FF48D3F77F0EB569A46D0ADF3B/188-xge.out" 4046
"C:/Users/Reilly/AppData/Local/Temp/UnrealXGEWorkingDir/832507FF48D3F77F0EB569A46D0ADF3B/187-xge.out" 4047
"C:/Users/Reilly/AppData/Local/Temp/UnrealXGEWorkingDir/832507FF48D3F77F0EB569A46D0ADF3B/190-xge.out" 4048
"C:/Users/Reilly/AppData/Local/Temp/UnrealXGEWorkingDir/832507FF48D3F77F0EB569A46D0ADF3B/191-xge.out" 4049
"C:/Users/Reilly/AppData/Local/Temp/UnrealXGEWorkingDir/832507FF48D3F77F0EB569A46D0ADF3B/189-xge.out" 4050
"C:/Users/Reilly/AppData/Local/Temp/UnrealXGEWorkingDir/832507FF48D3F77F0EB569A46D0ADF3B/192-xge.out" 4051
"C:/Users/Reilly/AppData/Local/Temp/UnrealXGEWorkingDir/832507FF48D3F77F0EB569A46D0ADF3B/195-xge.out" 4052
"C:/Users/Reilly/AppData/Local/Temp/UnrealXGEWorkingDir/832507FF48D3F77F0EB569A46D0ADF3B/196-xge.out" 4053
"C:/Users/Reilly/AppData/Local/Temp/UnrealXGEWorkingDir/832507FF48D3F77F0EB569A46D0ADF3B/197-xge.out" 4054
"C:/Users/Reilly/AppData/Local/Temp/UnrealXGEWorkingDir/832507FF48D3F77F0EB569A46D0ADF3B/194-xge.out" 4055
"C:/Users/Reilly/AppData/Local/Temp/UnrealXGEWorkingDir/832507FF48D3F77F0EB569A46D0ADF3B/193-xge.out" 4056
"C:/Users/Reilly/AppData/Local/Temp/UnrealXGEWorkingDir/832507FF48D3F77F0EB569A46D0ADF3B/198-xge.out" 4057
"C:/Users/Reilly/AppData/Local/Temp/UnrealXGEWorkingDir/832507FF48D3F77F0EB569A46D0ADF3B/199-xge.out" 4058
"C:/Users/Reilly/AppData/Local/Temp/UnrealXGEWorkingDir/832507FF48D3F77F0EB569A46D0ADF3B/201-xge.out" 4059
"C:/Users/Reilly/AppData/Local/Temp/UnrealXGEWorkingDir/832507FF48D3F77F0EB569A46D0ADF3B/203-xge.out" 4060
"C:/Users/Reilly/AppData/Local/Temp/UnrealXGEWorkingDir/832507FF48D3F77F0EB569A46D0ADF3B/204-xge.out" 4061
"C:/Users/Reilly/AppData/Local/Temp/UnrealXGEWorkingDir/832507FF48D3F77F0EB569A46D0ADF3B/202-xge.out" 4062
"C:/Users/Reilly/AppData/Local/Temp/UnrealXGEWorkingDir/832507FF48D3F77F0EB569A46D0ADF3B/200-xge.out" 4063
"C:/Users/Reilly/AppData/Local/Temp/UnrealXGEWorkingDir/832507FF48D3F77F0EB569A46D0ADF3B/208-xge.out" 4064
"C:/Users/Reilly/AppData/Local/Temp/UnrealXGEWorkingDir/832507FF48D3F77F0EB569A46D0ADF3B/205-xge.out" 4065
"C:/Users/Reilly/AppData/Local/Temp/UnrealXGEWorkingDir/832507FF48D3F77F0EB569A46D0ADF3B/207-xge.out" 4066
"C:/Users/Reilly/AppData/Local/Temp/UnrealXGEWorkingDir/832507FF48D3F77F0EB569A46D0ADF3B/209-xge.out" 4067
"C:/Users/Reilly/AppData/Local/Temp/UnrealXGEWorkingDir/832507FF48D3F77F0EB569A46D0ADF3B/211-xge.out" 4068
"C:/Users/Reilly/AppData/Local/Temp/UnrealXGEWorkingDir/832507FF48D3F77F0EB569A46D0ADF3B/206-xge.out" 4069
"C:/Users/Reilly/AppData/Local/Temp/UnrealXGEWorkingDir/832507FF48D3F77F0EB569A46D0ADF3B/210-xge.out" 4070
"C:/Users/Reilly/AppData/Local/Temp/UnrealXGEWorkingDir/832507FF48D3F77F0EB569A46D0ADF3B/214-xge.out" 4071
"C:/Users/Reilly/AppData/Local/Temp/UnrealXGEWorkingDir/832507FF48D3F77F0EB569A46D0ADF3B/215-xge.out" 4072
"C:/Users/Reilly/AppData/Local/Temp/UnrealXGEWorkingDir/832507FF48D3F77F0EB569A46D0ADF3B/212-xge.out" 4073
"C:/Users/Reilly/AppData/Local/Temp/UnrealXGEWorkingDir/832507FF48D3F77F0EB569A46D0ADF3B/213-xge.out" 4074
"C:/Users/Reilly/AppData/Local/Temp/UnrealXGEWorkingDir/832507FF48D3F77F0EB569A46D0ADF3B/219-xge.out" 4075
"C:/Users/Reilly/AppData/Local/Temp/UnrealXGEWorkingDir/832507FF48D3F77F0EB569A46D0ADF3B/221-xge.out" 4076
"C:/Users/Reilly/AppData/Local/Temp/UnrealXGEWorkingDir/832507FF48D3F77F0EB569A46D0ADF3B/217-xge.out" 4077
"C:/Users/Reilly/AppData/Local/Temp/UnrealXGEWorkingDir/832507FF48D3F77F0EB569A46D0ADF3B/222-xge.out" 4078
"C:/Users/Reilly/AppData/Local/Temp/UnrealXGEWorkingDir/832507FF48D3F77F0EB569A46D0ADF3B/216-xge.out" 4079
"C:/Users/Reilly/AppData/Local/Temp/UnrealXGEWorkingDir/832507FF48D3F77F0EB569A46D0ADF3B/223-xge.out" 4080
"C:/Users/Reilly/AppData/Local/Temp/UnrealXGEWorkingDir/832507FF48D3F77F0EB569A46D0ADF3B/220-xge.out" 4081
"C:/Users/Reilly/AppData/Local/Temp/UnrealXGEWorkingDir/832507FF48D3F77F0EB569A46D0ADF3B/218-xge.out" 4082
"C:/Users/Reilly/AppData/Local/Temp/UnrealXGEWorkingDir/832507FF48D3F77F0EB569A46D0ADF3B/224-xge.out" 4083
"C:/Users/Reilly/AppData/Local/Temp/UnrealXGEWorkingDir/832507FF48D3F77F0EB569A46D0ADF3B/225-xge.out" 4084
"C:/Users/Reilly/AppData/Local/Temp/UnrealXGEWorkingDir/832507FF48D3F77F0EB569A46D0ADF3B/231-xge.out" 4085
"C:/Users/Reilly/AppData/Local/Temp/UnrealXGEWorkingDir/832507FF48D3F77F0EB569A46D0ADF3B/232-xge.out" 4086
"C:/Users/Reilly/AppData/Local/Temp/UnrealXGEWorkingDir/832507FF48D3F77F0EB569A46D0ADF3B/234-xge.out" 4087
"C:/Users/Reilly/AppData/Local/Temp/UnrealXGEWorkingDir/832507FF48D3F77F0EB569A46D0ADF3B/228-xge.out" 4088
"C:/Users/Reilly/AppData/Local/Temp/UnrealXGEWorkingDir/832507FF48D3F77F0EB569A46D0ADF3B/227-xge.out" 4089
"C:/Users/Reilly/AppData/Local/Temp/UnrealXGEWorkingDir/832507FF48D3F77F0EB569A46D0ADF3B/226-xge.out" 4090
"C:/Users/Reilly/AppData/Local/Temp/UnrealXGEWorkingDir/832507FF48D3F77F0EB569A46D0ADF3B/229-xge.out" 4091
"C:/Users/Reilly/AppData/Local/Temp/UnrealXGEWorkingDir/832507FF48D3F77F0EB569A46D0ADF3B/230-xge.out" 4092
"C:/Users/Reilly/AppData/Local/Temp/UnrealXGEWorkingDir/832507FF48D3F77F0EB569A46D0ADF3B/233-xge.out" 4093
"C:/Users/Reilly/AppData/Local/Temp/UnrealXGEWorkingDir/832507FF48D3F77F0EB569A46D0ADF3B/235-xge.out" 4094
"C:/Users/Reilly/AppData/Local/Temp/UnrealXGEWorkingDir/832507FF48D3F77F0EB569A46D0ADF3B/236-xge.out" 4095
"C:/Users/Reilly/AppData/Local/Temp/UnrealXGEWorkingDir/832507FF48D3F77F0EB569A46D0ADF3B/237-xge.out" 4096
"C:/Users/Reilly/AppData/Local/Temp/UnrealXGEWorkingDir/832507FF48D3F77F0EB569A46D0ADF3B/238-xge.out" 4097
"C:/Users/Reilly/AppData/Local/Temp/UnrealXGEWorkingDir/832507FF48D3F77F0EB569A46D0ADF3B/239-xge.out" 4098
"C:/Users/Reilly/AppData/Local/Temp/UnrealXGEWorkingDir/832507FF48D3F77F0EB569A46D0ADF3B/240-xge.out" 4099
"C:/Users/Reilly/AppData/Local/Temp/UnrealXGEWorkingDir/832507FF48D3F77F0EB569A46D0ADF3B/241-xge.out" 4100
"C:/Users/Reilly/AppData/Local/Temp/UnrealXGEWorkingDir/832507FF48D3F77F0EB569A46D0ADF3B/246-xge.out" 4101
"C:/Users/Reilly/AppData/Local/Temp/UnrealXGEWorkingDir/832507FF48D3F77F0EB569A46D0ADF3B/244-xge.out" 4102
"C:/Users/Reilly/AppData/Local/Temp/UnrealXGEWorkingDir/832507FF48D3F77F0EB569A46D0ADF3B/243-xge.out" 4103
"C:/Users/Reilly/AppData/Local/Temp/UnrealXGEWorkingDir/832507FF48D3F77F0EB569A46D0ADF3B/245-xge.out" 4104
"C:/Users/Reilly/AppData/Local/Temp/UnrealXGEWorkingDir/832507FF48D3F77F0EB569A46D0ADF3B/248-xge.out" 4105
"C:/Users/Reilly/AppData/Local/Temp/UnrealXGEWorkingDir/832507FF48D3F77F0EB569A46D0ADF3B/247-xge.out" 4106
"C:/Users/Reilly/AppData/Local/Temp/UnrealXGEWorkingDir/832507FF48D3F77F0EB569A46D0ADF3B/252-xge.out" 4107
"C:/Users/Reilly/AppData/Local/Temp/UnrealXGEWorkingDir/832507FF48D3F77F0EB569A46D0ADF3B/242-xge.out" 4108
"C:/Users/Reilly/AppData/Local/Temp/UnrealXGEWorkingDir/832507FF48D3F77F0EB569A46D0ADF3B/251-xge.out" 4109
"C:/Users/Reilly/AppData/Local/Temp/UnrealXGEWorkingDir/832507FF48D3F77F0EB569A46D0ADF3B/250-xge.out" 4110
"C:/Users/Reilly/AppData/Local/Temp/UnrealXGEWorkingDir/832507FF48D3F77F0EB569A46D0ADF3B/253-xge.out" 4111
"C:/Users/Reilly/AppData/Local/Temp/UnrealXGEWorkingDir/832507FF48D3F77F0EB569A46D0ADF3B/249-xge.out" 4112
"C:/Users/Reilly/AppData/Local/Temp/UnrealXGEWorkingDir/832507FF48D3F77F0EB569A46D0ADF3B/254-xge.out" 4113
"C:/Users/Reilly/AppData/Local/Temp/UnrealXGEWorkingDir/832507FF48D3F77F0EB569A46D0ADF3B/255-xge.out" 4114
"C:/Users/Reilly/AppData/Local/Temp/UnrealXGEWorkingDir/832507FF48D3F77F0EB569A46D0ADF3B/256-xge.out" 4115
"C:/Users/Reilly/AppData/Local/Temp/UnrealXGEWorkingDir/832507FF48D3F77F0EB569A46D0ADF3B/257-xge.out" 4116
"C:/Users/Reilly/AppData/Local/Temp/UnrealXGEWorkingDir/832507FF48D3F77F0EB569A46D0ADF3B/259-xge.out" 4117
"C:/Users/Reilly/AppData/Local/Temp/UnrealXGEWorkingDir/832507FF48D3F77F0EB569A46D0ADF3B/267-xge.out" 4118
"C:/Users/Reilly/AppData/Local/Temp/UnrealXGEWorkingDir/832507FF48D3F77F0EB569A46D0ADF3B/263-xge.out" 4119
"C:/Users/Reilly/AppData/Local/Temp/UnrealXGEWorkingDir/832507FF48D3F77F0EB569A46D0ADF3B/258-xge.out" 4120
"C:/Users/Reilly/AppData/Local/Temp/UnrealXGEWorkingDir/832507FF48D3F77F0EB569A46D0ADF3B/268-xge.out" 4121
"C:/Users/Reilly/AppData/Local/Temp/UnrealXGEWorkingDir/832507FF48D3F77F0EB569A46D0ADF3B/262-xge.out" 4122
"C:/Users/Reilly/AppData/Local/Temp/UnrealXGEWorkingDir/832507FF48D3F77F0EB569A46D0ADF3B/266-xge.out" 4123
"C:/Users/Reilly/AppData/Local/Temp/UnrealXGEWorkingDir/832507FF48D3F77F0EB569A46D0ADF3B/260-xge.out" 4124
"C:/Users/Reilly/AppData/Local/Temp/UnrealXGEWorkingDir/832507FF48D3F77F0EB569A46D0ADF3B/261-xge.out" 4125
"C:/Users/Reilly/AppData/Local/Temp/UnrealXGEWorkingDir/832507FF48D3F77F0EB569A46D0ADF3B/264-xge.out" 4126
"C:/Users/Reilly/AppData/Local/Temp/UnrealXGEWorkingDir/832507FF48D3F77F0EB569A46D0ADF3B/265-xge.out" 4127
"C:/Users/Reilly/AppData/Local/Temp/UnrealXGEWorkingDir/832507FF48D3F77F0EB569A46D0ADF3B/270-xge.out" 4128
"C:/Users/Reilly/AppData/Local/Temp/UnrealXGEWorkingDir/832507FF48D3F77F0EB569A46D0ADF3B/269-xge.out" 4129
"C:/Users/Reilly/AppData/Local/Temp/UnrealXGEWorkingDir/832507FF48D3F77F0EB569A46D0ADF3B/272-xge.out" 4130
"C:/Users/Reilly/AppData/Local/Temp/UnrealXGEWorkingDir/832507FF48D3F77F0EB569A46D0ADF3B/271-xge.out" 4131
"C:/Users/Reilly/AppData/Local/Temp/UnrealXGEWorkingDir/832507FF48D3F77F0EB569A46D0ADF3B/275-xge.out" 4132
"C:/Users/Reilly/AppData/Local/Temp/UnrealXGEWorkingDir/832507FF48D3F77F0EB569A46D0ADF3B/277-xge.out" 4133
"C:/Users/Reilly/AppData/Local/Temp/UnrealXGEWorkingDir/832507FF48D3F77F0EB569A46D0ADF3B/278-xge.out" 4134
"C:/Users/Reilly/AppData/Local/Temp/UnrealXGEWorkingDir/832507FF48D3F77F0EB569A46D0ADF3B/274-xge.out" 4135
"C:/Users/Reilly/AppData/Local/Temp/UnrealXGEWorkingDir/832507FF48D3F77F0EB569A46D0ADF3B/273-xge.out" 4136
"C:/Users/Reilly/AppData/Local/Temp/UnrealXGEWorkingDir/832507FF48D3F77F0EB569A46D0ADF3B/282-xge.out" 4137
"C:/Users/Reilly/AppData/Local/Temp/UnrealXGEWorkingDir/832507FF48D3F77F0EB569A46D0ADF3B/279-xge.out" 4138
"C:/Users/Reilly/AppData/Local/Temp/UnrealXGEWorkingDir/832507FF48D3F77F0EB569A46D0ADF3B/284-xge.out" 4139
"C:/Users/Reilly/AppData/Local/Temp/UnrealXGEWorkingDir/832507FF48D3F77F0EB569A46D0ADF3B/285-xge.out" 4140
"C:/Users/Reilly/AppData/Local/Temp/UnrealXGEWorkingDir/832507FF48D3F77F0EB569A46D0ADF3B/281-xge.out" 4141
"C:/Users/Reilly/AppData/Local/Temp/UnrealXGEWorkingDir/832507FF48D3F77F0EB569A46D0ADF3B/280-xge.out" 4142
"C:/Users/Reilly/AppData/Local/Temp/UnrealXGEWorkingDir/832507FF48D3F77F0EB569A46D0ADF3B/283-xge.out" 4143
"C:/Users/Reilly/AppData/Local/Temp/UnrealXGEWorkingDir/832507FF48D3F77F0EB569A46D0ADF3B/276-xge.out" 4144
"C:/Users/Reilly/AppData/Local/Temp/UnrealXGEWorkingDir/832507FF48D3F77F0EB569A46D0ADF3B/286-xge.out" 4145
"C:/Users/Reilly/AppData/Local/Temp/UnrealXGEWorkingDir/832507FF48D3F77F0EB569A46D0ADF3B/287-xge.out" 4146
"C:/Users/Reilly/AppData/Local/Temp/UnrealXGEWorkingDir/832507FF48D3F77F0EB569A46D0ADF3B/288-xge.out" 4147
"C:/Users/Reilly/AppData/Local/Temp/UnrealXGEWorkingDir/832507FF48D3F77F0EB569A46D0ADF3B/289-xge.out" 4148
"C:/Users/Reilly/AppData/Local/Temp/UnrealXGEWorkingDir/832507FF48D3F77F0EB569A46D0ADF3B/291-xge.out" 4149
"C:/Users/Reilly/AppData/Local/Temp/UnrealXGEWorkingDir/832507FF48D3F77F0EB569A46D0ADF3B/290-xge.out" 4150
"C:/Users/Reilly/AppData/Local/Temp/UnrealXGEWorkingDir/832507FF48D3F77F0EB569A46D0ADF3B/292-xge.out" 4151
"C:/Users/Reilly/AppData/Local/Temp/UnrealXGEWorkingDir/832507FF48D3F77F0EB569A46D0ADF3B/293-xge.out" 4152
"C:/Users/Reilly/AppData/Local/Temp/UnrealXGEWorkingDir/832507FF48D3F77F0EB569A46D0ADF3B/295-xge.out" 4153
"C:/Users/Reilly/AppData/Local/Temp/UnrealXGEWorkingDir/832507FF48D3F77F0EB569A46D0ADF3B/297-xge.out" 4154
"C:/Users/Reilly/AppData/Local/Temp/UnrealXGEWorkingDir/832507FF48D3F77F0EB569A46D0ADF3B/298-xge.out" 4155
"C:/Users/Reilly/AppData/Local/Temp/UnrealXGEWorkingDir/832507FF48D3F77F0EB569A46D0ADF3B/299-xge.out" 4156
"C:/Users/Reilly/AppData/Local/Temp/UnrealXGEWorkingDir/832507FF48D3F77F0EB569A46D0ADF3B/300-xge.out" 4157
"C:/Users/Reilly/AppData/Local/Temp/UnrealXGEWorkingDir/832507FF48D3F77F0EB569A46D0ADF3B/294-xge.out" 4158
"C:/Users/Reilly/AppData/Local/Temp/UnrealXGEWorkingDir/832507FF48D3F77F0EB569A46D0ADF3B/296-xge.out" 4159
"C:/Users/Reilly/AppData/Local/Temp/UnrealXGEWorkingDir/832507FF48D3F77F0EB569A46D0ADF3B/301-xge.out" 4160
"C:/Users/Reilly/AppData/Local/Temp/UnrealXGEWorkingDir/832507FF48D3F77F0EB569A46D0ADF3B/302-xge.out" 4161
"C:/Users/Reilly/AppData/Local/Temp/UnrealXGEWorkingDir/832507FF48D3F77F0EB569A46D0ADF3B/303-xge.out" 4162
"C:/Users/Reilly/AppData/Local/Temp/UnrealXGEWorkingDir/832507FF48D3F77F0EB569A46D0ADF3B/305-xge.out" 4163
"C:/Users/Reilly/AppData/Local/Temp/UnrealXGEWorkingDir/832507FF48D3F77F0EB569A46D0ADF3B/304-xge.out" 4164
"C:/Users/Reilly/AppData/Local/Temp/UnrealXGEWorkingDir/832507FF48D3F77F0EB569A46D0ADF3B/307-xge.out" 4165
"C:/Users/Reilly/AppData/Local/Temp/UnrealXGEWorkingDir/832507FF48D3F77F0EB569A46D0ADF3B/306-xge.out" 4166
"C:/Users/Reilly/AppData/Local/Temp/UnrealXGEWorkingDir/832507FF48D3F77F0EB569A46D0ADF3B/308-xge.out" 4167
"C:/Users/Reilly/AppData/Local/Temp/UnrealXGEWorkingDir/832507FF48D3F77F0EB569A46D0ADF3B/314-xge.out" 4168
"C:/Users/Reilly/AppData/Local/Temp/UnrealXGEWorkingDir/832507FF48D3F77F0EB569A46D0ADF3B/311-xge.out" 4169
"C:/Users/Reilly/AppData/Local/Temp/UnrealXGEWorkingDir/832507FF48D3F77F0EB569A46D0ADF3B/312-xge.out" 4170
"C:/Users/Reilly/AppData/Local/Temp/UnrealXGEWorkingDir/832507FF48D3F77F0EB569A46D0ADF3B/309-xge.out" 4171
"C:/Users/Reilly/AppData/Local/Temp/UnrealXGEWorkingDir/832507FF48D3F77F0EB569A46D0ADF3B/310-xge.out" 4172
"C:/Users/Reilly/AppData/Local/Temp/UnrealXGEWorkingDir/832507FF48D3F77F0EB569A46D0ADF3B/315-xge.out" 4173
"C:/Users/Reilly/AppData/Local/Temp/UnrealXGEWorkingDir/832507FF48D3F77F0EB569A46D0ADF3B/313-xge.out" 4174
"C:/Users/Reilly/AppData/Local/Temp/UnrealXGEWorkingDir/832507FF48D3F77F0EB569A46D0ADF3B/316-xge.out" 4175
"C:/Users/Reilly/AppData/Local/Temp/UnrealXGEWorkingDir/832507FF48D3F77F0EB569A46D0ADF3B/319-xge.out" 4176
"C:/Users/Reilly/AppData/Local/Temp/UnrealXGEWorkingDir/832507FF48D3F77F0EB569A46D0ADF3B/322-xge.out" 4177
"C:/Users/Reilly/AppData/Local/Temp/UnrealXGEWorkingDir/832507FF48D3F77F0EB569A46D0ADF3B/320-xge.out" 4178
"C:/Users/Reilly/AppData/Local/Temp/UnrealXGEWorkingDir/832507FF48D3F77F0EB569A46D0ADF3B/318-xge.out" 4179
"C:/Users/Reilly/AppData/Local/Temp/UnrealXGEWorkingDir/832507FF48D3F77F0EB569A46D0ADF3B/321-xge.out" 4180
"C:/Users/Reilly/AppData/Local/Temp/UnrealXGEWorkingDir/832507FF48D3F77F0EB569A46D0ADF3B/323-xge.out" 4181
"C:/Users/Reilly/AppData/Local/Temp/UnrealXGEWorkingDir/832507FF48D3F77F0EB569A46D0ADF3B/326-xge.out" 4182
"C:/Users/Reilly/AppData/Local/Temp/UnrealXGEWorkingDir/832507FF48D3F77F0EB569A46D0ADF3B/324-xge.out" 4183
"C:/Users/Reilly/AppData/Local/Temp/UnrealXGEWorkingDir/832507FF48D3F77F0EB569A46D0ADF3B/325-xge.out" 4184
"C:/Users/Reilly/AppData/Local/Temp/UnrealXGEWorkingDir/832507FF48D3F77F0EB569A46D0ADF3B/317-xge.out" 4185
"C:/Users/Reilly/AppData/Local/Temp/UnrealXGEWorkingDir/832507FF48D3F77F0EB569A46D0ADF3B/327-xge.out" 4186
"C:/Users/Reilly/AppData/Local/Temp/UnrealXGEWorkingDir/832507FF48D3F77F0EB569A46D0ADF3B/328-xge.out" 4187
"C:/Users/Reilly/AppData/Local/Temp/UnrealXGEWorkingDir/832507FF48D3F77F0EB569A46D0ADF3B/331-xge.out" 4188
"C:/Users/Reilly/AppData/Local/Temp/UnrealXGEWorkingDir/832507FF48D3F77F0EB569A46D0ADF3B/332-xge.out" 4189
"C:/Users/Reilly/AppData/Local/Temp/UnrealXGEWorkingDir/832507FF48D3F77F0EB569A46D0ADF3B/336-xge.out" 4190
"C:/Users/Reilly/AppData/Local/Temp/UnrealXGEWorkingDir/832507FF48D3F77F0EB569A46D0ADF3B/335-xge.out" 4191
"C:/Users/Reilly/AppData/Local/Temp/UnrealXGEWorkingDir/832507FF48D3F77F0EB569A46D0ADF3B/334-xge.out" 4192
"C:/Users/Reilly/AppData/Local/Temp/UnrealXGEWorkingDir/832507FF48D3F77F0EB569A46D0ADF3B/340-xge.out" 4193
"C:/Users/Reilly/AppData/Local/Temp/UnrealXGEWorkingDir/832507FF48D3F77F0EB569A46D0ADF3B/337-xge.out" 4194
"C:/Users/Reilly/AppData/Local/Temp/UnrealXGEWorkingDir/832507FF48D3F77F0EB569A46D0ADF3B/341-xge.out" 4195
"C:/Users/Reilly/AppData/Local/Temp/UnrealXGEWorkingDir/832507FF48D3F77F0EB569A46D0ADF3B/330-xge.out" 4196
"C:/Users/Reilly/AppData/Local/Temp/UnrealXGEWorkingDir/832507FF48D3F77F0EB569A46D0ADF3B/343-xge.out" 4197
"C:/Users/Reilly/AppData/Local/Temp/UnrealXGEWorkingDir/832507FF48D3F77F0EB569A46D0ADF3B/345-xge.out" 4198
"C:/Users/Reilly/AppData/Local/Temp/UnrealXGEWorkingDir/832507FF48D3F77F0EB569A46D0ADF3B/344-xge.out" 4199
"C:/Users/Reilly/AppData/Local/Temp/UnrealXGEWorkingDir/832507FF48D3F77F0EB569A46D0ADF3B/347-xge.out" 4200
"C:/Users/Reilly/AppData/Local/Temp/UnrealXGEWorkingDir/832507FF48D3F77F0EB569A46D0ADF3B/346-xge.out" 4201
"C:/Users/Reilly/AppData/Local/Temp/UnrealXGEWorkingDir/832507FF48D3F77F0EB569A46D0ADF3B/348-xge.out" 4202
"C:/Users/Reilly/AppData/Local/Temp/UnrealXGEWorkingDir/832507FF48D3F77F0EB569A46D0ADF3B/349-xge.out" 4203
"C:/Users/Reilly/AppData/Local/Temp/UnrealXGEWorkingDir/832507FF48D3F77F0EB569A46D0ADF3B/350-xge.out" 4204
"C:/Users/Reilly/AppData/Local/Temp/UnrealXGEWorkingDir/832507FF48D3F77F0EB569A46D0ADF3B/351-xge.out" 4205
"C:/Users/Reilly/AppData/Local/Temp/UnrealXGEWorkingDir/832507FF48D3F77F0EB569A46D0ADF3B/352-xge.out" 4206
"C:/Users/Reilly/AppData/Local/Temp/UnrealXGEWorkingDir/832507FF48D3F77F0EB569A46D0ADF3B/353-xge.out" 4207
"C:/Users/Reilly/AppData/Local/Temp/UnrealXGEWorkingDir/832507FF48D3F77F0EB569A46D0ADF3B/354-xge.out" 4208
"C:/Users/Reilly/AppData/Local/Temp/UnrealXGEWorkingDir/832507FF48D3F77F0EB569A46D0ADF3B/355-xge.out" 4209
"C:/Users/Reilly/AppData/Local/Temp/UnrealXGEWorkingDir/832507FF48D3F77F0EB569A46D0ADF3B/356-xge.out" 4210
"C:/Users/Reilly/AppData/Local/Temp/UnrealXGEWorkingDir/832507FF48D3F77F0EB569A46D0ADF3B/339-xge.out" 4211
"C:/Users/Reilly/AppData/Local/Temp/UnrealXGEWorkingDir/832507FF48D3F77F0EB569A46D0ADF3B/357-xge.out" 4212
"C:/Users/Reilly/AppData/Local/Temp/UnrealXGEWorkingDir/832507FF48D3F77F0EB569A46D0ADF3B/329-xge.out" 4213
"C:/Users/Reilly/AppData/Local/Temp/UnrealXGEWorkingDir/832507FF48D3F77F0EB569A46D0ADF3B/361-xge.out" 4214
"C:/Users/Reilly/AppData/Local/Temp/UnrealXGEWorkingDir/832507FF48D3F77F0EB569A46D0ADF3B/362-xge.out" 4215
"C:/Users/Reilly/AppData/Local/Temp/UnrealXGEWorkingDir/832507FF48D3F77F0EB569A46D0ADF3B/364-xge.out" 4216
"C:/Users/Reilly/AppData/Local/Temp/UnrealXGEWorkingDir/832507FF48D3F77F0EB569A46D0ADF3B/358-xge.out" 4217
"C:/Users/Reilly/AppData/Local/Temp/UnrealXGEWorkingDir/832507FF48D3F77F0EB569A46D0ADF3B/360-xge.out" 4218
"C:/Users/Reilly/AppData/Local/Temp/UnrealXGEWorkingDir/832507FF48D3F77F0EB569A46D0ADF3B/359-xge.out" 4219
"C:/Users/Reilly/AppData/Local/Temp/UnrealXGEWorkingDir/832507FF48D3F77F0EB569A46D0ADF3B/363-xge.out" 4220
"C:/Users/Reilly/AppData/Local/Temp/UnrealXGEWorkingDir/832507FF48D3F77F0EB569A46D0ADF3B/365-xge.out" 4221
"C:/Users/Reilly/AppData/Local/Temp/UnrealXGEWorkingDir/832507FF48D3F77F0EB569A46D0ADF3B/338-xge.out" 4222
"C:/Users/Reilly/AppData/Local/Temp/UnrealXGEWorkingDir/832507FF48D3F77F0EB569A46D0ADF3B/366-xge.out" 4223
"C:/Users/Reilly/AppData/Local/Temp/UnrealXGEWorkingDir/832507FF48D3F77F0EB569A46D0ADF3B/333-xge.out" 4224
"C:/Users/Reilly/AppData/Local/Temp/UnrealXGEWorkingDir/832507FF48D3F77F0EB569A46D0ADF3B/368-xge.out" 4225
"C:/Users/Reilly/AppData/Local/Temp/UnrealXGEWorkingDir/832507FF48D3F77F0EB569A46D0ADF3B/370-xge.out" 4226
"C:/Users/Reilly/AppData/Local/Temp/UnrealXGEWorkingDir/832507FF48D3F77F0EB569A46D0ADF3B/367-xge.out" 4227
"C:/Users/Reilly/AppData/Local/Temp/UnrealXGEWorkingDir/832507FF48D3F77F0EB569A46D0ADF3B/369-xge.out" 4228
"C:/Users/Reilly/AppData/Local/Temp/UnrealXGEWorkingDir/832507FF48D3F77F0EB569A46D0ADF3B/371-xge.out" 4229
"C:/Users/Reilly/AppData/Local/Temp/UnrealXGEWorkingDir/832507FF48D3F77F0EB569A46D0ADF3B/372-xge.out" 4230
"C:/Users/Reilly/AppData/Local/Temp/UnrealXGEWorkingDir/832507FF48D3F77F0EB569A46D0ADF3B/374-xge.out" 4231
"C:/Users/Reilly/AppData/Local/Temp/UnrealXGEWorkingDir/832507FF48D3F77F0EB569A46D0ADF3B/373-xge.out" 4232
"C:/Users/Reilly/AppData/Local/Temp/UnrealXGEWorkingDir/832507FF48D3F77F0EB569A46D0ADF3B/375-xge.out" 4233
"C:/Users/Reilly/AppData/Local/Temp/UnrealXGEWorkingDir/832507FF48D3F77F0EB569A46D0ADF3B/376-xge.out" 4234
"C:/Users/Reilly/AppData/Local/Temp/UnrealXGEWorkingDir/832507FF48D3F77F0EB569A46D0ADF3B/377-xge.out" 4235
"C:/Users/Reilly/AppData/Local/Temp/UnrealXGEWorkingDir/832507FF48D3F77F0EB569A46D0ADF3B/378-xge.out" 4236
"C:/Users/Reilly/AppData/Local/Temp/UnrealXGEWorkingDir/832507FF48D3F77F0EB569A46D0ADF3B/379-xge.out" 4237
"C:/Users/Reilly/AppData/Local/Temp/UnrealXGEWorkingDir/832507FF48D3F77F0EB569A46D0ADF3B/380-xge.out" 4238
"C:/Users/Reilly/AppData/Local/Temp/UnrealXGEWorkingDir/832507FF48D3F77F0EB569A46D0ADF3B/342-xge.out" 4239
"C:/Users/Reilly/AppData/Local/Temp/UnrealXGEWorkingDir/832507FF48D3F77F0EB569A46D0ADF3B/381-xge.out" 4240
"C:/Users/Reilly/AppData/Local/Temp/UnrealXGEWorkingDir/832507FF48D3F77F0EB569A46D0ADF3B/383-xge.out" 4241
"C:/Users/Reilly/AppData/Local/Temp/UnrealXGEWorkingDir/832507FF48D3F77F0EB569A46D0ADF3B/382-xge.out" 4242
"C:/Users/Reilly/AppData/Local/Temp/UnrealXGEWorkingDir/832507FF48D3F77F0EB569A46D0ADF3B/385-xge.out" 4243
"C:/Users/Reilly/AppData/Local/Temp/UnrealXGEWorkingDir/832507FF48D3F77F0EB569A46D0ADF3B/384-xge.out" 4244
"C:/Users/Reilly/AppData/Local/Temp/UnrealXGEWorkingDir/832507FF48D3F77F0EB569A46D0ADF3B/386-xge.out" 4245
"C:/Users/Reilly/AppData/Local/Temp/UnrealXGEWorkingDir/832507FF48D3F77F0EB569A46D0ADF3B/387-xge.out" 4246
"C:/Users/Reilly/AppData/Local/Temp/UnrealXGEWorkingDir/832507FF48D3F77F0EB569A46D0ADF3B/388-xge.out" 4247
"C:/Users/Reilly/AppData/Local/Temp/UnrealXGEWorkingDir/832507FF48D3F77F0EB569A46D0ADF3B/389-xge.out" 4248
"C:/Users/Reilly/AppData/Local/Temp/UnrealXGEWorkingDir/832507FF48D3F77F0EB569A46D0ADF3B/391-xge.out" 4249
"C:/Users/Reilly/AppData/Local/Temp/UnrealXGEWorkingDir/832507FF48D3F77F0EB569A46D0ADF3B/393-xge.out" 4250
"C:/Users/Reilly/AppData/Local/Temp/UnrealXGEWorkingDir/832507FF48D3F77F0EB569A46D0ADF3B/394-xge.out" 4251
"C:/Users/Reilly/AppData/Local/Temp/UnrealXGEWorkingDir/832507FF48D3F77F0EB569A46D0ADF3B/390-xge.out" 4252
"C:/Users/Reilly/AppData/Local/Temp/UnrealXGEWorkingDir/832507FF48D3F77F0EB569A46D0ADF3B/392-xge.out" 4253
"C:/Users/Reilly/AppData/Local/Temp/UnrealXGEWorkingDir/832507FF48D3F77F0EB569A46D0ADF3B/395-xge.out" 4254
"C:/Users/Reilly/AppData/Local/Temp/UnrealXGEWorkingDir/832507FF48D3F77F0EB569A46D0ADF3B/396-xge.out" 4255
"C:/Users/Reilly/AppData/Local/Temp/UnrealXGEWorkingDir/832507FF48D3F77F0EB569A46D0ADF3B/397-xge.out" 4256
"C:/Users/Reilly/AppData/Local/Temp/UnrealXGEWorkingDir/832507FF48D3F77F0EB569A46D0ADF3B/398-xge.out" 4257
"C:/Users/Reilly/AppData/Local/Temp/UnrealXGEWorkingDir/832507FF48D3F77F0EB569A46D0ADF3B/399-xge.out" 4258
"C:/Users/Reilly/AppData/Local/Temp/UnrealXGEWorkingDir/832507FF48D3F77F0EB569A46D0ADF3B/400-xge.out" 4259
"C:/Users/Reilly/AppData/Local/Temp/UnrealXGEWorkingDir/832507FF48D3F77F0EB569A46D0ADF3B/406-xge.out" 4260
"C:/Users/Reilly/AppData/Local/Temp/UnrealXGEWorkingDir/832507FF48D3F77F0EB569A46D0ADF3B/408-xge.out" 4261
"C:/Users/Reilly/AppData/Local/Temp/UnrealXGEWorkingDir/832507FF48D3F77F0EB569A46D0ADF3B/410-xge.out" 4262
"C:/Users/Reilly/AppData/Local/Temp/UnrealXGEWorkingDir/832507FF48D3F77F0EB569A46D0ADF3B/405-xge.out" 4263
"C:/Users/Reilly/AppData/Local/Temp/UnrealXGEWorkingDir/832507FF48D3F77F0EB569A46D0ADF3B/407-xge.out" 4264
"C:/Users/Reilly/AppData/Local/Temp/UnrealXGEWorkingDir/832507FF48D3F77F0EB569A46D0ADF3B/409-xge.out" 4265
"C:/Users/Reilly/AppData/Local/Temp/UnrealXGEWorkingDir/832507FF48D3F77F0EB569A46D0ADF3B/411-xge.out" 4266
"C:/Users/Reilly/AppData/Local/Temp/UnrealXGEWorkingDir/832507FF48D3F77F0EB569A46D0ADF3B/401-xge.out" 4267
"C:/Users/Reilly/AppData/Local/Temp/UnrealXGEWorkingDir/832507FF48D3F77F0EB569A46D0ADF3B/404-xge.out" 4268
"C:/Users/Reilly/AppData/Local/Temp/UnrealXGEWorkingDir/832507FF48D3F77F0EB569A46D0ADF3B/402-xge.out" 4269
"C:/Users/Reilly/AppData/Local/Temp/UnrealXGEWorkingDir/832507FF48D3F77F0EB569A46D0ADF3B/412-xge.out" 4270
"C:/Users/Reilly/AppData/Local/Temp/UnrealXGEWorkingDir/832507FF48D3F77F0EB569A46D0ADF3B/403-xge.out" 4271
"C:/Users/Reilly/AppData/Local/Temp/UnrealXGEWorkingDir/832507FF48D3F77F0EB569A46D0ADF3B/413-xge.out" 4272
"C:/Users/Reilly/AppData/Local/Temp/UnrealXGEWorkingDir/832507FF48D3F77F0EB569A46D0ADF3B/414-xge.out" 4273
"C:/Users/Reilly/AppData/Local/Temp/UnrealXGEWorkingDir/832507FF48D3F77F0EB569A46D0ADF3B/415-xge.out" 4274
"C:/Users/Reilly/AppData/Local/Temp/UnrealXGEWorkingDir/832507FF48D3F77F0EB569A46D0ADF3B/417-xge.out" 4275
"C:/Users/Reilly/AppData/Local/Temp/UnrealXGEWorkingDir/832507FF48D3F77F0EB569A46D0ADF3B/418-xge.out" 4276
"C:/Users/Reilly/AppData/Local/Temp/UnrealXGEWorkingDir/832507FF48D3F77F0EB569A46D0ADF3B/423-xge.out" 4277
"C:/Users/Reilly/AppData/Local/Temp/UnrealXGEWorkingDir/832507FF48D3F77F0EB569A46D0ADF3B/424-xge.out" 4278
"C:/Users/Reilly/AppData/Local/Temp/UnrealXGEWorkingDir/832507FF48D3F77F0EB569A46D0ADF3B/421-xge.out" 4279
"C:/Users/Reilly/AppData/Local/Temp/UnrealXGEWorkingDir/832507FF48D3F77F0EB569A46D0ADF3B/419-xge.out" 4280
"C:/Users/Reilly/AppData/Local/Temp/UnrealXGEWorkingDir/832507FF48D3F77F0EB569A46D0ADF3B/422-xge.out" 4281
"C:/Users/Reilly/AppData/Local/Temp/UnrealXGEWorkingDir/832507FF48D3F77F0EB569A46D0ADF3B/420-xge.out" 4282
"C:/Users/Reilly/AppData/Local/Temp/UnrealXGEWorkingDir/832507FF48D3F77F0EB569A46D0ADF3B/426-xge.out" 4283
"C:/Users/Reilly/AppData/Local/Temp/UnrealXGEWorkingDir/832507FF48D3F77F0EB569A46D0ADF3B/416-xge.out" 4284
"C:/Users/Reilly/AppData/Local/Temp/UnrealXGEWorkingDir/832507FF48D3F77F0EB569A46D0ADF3B/425-xge.out" 4285
"C:/Users/Reilly/AppData/Local/Temp/UnrealXGEWorkingDir/832507FF48D3F77F0EB569A46D0ADF3B/436-xge.out" 4286
"C:/Users/Reilly/AppData/Local/Temp/UnrealXGEWorkingDir/832507FF48D3F77F0EB569A46D0ADF3B/437-xge.out" 4287
"C:/Users/Reilly/AppData/Local/Temp/UnrealXGEWorkingDir/832507FF48D3F77F0EB569A46D0ADF3B/438-xge.out" 4288
"C:/Users/Reilly/AppData/Local/Temp/UnrealXGEWorkingDir/832507FF48D3F77F0EB569A46D0ADF3B/429-xge.out" 4289
"C:/Users/Reilly/AppData/Local/Temp/UnrealXGEWorkingDir/832507FF48D3F77F0EB569A46D0ADF3B/435-xge.out" 4290
"C:/Users/Reilly/AppData/Local/Temp/UnrealXGEWorkingDir/832507FF48D3F77F0EB569A46D0ADF3B/428-xge.out" 4291
"C:/Users/Reilly/AppData/Local/Temp/UnrealXGEWorkingDir/832507FF48D3F77F0EB569A46D0ADF3B/430-xge.out" 4292
"C:/Users/Reilly/AppData/Local/Temp/UnrealXGEWorkingDir/832507FF48D3F77F0EB569A46D0ADF3B/431-xge.out" 4293
"C:/Users/Reilly/AppData/Local/Temp/UnrealXGEWorkingDir/832507FF48D3F77F0EB569A46D0ADF3B/432-xge.out" 4294
"C:/Users/Reilly/AppData/Local/Temp/UnrealXGEWorkingDir/832507FF48D3F77F0EB569A46D0ADF3B/434-xge.out" 4295
"C:/Users/Reilly/AppData/Local/Temp/UnrealXGEWorkingDir/832507FF48D3F77F0EB569A46D0ADF3B/427-xge.out" 4296
"C:/Users/Reilly/AppData/Local/Temp/UnrealXGEWorkingDir/832507FF48D3F77F0EB569A46D0ADF3B/433-xge.out" 4297
"C:/Users/Reilly/AppData/Local/Temp/UnrealXGEWorkingDir/832507FF48D3F77F0EB569A46D0ADF3B/439-xge.out" 4298
"C:/Users/Reilly/AppData/Local/Temp/UnrealXGEWorkingDir/832507FF48D3F77F0EB569A46D0ADF3B/442-xge.out" 4299
"C:/Users/Reilly/AppData/Local/Temp/UnrealXGEWorkingDir/832507FF48D3F77F0EB569A46D0ADF3B/441-xge.out" 4300
"C:/Users/Reilly/AppData/Local/Temp/UnrealXGEWorkingDir/832507FF48D3F77F0EB569A46D0ADF3B/440-xge.out" 4301
"C:/Users/Reilly/AppData/Local/Temp/UnrealXGEWorkingDir/832507FF48D3F77F0EB569A46D0ADF3B/443-xge.out" 4302
"C:/Users/Reilly/AppData/Local/Temp/UnrealXGEWorkingDir/832507FF48D3F77F0EB569A46D0ADF3B/450-xge.out" 4303
"C:/Users/Reilly/AppData/Local/Temp/UnrealXGEWorkingDir/832507FF48D3F77F0EB569A46D0ADF3B/449-xge.out" 4304
"C:/Users/Reilly/AppData/Local/Temp/UnrealXGEWorkingDir/832507FF48D3F77F0EB569A46D0ADF3B/444-xge.out" 4305
"C:/Users/Reilly/AppData/Local/Temp/UnrealXGEWorkingDir/832507FF48D3F77F0EB569A46D0ADF3B/445-xge.out" 4306
"C:/Users/Reilly/AppData/Local/Temp/UnrealXGEWorkingDir/832507FF48D3F77F0EB569A46D0ADF3B/448-xge.out" 4307
"C:/Users/Reilly/AppData/Local/Temp/UnrealXGEWorkingDir/832507FF48D3F77F0EB569A46D0ADF3B/447-xge.out" 4308
"C:/Users/Reilly/AppData/Local/Temp/UnrealXGEWorkingDir/832507FF48D3F77F0EB569A46D0ADF3B/452-xge.out" 4309
"C:/Users/Reilly/AppData/Local/Temp/UnrealXGEWorkingDir/832507FF48D3F77F0EB569A46D0ADF3B/446-xge.out" 4310
"C:/Users/Reilly/AppData/Local/Temp/UnrealXGEWorkingDir/832507FF48D3F77F0EB569A46D0ADF3B/451-xge.out" 4311
"C:/Users/Reilly/AppData/Local/Temp/UnrealXGEWorkingDir/832507FF48D3F77F0EB569A46D0ADF3B/454-xge.out" 4312
"C:/Users/Reilly/AppData/Local/Temp/UnrealXGEWorkingDir/832507FF48D3F77F0EB569A46D0ADF3B/455-xge.out" 4313
"C:/Users/Reilly/AppData/Local/Temp/UnrealXGEWorkingDir/832507FF48D3F77F0EB569A46D0ADF3B/453-xge.out" 4314
"C:/Users/Reilly/AppData/Local/Temp/UnrealXGEWorkingDir/832507FF48D3F77F0EB569A46D0ADF3B/457-xge.out" 4315
"C:/Users/Reilly/AppData/Local/Temp/UnrealXGEWorkingDir/832507FF48D3F77F0EB569A46D0ADF3B/456-xge.out" 4316
"C:/Users/Reilly/AppData/Local/Temp/UnrealXGEWorkingDir/832507FF48D3F77F0EB569A46D0ADF3B/458-xge.out" 4317
"C:/Users/Reilly/AppData/Local/Temp/UnrealXGEWorkingDir/832507FF48D3F77F0EB569A46D0ADF3B/459-xge.out" 4318
"C:/Users/Reilly/AppData/Local/Temp/UnrealXGEWorkingDir/832507FF48D3F77F0EB569A46D0ADF3B/460-xge.out" 4319
"C:/Users/Reilly/AppData/Local/Temp/UnrealXGEWorkingDir/832507FF48D3F77F0EB569A46D0ADF3B/461-xge.out" 4320
"C:/Users/Reilly/AppData/Local/Temp/UnrealXGEWorkingDir/832507FF48D3F77F0EB569A46D0ADF3B/463-xge.out" 4321
"C:/Users/Reilly/AppData/Local/Temp/UnrealXGEWorkingDir/832507FF48D3F77F0EB569A46D0ADF3B/465-xge.out" 4322
"C:/Users/Reilly/AppData/Local/Temp/UnrealXGEWorkingDir/832507FF48D3F77F0EB569A46D0ADF3B/471-xge.out" 4323
"C:/Users/Reilly/AppData/Local/Temp/UnrealXGEWorkingDir/832507FF48D3F77F0EB569A46D0ADF3B/462-xge.out" 4324
"C:/Users/Reilly/AppData/Local/Temp/UnrealXGEWorkingDir/832507FF48D3F77F0EB569A46D0ADF3B/467-xge.out" 4325
"C:/Users/Reilly/AppData/Local/Temp/UnrealXGEWorkingDir/832507FF48D3F77F0EB569A46D0ADF3B/464-xge.out" 4326
"C:/Users/Reilly/AppData/Local/Temp/UnrealXGEWorkingDir/832507FF48D3F77F0EB569A46D0ADF3B/468-xge.out" 4327
"C:/Users/Reilly/AppData/Local/Temp/UnrealXGEWorkingDir/832507FF48D3F77F0EB569A46D0ADF3B/470-xge.out" 4328
"C:/Users/Reilly/AppData/Local/Temp/UnrealXGEWorkingDir/832507FF48D3F77F0EB569A46D0ADF3B/469-xge.out" 4329
"C:/Users/Reilly/AppData/Local/Temp/UnrealXGEWorkingDir/832507FF48D3F77F0EB569A46D0ADF3B/466-xge.out" 4330
"C:/Users/Reilly/AppData/Local/Temp/UnrealXGEWorkingDir/832507FF48D3F77F0EB569A46D0ADF3B/472-xge.out" 4331
"C:/Users/Reilly/AppData/Local/Temp/UnrealXGEWorkingDir/832507FF48D3F77F0EB569A46D0ADF3B/473-xge.out" 4332
"C:/Users/Reilly/AppData/Local/Temp/UnrealXGEWorkingDir/832507FF48D3F77F0EB569A46D0ADF3B/474-xge.out" 4333
"C:/Users/Reilly/AppData/Local/Temp/UnrealXGEWorkingDir/832507FF48D3F77F0EB569A46D0ADF3B/475-xge.out" 4334
"C:/Users/Reilly/AppData/Local/Temp/UnrealXGEWorkingDir/832507FF48D3F77F0EB569A46D0ADF3B/476-xge.out" 4335
"C:/Users/Reilly/AppData/Local/Temp/UnrealXGEWorkingDir/832507FF48D3F77F0EB569A46D0ADF3B/477-xge.out" 4336
"C:/Users/Reilly/AppData/Local/Temp/UnrealXGEWorkingDir/832507FF48D3F77F0EB569A46D0ADF3B/478-xge.out" 4337
"C:/Users/Reilly/AppData/Local/Temp/UnrealXGEWorkingDir/832507FF48D3F77F0EB569A46D0ADF3B/479-xge.out" 4338
"C:/Users/Reilly/AppData/Local/Temp/UnrealXGEWorkingDir/832507FF48D3F77F0EB569A46D0ADF3B/485-xge.out" 4339
"C:/Users/Reilly/AppData/Local/Temp/UnrealXGEWorkingDir/832507FF48D3F77F0EB569A46D0ADF3B/481-xge.out" 4340
"C:/Users/Reilly/AppData/Local/Temp/UnrealXGEWorkingDir/832507FF48D3F77F0EB569A46D0ADF3B/483-xge.out" 4341
"C:/Users/Reilly/AppData/Local/Temp/UnrealXGEWorkingDir/832507FF48D3F77F0EB569A46D0ADF3B/482-xge.out" 4342
"C:/Users/Reilly/AppData/Local/Temp/UnrealXGEWorkingDir/832507FF48D3F77F0EB569A46D0ADF3B/480-xge.out" 4343
"C:/Users/Reilly/AppData/Local/Temp/UnrealXGEWorkingDir/832507FF48D3F77F0EB569A46D0ADF3B/484-xge.out" 4344
"C:/Users/Reilly/AppData/Local/Temp/UnrealXGEWorkingDir/832507FF48D3F77F0EB569A46D0ADF3B/486-xge.out" 4345
"C:/Users/Reilly/AppData/Local/Temp/UnrealXGEWorkingDir/832507FF48D3F77F0EB569A46D0ADF3B/491-xge.out" 4346
"C:/Users/Reilly/AppData/Local/Temp/UnrealXGEWorkingDir/832507FF48D3F77F0EB569A46D0ADF3B/490-xge.out" 4347
"C:/Users/Reilly/AppData/Local/Temp/UnrealXGEWorkingDir/832507FF48D3F77F0EB569A46D0ADF3B/487-xge.out" 4348
"C:/Users/Reilly/AppData/Local/Temp/UnrealXGEWorkingDir/832507FF48D3F77F0EB569A46D0ADF3B/492-xge.out" 4349
"C:/Users/Reilly/AppData/Local/Temp/UnrealXGEWorkingDir/832507FF48D3F77F0EB569A46D0ADF3B/488-xge.out" 4350
"C:/Users/Reilly/AppData/Local/Temp/UnrealXGEWorkingDir/832507FF48D3F77F0EB569A46D0ADF3B/489-xge.out" 4351
"C:/Users/Reilly/AppData/Local/Temp/UnrealXGEWorkingDir/832507FF48D3F77F0EB569A46D0ADF3B/496-xge.out" 4352
"C:/Users/Reilly/AppData/Local/Temp/UnrealXGEWorkingDir/832507FF48D3F77F0EB569A46D0ADF3B/493-xge.out" 4353
"C:/Users/Reilly/AppData/Local/Temp/UnrealXGEWorkingDir/832507FF48D3F77F0EB569A46D0ADF3B/495-xge.out" 4354
"C:/Users/Reilly/AppData/Local/Temp/UnrealXGEWorkingDir/832507FF48D3F77F0EB569A46D0ADF3B/497-xge.out" 4355
"C:/Users/Reilly/AppData/Local/Temp/UnrealXGEWorkingDir/832507FF48D3F77F0EB569A46D0ADF3B/494-xge.out" 4356
"C:/Users/Reilly/AppData/Local/Temp/UnrealXGEWorkingDir/832507FF48D3F77F0EB569A46D0ADF3B/499-xge.out" 4357
"C:/Users/Reilly/AppData/Local/Temp/UnrealXGEWorkingDir/832507FF48D3F77F0EB569A46D0ADF3B/500-xge.out" 4358
"C:/Users/Reilly/AppData/Local/Temp/UnrealXGEWorkingDir/832507FF48D3F77F0EB569A46D0ADF3B/498-xge.out" 4359
"C:/Users/Reilly/AppData/Local/Temp/UnrealXGEWorkingDir/832507FF48D3F77F0EB569A46D0ADF3B/503-xge.out" 4360
"C:/Users/Reilly/AppData/Local/Temp/UnrealXGEWorkingDir/832507FF48D3F77F0EB569A46D0ADF3B/501-xge.out" 4361
"C:/Users/Reilly/AppData/Local/Temp/UnrealXGEWorkingDir/832507FF48D3F77F0EB569A46D0ADF3B/502-xge.out" 4362
"C:/Users/Reilly/AppData/Local/Temp/UnrealXGEWorkingDir/832507FF48D3F77F0EB569A46D0ADF3B/504-xge.out" 4363
"C:/Users/Reilly/AppData/Local/Temp/UnrealXGEWorkingDir/832507FF48D3F77F0EB569A46D0ADF3B/505-xge.out" 4364
"C:/Users/Reilly/AppData/Local/Temp/UnrealXGEWorkingDir/832507FF48D3F77F0EB569A46D0ADF3B/506-xge.out" 4365
"C:/Users/Reilly/AppData/Local/Temp/UnrealXGEWorkingDir/832507FF48D3F77F0EB569A46D0ADF3B/511-xge.out" 4366
"C:/Users/Reilly/AppData/Local/Temp/UnrealXGEWorkingDir/832507FF48D3F77F0EB569A46D0ADF3B/509-xge.out" 4367
"C:/Users/Reilly/AppData/Local/Temp/UnrealXGEWorkingDir/832507FF48D3F77F0EB569A46D0ADF3B/512-xge.out" 4368
"C:/Users/Reilly/AppData/Local/Temp/UnrealXGEWorkingDir/832507FF48D3F77F0EB569A46D0ADF3B/508-xge.out" 4369
"C:/Users/Reilly/AppData/Local/Temp/UnrealXGEWorkingDir/832507FF48D3F77F0EB569A46D0ADF3B/514-xge.out" 4370
"C:/Users/Reilly/AppData/Local/Temp/UnrealXGEWorkingDir/832507FF48D3F77F0EB569A46D0ADF3B/516-xge.out" 4371
"C:/Users/Reilly/AppData/Local/Temp/UnrealXGEWorkingDir/832507FF48D3F77F0EB569A46D0ADF3B/510-xge.out" 4372
"C:/Users/Reilly/AppData/Local/Temp/UnrealXGEWorkingDir/832507FF48D3F77F0EB569A46D0ADF3B/517-xge.out" 4373
"C:/Users/Reilly/AppData/Local/Temp/UnrealXGEWorkingDir/832507FF48D3F77F0EB569A46D0ADF3B/507-xge.out" 4374
"C:/Users/Reilly/AppData/Local/Temp/UnrealXGEWorkingDir/832507FF48D3F77F0EB569A46D0ADF3B/515-xge.out" 4375
"C:/Users/Reilly/AppData/Local/Temp/UnrealXGEWorkingDir/832507FF48D3F77F0EB569A46D0ADF3B/518-xge.out" 4376
"C:/Users/Reilly/AppData/Local/Temp/UnrealXGEWorkingDir/832507FF48D3F77F0EB569A46D0ADF3B/513-xge.out" 4377
"C:/Users/Reilly/AppData/Local/Temp/UnrealXGEWorkingDir/832507FF48D3F77F0EB569A46D0ADF3B/519-xge.out" 4378
"C:/Users/Reilly/AppData/Local/Temp/UnrealXGEWorkingDir/832507FF48D3F77F0EB569A46D0ADF3B/520-xge.out" 4379
"C:/Users/Reilly/AppData/Local/Temp/UnrealXGEWorkingDir/832507FF48D3F77F0EB569A46D0ADF3B/522-xge.out" 4380
"C:/Users/Reilly/AppData/Local/Temp/UnrealXGEWorkingDir/832507FF48D3F77F0EB569A46D0ADF3B/521-xge.out" 4381
"C:/Users/Reilly/AppData/Local/Temp/UnrealXGEWorkingDir/832507FF48D3F77F0EB569A46D0ADF3B/523-xge.out" 4382
"C:/Users/Reilly/AppData/Local/Temp/UnrealXGEWorkingDir/832507FF48D3F77F0EB569A46D0ADF3B/530-xge.out" 4383
"C:/Users/Reilly/AppData/Local/Temp/UnrealXGEWorkingDir/832507FF48D3F77F0EB569A46D0ADF3B/534-xge.out" 4384
"C:/Users/Reilly/AppData/Local/Temp/UnrealXGEWorkingDir/832507FF48D3F77F0EB569A46D0ADF3B/524-xge.out" 4385
"C:/Users/Reilly/AppData/Local/Temp/UnrealXGEWorkingDir/832507FF48D3F77F0EB569A46D0ADF3B/529-xge.out" 4386
"C:/Users/Reilly/AppData/Local/Temp/UnrealXGEWorkingDir/832507FF48D3F77F0EB569A46D0ADF3B/528-xge.out" 4387
"C:/Users/Reilly/AppData/Local/Temp/UnrealXGEWorkingDir/832507FF48D3F77F0EB569A46D0ADF3B/532-xge.out" 4388
"C:/Users/Reilly/AppData/Local/Temp/UnrealXGEWorkingDir/832507FF48D3F77F0EB569A46D0ADF3B/531-xge.out" 4389
"C:/Users/Reilly/AppData/Local/Temp/UnrealXGEWorkingDir/832507FF48D3F77F0EB569A46D0ADF3B/526-xge.out" 4390
"C:/Users/Reilly/AppData/Local/Temp/UnrealXGEWorkingDir/832507FF48D3F77F0EB569A46D0ADF3B/533-xge.out" 4391
"C:/Users/Reilly/AppData/Local/Temp/UnrealXGEWorkingDir/832507FF48D3F77F0EB569A46D0ADF3B/536-xge.out" 4392
"C:/Users/Reilly/AppData/Local/Temp/UnrealXGEWorkingDir/832507FF48D3F77F0EB569A46D0ADF3B/538-xge.out" 4393
"C:/Users/Reilly/AppData/Local/Temp/UnrealXGEWorkingDir/832507FF48D3F77F0EB569A46D0ADF3B/535-xge.out" 4394
"C:/Users/Reilly/AppData/Local/Temp/UnrealXGEWorkingDir/832507FF48D3F77F0EB569A46D0ADF3B/537-xge.out" 4395
"C:/Users/Reilly/AppData/Local/Temp/UnrealXGEWorkingDir/832507FF48D3F77F0EB569A46D0ADF3B/525-xge.out" 4396
"C:/Users/Reilly/AppData/Local/Temp/UnrealXGEWorkingDir/832507FF48D3F77F0EB569A46D0ADF3B/527-xge.out" 4397
"C:/Users/Reilly/AppData/Local/Temp/UnrealXGEWorkingDir/832507FF48D3F77F0EB569A46D0ADF3B/540-xge.out" 4398
"C:/Users/Reilly/AppData/Local/Temp/UnrealXGEWorkingDir/832507FF48D3F77F0EB569A46D0ADF3B/539-xge.out" 4399
"C:/Users/Reilly/AppData/Local/Temp/UnrealXGEWorkingDir/832507FF48D3F77F0EB569A46D0ADF3B/541-xge.out" 4400
"C:/Users/Reilly/AppData/Local/Temp/UnrealXGEWorkingDir/832507FF48D3F77F0EB569A46D0ADF3B/542-xge.out" 4401
"C:/Users/Reilly/AppData/Local/Temp/UnrealXGEWorkingDir/832507FF48D3F77F0EB569A46D0ADF3B/543-xge.out" 4402
"C:/Users/Reilly/AppData/Local/Temp/UnrealXGEWorkingDir/832507FF48D3F77F0EB569A46D0ADF3B/547-xge.out" 4403
"C:/Users/Reilly/AppData/Local/Temp/UnrealXGEWorkingDir/832507FF48D3F77F0EB569A46D0ADF3B/551-xge.out" 4404
"C:/Users/Reilly/AppData/Local/Temp/UnrealXGEWorkingDir/832507FF48D3F77F0EB569A46D0ADF3B/545-xge.out" 4405
"C:/Users/Reilly/AppData/Local/Temp/UnrealXGEWorkingDir/832507FF48D3F77F0EB569A46D0ADF3B/548-xge.out" 4406
"C:/Users/Reilly/AppData/Local/Temp/UnrealXGEWorkingDir/832507FF48D3F77F0EB569A46D0ADF3B/549-xge.out" 4407
"C:/Users/Reilly/AppData/Local/Temp/UnrealXGEWorkingDir/832507FF48D3F77F0EB569A46D0ADF3B/544-xge.out" 4408
"C:/Users/Reilly/AppData/Local/Temp/UnrealXGEWorkingDir/832507FF48D3F77F0EB569A46D0ADF3B/546-xge.out" 4409
"C:/Users/Reilly/AppData/Local/Temp/UnrealXGEWorkingDir/832507FF48D3F77F0EB569A46D0ADF3B/552-xge.out" 4410
"C:/Users/Reilly/AppData/Local/Temp/UnrealXGEWorkingDir/832507FF48D3F77F0EB569A46D0ADF3B/550-xge.out" 4411
"C:/Users/Reilly/AppData/Local/Temp/UnrealXGEWorkingDir/832507FF48D3F77F0EB569A46D0ADF3B/553-xge.out" 4412
"C:/Users/Reilly/AppData/Local/Temp/UnrealXGEWorkingDir/832507FF48D3F77F0EB569A46D0ADF3B/554-xge.out" 4413
"C:/Users/Reilly/AppData/Local/Temp/UnrealXGEWorkingDir/832507FF48D3F77F0EB569A46D0ADF3B/555-xge.out" 4414
"C:/Users/Reilly/AppData/Local/Temp/UnrealXGEWorkingDir/832507FF48D3F77F0EB569A46D0ADF3B/556-xge.out" 4415
"C:/Users/Reilly/AppData/Local/Temp/UnrealXGEWorkingDir/832507FF48D3F77F0EB569A46D0ADF3B/557-xge.out" 4416
"C:/Users/Reilly/AppData/Local/Temp/UnrealXGEWorkingDir/832507FF48D3F77F0EB569A46D0ADF3B/558-xge.out" 4417
"C:/Users/Reilly/AppData/Local/Temp/UnrealXGEWorkingDir/832507FF48D3F77F0EB569A46D0ADF3B/559-xge.out" 4418
"C:/Users/Reilly/AppData/Local/Temp/UnrealXGEWorkingDir/832507FF48D3F77F0EB569A46D0ADF3B/560-xge.out" 4419
"C:/Users/Reilly/AppData/Local/Temp/UnrealXGEWorkingDir/832507FF48D3F77F0EB569A46D0ADF3B/561-xge.out" 4420
"C:/Users/Reilly/AppData/Local/Temp/UnrealXGEWorkingDir/832507FF48D3F77F0EB569A46D0ADF3B/569-xge.out" 4421
"C:/Users/Reilly/AppData/Local/Temp/UnrealXGEWorkingDir/832507FF48D3F77F0EB569A46D0ADF3B/563-xge.out" 4422
"C:/Users/Reilly/AppData/Local/Temp/UnrealXGEWorkingDir/832507FF48D3F77F0EB569A46D0ADF3B/564-xge.out" 4423
"C:/Users/Reilly/AppData/Local/Temp/UnrealXGEWorkingDir/832507FF48D3F77F0EB569A46D0ADF3B/567-xge.out" 4424
"C:/Users/Reilly/AppData/Local/Temp/UnrealXGEWorkingDir/832507FF48D3F77F0EB569A46D0ADF3B/562-xge.out" 4425
"C:/Users/Reilly/AppData/Local/Temp/UnrealXGEWorkingDir/832507FF48D3F77F0EB569A46D0ADF3B/568-xge.out" 4426
"C:/Users/Reilly/AppData/Local/Temp/UnrealXGEWorkingDir/832507FF48D3F77F0EB569A46D0ADF3B/565-xge.out" 4427
"C:/Users/Reilly/AppData/Local/Temp/UnrealXGEWorkingDir/832507FF48D3F77F0EB569A46D0ADF3B/572-xge.out" 4428
"C:/Users/Reilly/AppData/Local/Temp/UnrealXGEWorkingDir/832507FF48D3F77F0EB569A46D0ADF3B/566-xge.out" 4429
"C:/Users/Reilly/AppData/Local/Temp/UnrealXGEWorkingDir/832507FF48D3F77F0EB569A46D0ADF3B/570-xge.out" 4430
"C:/Users/Reilly/AppData/Local/Temp/UnrealXGEWorkingDir/832507FF48D3F77F0EB569A46D0ADF3B/571-xge.out" 4431
"C:/Users/Reilly/AppData/Local/Temp/UnrealXGEWorkingDir/832507FF48D3F77F0EB569A46D0ADF3B/573-xge.out" 4432
"C:/Users/Reilly/AppData/Local/Temp/UnrealXGEWorkingDir/832507FF48D3F77F0EB569A46D0ADF3B/574-xge.out" 4433
"C:/Users/Reilly/AppData/Local/Temp/UnrealXGEWorkingDir/832507FF48D3F77F0EB569A46D0ADF3B/575-xge.out" 4434
"C:/Users/Reilly/AppData/Local/Temp/UnrealXGEWorkingDir/832507FF48D3F77F0EB569A46D0ADF3B/576-xge.out" 4435
"C:/Users/Reilly/AppData/Local/Temp/UnrealXGEWorkingDir/832507FF48D3F77F0EB569A46D0ADF3B/577-xge.out" 4436
"C:/Users/Reilly/AppData/Local/Temp/UnrealXGEWorkingDir/832507FF48D3F77F0EB569A46D0ADF3B/578-xge.out" 4437
"C:/Users/Reilly/AppData/Local/Temp/UnrealXGEWorkingDir/832507FF48D3F77F0EB569A46D0ADF3B/579-xge.out" 4438
"C:/Users/Reilly/AppData/Local/Temp/UnrealXGEWorkingDir/832507FF48D3F77F0EB569A46D0ADF3B/582-xge.out" 4439
"C:/Users/Reilly/AppData/Local/Temp/UnrealXGEWorkingDir/832507FF48D3F77F0EB569A46D0ADF3B/581-xge.out" 4440
"C:/Users/Reilly/AppData/Local/Temp/UnrealXGEWorkingDir/832507FF48D3F77F0EB569A46D0ADF3B/584-xge.out" 4441
"C:/Users/Reilly/AppData/Local/Temp/UnrealXGEWorkingDir/832507FF48D3F77F0EB569A46D0ADF3B/583-xge.out" 4442
"C:/Users/Reilly/AppData/Local/Temp/UnrealXGEWorkingDir/832507FF48D3F77F0EB569A46D0ADF3B/586-xge.out" 4443
"C:/Users/Reilly/AppData/Local/Temp/UnrealXGEWorkingDir/832507FF48D3F77F0EB569A46D0ADF3B/585-xge.out" 4444
"C:/Users/Reilly/AppData/Local/Temp/UnrealXGEWorkingDir/832507FF48D3F77F0EB569A46D0ADF3B/580-xge.out" 4445
"C:/Users/Reilly/AppData/Local/Temp/UnrealXGEWorkingDir/832507FF48D3F77F0EB569A46D0ADF3B/587-xge.out" 4446
"C:/Users/Reilly/AppData/Local/Temp/UnrealXGEWorkingDir/832507FF48D3F77F0EB569A46D0ADF3B/588-xge.out" 4447
"C:/Users/Reilly/AppData/Local/Temp/UnrealXGEWorkingDir/832507FF48D3F77F0EB569A46D0ADF3B/589-xge.out" 4448
"C:/Users/Reilly/AppData/Local/Temp/UnrealXGEWorkingDir/832507FF48D3F77F0EB569A46D0ADF3B/590-xge.out" 4449
"C:/Users/Reilly/AppData/Local/Temp/UnrealXGEWorkingDir/832507FF48D3F77F0EB569A46D0ADF3B/591-xge.out" 4450
"C:/Users/Reilly/AppData/Local/Temp/UnrealXGEWorkingDir/832507FF48D3F77F0EB569A46D0ADF3B/592-xge.out" 4451
"C:/Users/Reilly/AppData/Local/Temp/UnrealXGEWorkingDir/832507FF48D3F77F0EB569A46D0ADF3B/593-xge.out" 4452
"C:/Users/Reilly/AppData/Local/Temp/UnrealXGEWorkingDir/832507FF48D3F77F0EB569A46D0ADF3B/594-xge.out" 4453
"C:/Users/Reilly/AppData/Local/Temp/UnrealXGEWorkingDir/832507FF48D3F77F0EB569A46D0ADF3B/602-xge.out" 4454
"C:/Users/Reilly/AppData/Local/Temp/UnrealXGEWorkingDir/832507FF48D3F77F0EB569A46D0ADF3B/595-xge.out" 4455
"C:/Users/Reilly/AppData/Local/Temp/UnrealXGEWorkingDir/832507FF48D3F77F0EB569A46D0ADF3B/597-xge.out" 4456
"C:/Users/Reilly/AppData/Local/Temp/UnrealXGEWorkingDir/832507FF48D3F77F0EB569A46D0ADF3B/596-xge.out" 4457
"C:/Users/Reilly/AppData/Local/Temp/UnrealXGEWorkingDir/832507FF48D3F77F0EB569A46D0ADF3B/600-xge.out" 4458
"C:/Users/Reilly/AppData/Local/Temp/UnrealXGEWorkingDir/832507FF48D3F77F0EB569A46D0ADF3B/598-xge.out" 4459
"C:/Users/Reilly/AppData/Local/Temp/UnrealXGEWorkingDir/832507FF48D3F77F0EB569A46D0ADF3B/599-xge.out" 4460
"C:/Users/Reilly/AppData/Local/Temp/UnrealXGEWorkingDir/832507FF48D3F77F0EB569A46D0ADF3B/601-xge.out" 4461
"C:/Users/Reilly/AppData/Local/Temp/UnrealXGEWorkingDir/832507FF48D3F77F0EB569A46D0ADF3B/603-xge.out" 4462
"C:/Users/Reilly/AppData/Local/Temp/UnrealXGEWorkingDir/832507FF48D3F77F0EB569A46D0ADF3B/604-xge.out" 4463
"C:/Users/Reilly/AppData/Local/Temp/UnrealXGEWorkingDir/832507FF48D3F77F0EB569A46D0ADF3B/605-xge.out" 4464
"C:/Users/Reilly/AppData/Local/Temp/UnrealXGEWorkingDir/832507FF48D3F77F0EB569A46D0ADF3B/606-xge.out" 4465
"C:/Users/Reilly/AppData/Local/Temp/UnrealXGEWorkingDir/832507FF48D3F77F0EB569A46D0ADF3B/607-xge.out" 4466
"C:/Users/Reilly/AppData/Local/Temp/UnrealXGEWorkingDir/832507FF48D3F77F0EB569A46D0ADF3B/608-xge.out" 4467
"C:/Users/Reilly/AppData/Local/Temp/UnrealXGEWorkingDir/832507FF48D3F77F0EB569A46D0ADF3B/611-xge.out" 4468
"C:/Users/Reilly/AppData/Local/Temp/UnrealXGEWorkingDir/832507FF48D3F77F0EB569A46D0ADF3B/610-xge.out" 4469
"C:/Users/Reilly/AppData/Local/Temp/UnrealXGEWorkingDir/832507FF48D3F77F0EB569A46D0ADF3B/609-xge.out" 4470
"C:/Users/Reilly/AppData/Local/Temp/UnrealXGEWorkingDir/832507FF48D3F77F0EB569A46D0ADF3B/616-xge.out" 4471
"C:/Users/Reilly/AppData/Local/Temp/UnrealXGEWorkingDir/832507FF48D3F77F0EB569A46D0ADF3B/614-xge.out" 4472
"C:/Users/Reilly/AppData/Local/Temp/UnrealXGEWorkingDir/832507FF48D3F77F0EB569A46D0ADF3B/617-xge.out" 4473
"C:/Users/Reilly/AppData/Local/Temp/UnrealXGEWorkingDir/832507FF48D3F77F0EB569A46D0ADF3B/612-xge.out" 4474
"C:/Users/Reilly/AppData/Local/Temp/UnrealXGEWorkingDir/832507FF48D3F77F0EB569A46D0ADF3B/613-xge.out" 4475
"C:/Users/Reilly/AppData/Local/Temp/UnrealXGEWorkingDir/832507FF48D3F77F0EB569A46D0ADF3B/615-xge.out" 4476
"C:/Users/Reilly/AppData/Local/Temp/UnrealXGEWorkingDir/832507FF48D3F77F0EB569A46D0ADF3B/618-xge.out" 4477
"C:/Users/Reilly/AppData/Local/Temp/UnrealXGEWorkingDir/832507FF48D3F77F0EB569A46D0ADF3B/620-xge.out" 4478
"C:/Users/Reilly/AppData/Local/Temp/UnrealXGEWorkingDir/832507FF48D3F77F0EB569A46D0ADF3B/619-xge.out" 4479
"C:/Users/Reilly/AppData/Local/Temp/UnrealXGEWorkingDir/832507FF48D3F77F0EB569A46D0ADF3B/621-xge.out" 4480
"C:/Users/Reilly/AppData/Local/Temp/UnrealXGEWorkingDir/832507FF48D3F77F0EB569A46D0ADF3B/622-xge.out" 4481
"C:/Users/Reilly/AppData/Local/Temp/UnrealXGEWorkingDir/832507FF48D3F77F0EB569A46D0ADF3B/623-xge.out" 4482
"C:/Users/Reilly/AppData/Local/Temp/UnrealXGEWorkingDir/832507FF48D3F77F0EB569A46D0ADF3B/624-xge.out" 4483
"C:/Users/Reilly/AppData/Local/Temp/UnrealXGEWorkingDir/832507FF48D3F77F0EB569A46D0ADF3B/626-xge.out" 4484
"C:/Users/Reilly/AppData/Local/Temp/UnrealXGEWorkingDir/832507FF48D3F77F0EB569A46D0ADF3B/625-xge.out" 4485
"C:/Users/Reilly/AppData/Local/Temp/UnrealXGEWorkingDir/832507FF48D3F77F0EB569A46D0ADF3B/633-xge.out" 4486
"C:/Users/Reilly/AppData/Local/Temp/UnrealXGEWorkingDir/832507FF48D3F77F0EB569A46D0ADF3B/627-xge.out" 4487
"C:/Users/Reilly/AppData/Local/Temp/UnrealXGEWorkingDir/832507FF48D3F77F0EB569A46D0ADF3B/629-xge.out" 4488
"C:/Users/Reilly/AppData/Local/Temp/UnrealXGEWorkingDir/832507FF48D3F77F0EB569A46D0ADF3B/628-xge.out" 4489
"C:/Users/Reilly/AppData/Local/Temp/UnrealXGEWorkingDir/832507FF48D3F77F0EB569A46D0ADF3B/630-xge.out" 4490
"C:/Users/Reilly/AppData/Local/Temp/UnrealXGEWorkingDir/832507FF48D3F77F0EB569A46D0ADF3B/634-xge.out" 4491
"C:/Users/Reilly/AppData/Local/Temp/UnrealXGEWorkingDir/832507FF48D3F77F0EB569A46D0ADF3B/631-xge.out" 4492
"C:/Users/Reilly/AppData/Local/Temp/UnrealXGEWorkingDir/832507FF48D3F77F0EB569A46D0ADF3B/632-xge.out" 4493
"C:/Users/Reilly/AppData/Local/Temp/UnrealXGEWorkingDir/832507FF48D3F77F0EB569A46D0ADF3B/635-xge.out" 4494
"C:/Users/Reilly/AppData/Local/Temp/UnrealXGEWorkingDir/832507FF48D3F77F0EB569A46D0ADF3B/636-xge.out" 4495
"C:/Users/Reilly/AppData/Local/Temp/UnrealXGEWorkingDir/832507FF48D3F77F0EB569A46D0ADF3B/637-xge.out" 4496
"C:/Users/Reilly/AppData/Local/Temp/UnrealXGEWorkingDir/832507FF48D3F77F0EB569A46D0ADF3B/638-xge.out" 4497
"C:/Users/Reilly/AppData/Local/Temp/UnrealXGEWorkingDir/832507FF48D3F77F0EB569A46D0ADF3B/640-xge.out" 4498
"C:/Users/Reilly/AppData/Local/Temp/UnrealXGEWorkingDir/832507FF48D3F77F0EB569A46D0ADF3B/641-xge.out" 4499
"C:/Users/Reilly/AppData/Local/Temp/UnrealXGEWorkingDir/832507FF48D3F77F0EB569A46D0ADF3B/648-xge.out" 4500
"C:/Users/Reilly/AppData/Local/Temp/UnrealXGEWorkingDir/832507FF48D3F77F0EB569A46D0ADF3B/642-xge.out" 4501
"C:/Users/Reilly/AppData/Local/Temp/UnrealXGEWorkingDir/832507FF48D3F77F0EB569A46D0ADF3B/639-xge.out" 4502
"C:/Users/Reilly/AppData/Local/Temp/UnrealXGEWorkingDir/832507FF48D3F77F0EB569A46D0ADF3B/646-xge.out" 4503
"C:/Users/Reilly/AppData/Local/Temp/UnrealXGEWorkingDir/832507FF48D3F77F0EB569A46D0ADF3B/643-xge.out" 4504
"C:/Users/Reilly/AppData/Local/Temp/UnrealXGEWorkingDir/832507FF48D3F77F0EB569A46D0ADF3B/647-xge.out" 4505
"C:/Users/Reilly/AppData/Local/Temp/UnrealXGEWorkingDir/832507FF48D3F77F0EB569A46D0ADF3B/649-xge.out" 4506
"C:/Users/Reilly/AppData/Local/Temp/UnrealXGEWorkingDir/832507FF48D3F77F0EB569A46D0ADF3B/644-xge.out" 4507
"C:/Users/Reilly/AppData/Local/Temp/UnrealXGEWorkingDir/832507FF48D3F77F0EB569A46D0ADF3B/645-xge.out" 4508
"C:/Users/Reilly/AppData/Local/Temp/UnrealXGEWorkingDir/832507FF48D3F77F0EB569A46D0ADF3B/650-xge.out" 4509
"C:/Users/Reilly/AppData/Local/Temp/UnrealXGEWorkingDir/832507FF48D3F77F0EB569A46D0ADF3B/651-xge.out" 4510
"C:/Users/Reilly/AppData/Local/Temp/UnrealXGEWorkingDir/832507FF48D3F77F0EB569A46D0ADF3B/652-xge.out" 4511
"C:/Users/Reilly/AppData/Local/Temp/UnrealXGEWorkingDir/832507FF48D3F77F0EB569A46D0ADF3B/653-xge.out" 4512
"C:/Users/Reilly/AppData/Local/Temp/UnrealXGEWorkingDir/832507FF48D3F77F0EB569A46D0ADF3B/655-xge.out" 4513
"C:/Users/Reilly/AppData/Local/Temp/UnrealXGEWorkingDir/832507FF48D3F77F0EB569A46D0ADF3B/654-xge.out" 4514
"C:/Users/Reilly/AppData/Local/Temp/UnrealXGEWorkingDir/832507FF48D3F77F0EB569A46D0ADF3B/661-xge.out" 4515
"C:/Users/Reilly/AppData/Local/Temp/UnrealXGEWorkingDir/832507FF48D3F77F0EB569A46D0ADF3B/656-xge.out" 4516
"C:/Users/Reilly/AppData/Local/Temp/UnrealXGEWorkingDir/832507FF48D3F77F0EB569A46D0ADF3B/658-xge.out" 4517
"C:/Users/Reilly/AppData/Local/Temp/UnrealXGEWorkingDir/832507FF48D3F77F0EB569A46D0ADF3B/659-xge.out" 4518
"C:/Users/Reilly/AppData/Local/Temp/UnrealXGEWorkingDir/832507FF48D3F77F0EB569A46D0ADF3B/657-xge.out" 4519
"C:/Users/Reilly/AppData/Local/Temp/UnrealXGEWorkingDir/832507FF48D3F77F0EB569A46D0ADF3B/663-xge.out" 4520
"C:/Users/Reilly/AppData/Local/Temp/UnrealXGEWorkingDir/832507FF48D3F77F0EB569A46D0ADF3B/660-xge.out" 4521
"C:/Users/Reilly/AppData/Local/Temp/UnrealXGEWorkingDir/832507FF48D3F77F0EB569A46D0ADF3B/664-xge.out" 4522
"C:/Users/Reilly/AppData/Local/Temp/UnrealXGEWorkingDir/832507FF48D3F77F0EB569A46D0ADF3B/662-xge.out" 4523
"C:/Users/Reilly/AppData/Local/Temp/UnrealXGEWorkingDir/832507FF48D3F77F0EB569A46D0ADF3B/665-xge.out" 4524
"C:/Users/Reilly/AppData/Local/Temp/UnrealXGEWorkingDir/832507FF48D3F77F0EB569A46D0ADF3B/667-xge.out" 4525
"C:/Users/Reilly/AppData/Local/Temp/UnrealXGEWorkingDir/832507FF48D3F77F0EB569A46D0ADF3B/666-xge.out" 4526
"C:/Users/Reilly/AppData/Local/Temp/UnrealXGEWorkingDir/832507FF48D3F77F0EB569A46D0ADF3B/668-xge.out" 4527
"C:/Users/Reilly/AppData/Local/Temp/UnrealXGEWorkingDir/832507FF48D3F77F0EB569A46D0ADF3B/669-xge.out" 4528
"C:/Users/Reilly/AppData/Local/Temp/UnrealXGEWorkingDir/832507FF48D3F77F0EB569A46D0ADF3B/670-xge.out" 4529
"C:/Users/Reilly/AppData/Local/Temp/UnrealXGEWorkingDir/832507FF48D3F77F0EB569A46D0ADF3B/673-xge.out" 4530
"C:/Users/Reilly/AppData/Local/Temp/UnrealXGEWorkingDir/832507FF48D3F77F0EB569A46D0ADF3B/672-xge.out" 4531
"C:/Users/Reilly/AppData/Local/Temp/UnrealXGEWorkingDir/832507FF48D3F77F0EB569A46D0ADF3B/674-xge.out" 4532
"C:/Users/Reilly/AppData/Local/Temp/UnrealXGEWorkingDir/832507FF48D3F77F0EB569A46D0ADF3B/676-xge.out" 4533
"C:/Users/Reilly/AppData/Local/Temp/UnrealXGEWorkingDir/832507FF48D3F77F0EB569A46D0ADF3B/678-xge.out" 4534
"C:/Users/Reilly/AppData/Local/Temp/UnrealXGEWorkingDir/832507FF48D3F77F0EB569A46D0ADF3B/677-xge.out" 4535
"C:/Users/Reilly/AppData/Local/Temp/UnrealXGEWorkingDir/832507FF48D3F77F0EB569A46D0ADF3B/671-xge.out" 4536
"C:/Users/Reilly/AppData/Local/Temp/UnrealXGEWorkingDir/832507FF48D3F77F0EB569A46D0ADF3B/675-xge.out" 4537
"C:/Users/Reilly/AppData/Local/Temp/UnrealXGEWorkingDir/832507FF48D3F77F0EB569A46D0ADF3B/679-xge.out" 4538
"C:/Users/Reilly/AppData/Local/Temp/UnrealXGEWorkingDir/832507FF48D3F77F0EB569A46D0ADF3B/680-xge.out" 4539
"C:/Users/Reilly/AppData/Local/Temp/UnrealXGEWorkingDir/832507FF48D3F77F0EB569A46D0ADF3B/681-xge.out" 4540
"C:/Users/Reilly/AppData/Local/Temp/UnrealXGEWorkingDir/832507FF48D3F77F0EB569A46D0ADF3B/683-xge.out" 4541
"C:/Users/Reilly/AppData/Local/Temp/UnrealXGEWorkingDir/832507FF48D3F77F0EB569A46D0ADF3B/682-xge.out" 4542
"C:/Users/Reilly/AppData/Local/Temp/UnrealXGEWorkingDir/832507FF48D3F77F0EB569A46D0ADF3B/684-xge.out" 4543
"C:/Users/Reilly/AppData/Local/Temp/UnrealXGEWorkingDir/832507FF48D3F77F0EB569A46D0ADF3B/686-xge.out" 4544
"C:/Users/Reilly/AppData/Local/Temp/UnrealXGEWorkingDir/832507FF48D3F77F0EB569A46D0ADF3B/685-xge.out" 4545
"C:/Users/Reilly/AppData/Local/Temp/UnrealXGEWorkingDir/832507FF48D3F77F0EB569A46D0ADF3B/692-xge.out" 4546
"C:/Users/Reilly/AppData/Local/Temp/UnrealXGEWorkingDir/832507FF48D3F77F0EB569A46D0ADF3B/696-xge.out" 4547
"C:/Users/Reilly/AppData/Local/Temp/UnrealXGEWorkingDir/832507FF48D3F77F0EB569A46D0ADF3B/698-xge.out" 4548
"C:/Users/Reilly/AppData/Local/Temp/UnrealXGEWorkingDir/832507FF48D3F77F0EB569A46D0ADF3B/694-xge.out" 4549
"C:/Users/Reilly/AppData/Local/Temp/UnrealXGEWorkingDir/832507FF48D3F77F0EB569A46D0ADF3B/695-xge.out" 4550
"C:/Users/Reilly/AppData/Local/Temp/UnrealXGEWorkingDir/832507FF48D3F77F0EB569A46D0ADF3B/691-xge.out" 4551
"C:/Users/Reilly/AppData/Local/Temp/UnrealXGEWorkingDir/832507FF48D3F77F0EB569A46D0ADF3B/688-xge.out" 4552
"C:/Users/Reilly/AppData/Local/Temp/UnrealXGEWorkingDir/832507FF48D3F77F0EB569A46D0ADF3B/690-xge.out" 4553
"C:/Users/Reilly/AppData/Local/Temp/UnrealXGEWorkingDir/832507FF48D3F77F0EB569A46D0ADF3B/693-xge.out" 4554
"C:/Users/Reilly/AppData/Local/Temp/UnrealXGEWorkingDir/832507FF48D3F77F0EB569A46D0ADF3B/687-xge.out" 4555
"C:/Users/Reilly/AppData/Local/Temp/UnrealXGEWorkingDir/832507FF48D3F77F0EB569A46D0ADF3B/689-xge.out" 4556
"C:/Users/Reilly/AppData/Local/Temp/UnrealXGEWorkingDir/832507FF48D3F77F0EB569A46D0ADF3B/697-xge.out" 4557
"C:/Users/Reilly/AppData/Local/Temp/UnrealXGEWorkingDir/832507FF48D3F77F0EB569A46D0ADF3B/701-xge.out" 4558
"C:/Users/Reilly/AppData/Local/Temp/UnrealXGEWorkingDir/832507FF48D3F77F0EB569A46D0ADF3B/700-xge.out" 4559
"C:/Users/Reilly/AppData/Local/Temp/UnrealXGEWorkingDir/832507FF48D3F77F0EB569A46D0ADF3B/699-xge.out" 4560
